PULocationID,hour,day_of_week,trip_count
1,0,6,1
1,15,1,1
1,16,1,1
1,18,5,1
1,21,3,1
1,23,0,1
1,23,3,1
1,23,6,1
2,6,4,1
2,10,5,1
2,18,6,1
3,0,3,1
3,3,1,2
3,3,2,1
3,3,3,2
3,3,6,2
3,4,0,1
3,4,2,2
3,4,3,1
3,4,4,1
3,5,0,1
3,5,1,4
3,5,2,4
3,5,3,3
3,5,4,2
3,5,5,1
3,6,0,5
3,6,1,10
3,6,2,3
3,6,3,8
3,6,4,7
3,6,6,2
3,7,0,3
3,7,1,7
3,7,2,11
3,7,3,3
3,7,4,5
3,7,5,2
3,8,0,1
3,8,1,3
3,8,2,2
3,8,3,2
3,8,4,4
3,8,5,1
3,8,6,1
3,9,0,4
3,9,1,7
3,9,2,4
3,9,3,5
3,9,4,6
3,9,5,1
3,10,0,2
3,10,1,2
3,10,2,3
3,10,3,8
3,10,4,3
3,10,5,3
3,11,0,2
3,11,1,2
3,11,2,1
3,11,3,4
3,11,4,2
3,11,5,3
3,11,6,1
3,12,0,2
3,12,1,2
3,12,2,3
3,12,3,4
3,12,4,5
3,12,5,3
3,12,6,2
3,13,0,2
3,13,1,4
3,13,2,3
3,13,3,3
3,13,4,6
3,13,5,3
3,13,6,1
3,14,0,2
3,14,1,3
3,14,2,2
3,14,3,2
3,14,4,2
3,14,5,2
3,15,0,1
3,15,1,2
3,15,2,3
3,15,5,3
3,16,0,1
3,16,2,2
3,16,3,2
3,16,4,3
3,17,0,1
3,17,1,2
3,17,2,3
3,17,4,1
3,17,5,1
3,18,1,2
3,18,3,1
3,18,4,3
3,18,5,1
3,19,4,2
3,20,5,1
3,21,2,1
3,21,3,2
3,22,4,1
3,22,5,1
3,22,6,1
4,0,0,6
4,0,1,6
4,0,2,19
4,0,3,35
4,0,4,42
4,0,5,176
4,0,6,153
4,1,0,10
4,1,1,13
4,1,2,15
4,1,3,40
4,1,4,52
4,1,5,254
4,1,6,198
4,2,0,2
4,2,1,16
4,2,2,6
4,2,3,37
4,2,4,34
4,2,5,216
4,2,6,192
4,3,1,1
4,3,2,2
4,3,3,30
4,3,4,13
4,3,5,128
4,3,6,89
4,4,0,2
4,4,1,2
4,4,2,1
4,4,3,25
4,4,4,3
4,4,5,47
4,4,6,45
4,5,0,1
4,5,1,2
4,5,2,2
4,5,3,6
4,5,4,4
4,5,5,1
4,5,6,2
4,6,0,4
4,6,1,3
4,6,2,5
4,6,3,5
4,6,4,1
4,6,5,1
4,7,0,5
4,7,1,7
4,7,2,11
4,7,3,14
4,7,4,7
4,7,5,5
4,7,6,3
4,8,0,9
4,8,1,11
4,8,2,12
4,8,3,15
4,8,4,14
4,8,5,4
4,8,6,5
4,9,0,7
4,9,1,17
4,9,2,14
4,9,3,9
4,9,4,14
4,9,5,9
4,9,6,7
4,10,0,9
4,10,1,11
4,10,2,11
4,10,3,17
4,10,4,18
4,10,5,13
4,10,6,6
4,11,0,14
4,11,1,4
4,11,2,6
4,11,3,13
4,11,4,12
4,11,5,16
4,11,6,10
4,12,0,5
4,12,1,7
4,12,2,14
4,12,3,14
4,12,4,10
4,12,5,19
4,12,6,8
4,13,0,7
4,13,1,9
4,13,2,10
4,13,3,12
4,13,4,14
4,13,5,15
4,13,6,8
4,14,0,3
4,14,1,16
4,14,2,15
4,14,3,21
4,14,4,17
4,14,5,15
4,14,6,6
4,15,0,11
4,15,1,13
4,15,2,14
4,15,3,14
4,15,4,15
4,15,5,11
4,15,6,7
4,16,0,5
4,16,1,8
4,16,2,3
4,16,3,6
4,16,4,11
4,16,5,21
4,16,6,5
4,17,0,11
4,17,1,7
4,17,2,9
4,17,3,15
4,17,4,17
4,17,5,17
4,17,6,7
4,18,0,9
4,18,1,10
4,18,2,11
4,18,3,17
4,18,4,9
4,18,5,16
4,18,6,6
4,19,0,9
4,19,1,8
4,19,2,10
4,19,3,19
4,19,4,22
4,19,5,24
4,19,6,11
4,20,0,6
4,20,1,14
4,20,2,10
4,20,3,26
4,20,4,27
4,20,5,24
4,20,6,5
4,21,0,7
4,21,1,15
4,21,2,15
4,21,3,23
4,21,4,43
4,21,5,42
4,21,6,9
4,22,0,7
4,22,1,10
4,22,2,11
4,22,3,30
4,22,4,75
4,22,5,69
4,22,6,4
4,23,0,6
4,23,1,17
4,23,2,9
4,23,3,29
4,23,4,109
4,23,5,129
4,23,6,10
5,4,4,1
5,14,3,1
5,19,3,1
6,1,2,1
6,3,3,1
6,6,1,1
6,11,4,1
6,12,2,1
6,12,3,1
6,13,4,1
6,13,6,1
6,14,4,1
6,14,5,1
6,15,1,1
6,15,4,1
6,16,0,1
6,16,1,2
6,16,3,2
6,16,5,1
6,16,6,1
6,18,5,2
7,0,0,2
7,0,1,1
7,0,2,2
7,0,3,5
7,0,4,1
7,0,5,8
7,0,6,8
7,1,0,2
7,1,1,1
7,1,2,1
7,1,3,6
7,1,4,2
7,1,5,6
7,1,6,2
7,2,0,1
7,2,1,1
7,2,3,3
7,2,5,3
7,2,6,2
7,3,2,1
7,3,3,3
7,3,5,3
7,3,6,4
7,4,1,2
7,4,2,2
7,4,3,6
7,4,4,2
7,4,5,3
7,4,6,4
7,5,0,2
7,5,1,5
7,5,2,5
7,5,3,7
7,5,4,6
7,5,5,3
7,5,6,2
7,6,0,8
7,6,1,10
7,6,2,9
7,6,3,12
7,6,4,14
7,6,5,6
7,6,6,4
7,7,0,8
7,7,1,10
7,7,2,10
7,7,3,11
7,7,4,11
7,7,5,7
7,7,6,8
7,8,0,13
7,8,1,10
7,8,2,12
7,8,3,13
7,8,4,17
7,8,5,10
7,8,6,6
7,9,0,8
7,9,1,10
7,9,2,12
7,9,3,13
7,9,4,14
7,9,5,14
7,9,6,5
7,10,0,9
7,10,1,12
7,10,2,6
7,10,3,16
7,10,4,15
7,10,5,9
7,10,6,6
7,11,0,10
7,11,1,11
7,11,2,7
7,11,3,6
7,11,4,11
7,11,5,16
7,11,6,5
7,12,0,5
7,12,1,15
7,12,2,11
7,12,3,14
7,12,4,11
7,12,5,10
7,12,6,6
7,13,0,15
7,13,1,11
7,13,2,14
7,13,3,11
7,13,4,10
7,13,5,7
7,13,6,5
7,14,0,13
7,14,1,13
7,14,2,15
7,14,3,13
7,14,4,14
7,14,5,9
7,14,6,7
7,15,0,9
7,15,1,14
7,15,2,14
7,15,3,14
7,15,4,18
7,15,5,14
7,15,6,9
7,16,0,8
7,16,1,9
7,16,2,7
7,16,3,10
7,16,4,11
7,16,5,6
7,16,6,6
7,17,0,4
7,17,1,4
7,17,2,4
7,17,3,13
7,17,4,10
7,17,5,3
7,17,6,5
7,18,0,9
7,18,1,5
7,18,2,12
7,18,3,7
7,18,4,12
7,18,5,1
7,18,6,4
7,19,0,4
7,19,1,3
7,19,2,5
7,19,3,5
7,19,4,6
7,19,5,5
7,19,6,5
7,20,0,4
7,20,1,6
7,20,2,6
7,20,3,5
7,20,4,8
7,20,5,8
7,20,6,1
7,21,0,2
7,21,1,4
7,21,2,2
7,21,3,2
7,21,4,8
7,21,5,9
7,21,6,2
7,22,0,3
7,22,1,4
7,22,2,1
7,22,3,7
7,22,4,5
7,22,5,2
7,23,0,2
7,23,1,2
7,23,2,2
7,23,3,5
7,23,4,10
7,23,5,4
8,6,6,1
8,9,2,1
8,9,5,1
8,9,6,1
8,11,2,1
8,11,4,1
8,12,5,1
8,15,2,1
8,15,4,1
8,16,0,1
8,17,0,1
8,17,3,1
8,18,2,1
9,3,3,1
9,4,1,1
9,4,3,1
9,5,0,1
9,5,1,2
9,5,3,1
9,7,1,1
9,7,3,2
9,8,0,1
9,8,1,2
9,8,2,2
9,8,5,1
9,9,0,3
9,9,1,2
9,9,2,1
9,9,3,1
9,9,4,4
9,9,5,1
9,10,1,2
9,10,3,1
9,10,4,1
9,10,5,1
9,11,1,3
9,11,2,2
9,11,3,4
9,11,4,1
9,12,0,1
9,12,1,1
9,12,2,2
9,12,3,1
9,13,4,3
9,14,0,1
9,14,1,1
9,14,2,2
9,14,4,1
9,15,1,2
9,15,6,1
9,16,1,1
9,16,4,1
9,17,0,1
9,17,3,3
9,18,2,1
9,18,3,1
9,18,4,3
9,19,4,1
9,20,0,1
9,21,2,1
10,0,0,2
10,0,1,6
10,0,2,1
10,0,3,2
10,0,4,2
10,0,5,1
10,0,6,2
10,1,0,3
10,1,1,4
10,1,2,2
10,1,3,1
10,1,4,2
10,1,5,1
10,1,6,1
10,2,0,1
10,2,1,1
10,2,2,1
10,2,4,2
10,3,1,1
10,3,2,2
10,3,3,2
10,3,6,1
10,4,0,1
10,4,1,2
10,4,2,2
10,4,3,6
10,4,4,3
10,5,0,2
10,5,1,9
10,5,2,12
10,5,3,9
10,5,4,11
10,5,5,4
10,5,6,1
10,6,0,14
10,6,1,20
10,6,2,21
10,6,3,14
10,6,4,21
10,6,5,2
10,6,6,5
10,7,0,10
10,7,1,16
10,7,2,8
10,7,3,10
10,7,4,14
10,7,5,7
10,7,6,3
10,8,0,7
10,8,1,15
10,8,2,9
10,8,3,10
10,8,4,7
10,8,5,11
10,8,6,4
10,9,0,3
10,9,1,13
10,9,2,8
10,9,3,15
10,9,4,9
10,9,5,6
10,9,6,2
10,10,0,6
10,10,1,9
10,10,2,2
10,10,3,17
10,10,4,8
10,10,5,3
10,10,6,9
10,11,0,4
10,11,1,5
10,11,2,2
10,11,3,9
10,11,4,9
10,11,5,3
10,11,6,8
10,12,0,6
10,12,1,9
10,12,2,8
10,12,3,7
10,12,4,9
10,12,5,10
10,12,6,6
10,13,0,3
10,13,1,6
10,13,2,7
10,13,3,6
10,13,4,12
10,13,5,9
10,13,6,6
10,14,0,6
10,14,1,3
10,14,2,8
10,14,3,8
10,14,4,15
10,14,5,10
10,14,6,9
10,15,0,13
10,15,1,10
10,15,2,8
10,15,3,12
10,15,4,14
10,15,5,7
10,15,6,11
10,16,0,10
10,16,1,12
10,16,2,9
10,16,3,18
10,16,4,28
10,16,5,8
10,16,6,7
10,17,0,7
10,17,1,4
10,17,2,10
10,17,3,11
10,17,4,8
10,17,5,8
10,17,6,7
10,18,0,10
10,18,1,3
10,18,2,5
10,18,3,8
10,18,4,4
10,18,5,7
10,18,6,5
10,19,0,5
10,19,1,3
10,19,2,7
10,19,3,6
10,19,4,4
10,19,5,6
10,19,6,3
10,20,0,7
10,20,1,9
10,20,2,6
10,20,3,9
10,20,4,6
10,20,5,6
10,20,6,6
10,21,0,3
10,21,1,5
10,21,2,7
10,21,3,7
10,21,4,6
10,21,5,6
10,21,6,4
10,22,0,8
10,22,1,6
10,22,2,2
10,22,3,4
10,22,4,8
10,22,5,5
10,22,6,10
10,23,0,5
10,23,1,1
10,23,2,3
10,23,3,8
10,23,4,3
10,23,5,8
11,5,0,4
11,5,1,6
11,5,3,4
11,5,4,6
11,5,5,1
11,6,0,2
11,6,1,1
11,6,2,2
11,6,4,1
11,7,0,2
11,7,2,3
11,7,3,6
11,7,4,4
11,8,0,1
11,8,2,2
11,8,3,3
11,8,4,4
11,8,5,1
11,9,0,5
11,9,1,3
11,9,2,9
11,9,3,3
11,9,4,8
11,9,5,6
11,9,6,1
11,10,0,2
11,10,1,3
11,10,3,2
11,10,4,2
11,11,0,3
11,11,1,2
11,11,2,2
11,11,4,1
11,11,6,1
11,12,1,2
11,12,2,5
11,12,3,3
11,12,4,3
11,13,1,5
11,13,2,1
11,13,3,1
11,13,5,1
11,13,6,1
11,14,0,2
11,14,1,2
11,14,2,2
11,14,3,6
11,14,4,7
11,15,0,1
11,15,1,1
11,15,2,2
11,15,3,2
11,15,4,4
11,15,5,1
11,15,6,1
11,16,6,1
11,17,0,2
11,17,1,1
11,17,3,1
11,17,4,2
11,17,5,3
11,17,6,1
11,18,3,1
11,18,4,1
11,21,4,1
12,0,3,1
12,0,6,1
12,2,3,1
12,6,6,1
12,7,2,2
12,8,1,1
12,8,2,2
12,8,4,1
12,8,5,3
12,9,0,3
12,9,1,5
12,9,2,2
12,9,3,2
12,9,4,4
12,9,5,1
12,10,0,1
12,10,1,1
12,10,2,4
12,10,3,4
12,10,4,2
12,10,5,5
12,11,0,2
12,11,1,1
12,11,2,1
12,11,3,2
12,11,4,7
12,11,5,7
12,11,6,3
12,12,0,6
12,12,1,4
12,12,2,1
12,12,3,11
12,12,4,11
12,12,5,10
12,12,6,9
12,13,0,10
12,13,1,1
12,13,2,10
12,13,3,13
12,13,4,14
12,13,5,5
12,13,6,7
12,14,0,7
12,14,1,4
12,14,2,2
12,14,3,14
12,14,4,11
12,14,5,10
12,14,6,12
12,15,0,7
12,15,1,5
12,15,2,2
12,15,3,7
12,15,4,12
12,15,5,9
12,15,6,7
12,16,0,4
12,16,1,8
12,16,2,5
12,16,3,11
12,16,4,17
12,16,5,18
12,16,6,11
12,17,0,2
12,17,1,2
12,17,2,1
12,17,3,5
12,17,4,9
12,17,5,7
12,17,6,3
12,18,1,2
12,18,2,1
12,18,3,3
12,18,4,3
12,18,5,3
12,18,6,1
12,19,0,1
12,19,1,2
12,19,3,3
12,20,0,1
12,20,3,2
12,21,1,3
12,21,4,4
12,22,2,2
12,22,3,2
12,22,5,2
12,23,1,1
12,23,2,1
12,23,3,1
12,23,4,1
13,0,0,2
13,0,1,3
13,0,2,1
13,0,3,11
13,0,4,7
13,0,5,7
13,0,6,6
13,1,2,1
13,1,3,4
13,1,4,1
13,1,5,1
13,1,6,3
13,2,1,1
13,2,3,6
13,2,4,1
13,2,5,2
13,2,6,1
13,3,3,2
13,3,4,2
13,3,5,2
13,3,6,2
13,4,1,2
13,4,2,2
13,4,3,5
13,4,4,4
13,4,5,3
13,4,6,2
13,5,0,5
13,5,1,7
13,5,2,9
13,5,3,10
13,5,4,5
13,5,5,1
13,5,6,1
13,6,0,11
13,6,1,17
13,6,2,29
13,6,3,24
13,6,4,28
13,6,5,7
13,6,6,5
13,7,0,38
13,7,1,61
13,7,2,89
13,7,3,69
13,7,4,57
13,7,5,16
13,7,6,5
13,8,0,66
13,8,1,151
13,8,2,141
13,8,3,140
13,8,4,108
13,8,5,32
13,8,6,10
13,9,0,63
13,9,1,100
13,9,2,133
13,9,3,126
13,9,4,100
13,9,5,41
13,9,6,23
13,10,0,56
13,10,1,81
13,10,2,95
13,10,3,93
13,10,4,92
13,10,5,70
13,10,6,38
13,11,0,60
13,11,1,74
13,11,2,99
13,11,3,107
13,11,4,91
13,11,5,91
13,11,6,57
13,12,0,75
13,12,1,89
13,12,2,119
13,12,3,135
13,12,4,128
13,12,5,113
13,12,6,59
13,13,0,64
13,13,1,95
13,13,2,124
13,13,3,186
13,13,4,137
13,13,5,109
13,13,6,61
13,14,0,78
13,14,1,87
13,14,2,137
13,14,3,159
13,14,4,152
13,14,5,109
13,14,6,77
13,15,0,83
13,15,1,125
13,15,2,161
13,15,3,167
13,15,4,178
13,15,5,129
13,15,6,62
13,16,0,105
13,16,1,152
13,16,2,204
13,16,3,253
13,16,4,183
13,16,5,126
13,16,6,57
13,17,0,136
13,17,1,226
13,17,2,240
13,17,3,272
13,17,4,277
13,17,5,95
13,17,6,54
13,18,0,157
13,18,1,190
13,18,2,223
13,18,3,254
13,18,4,259
13,18,5,118
13,18,6,39
13,19,0,83
13,19,1,169
13,19,2,227
13,19,3,200
13,19,4,181
13,19,5,82
13,19,6,18
13,20,0,74
13,20,1,137
13,20,2,164
13,20,3,155
13,20,4,117
13,20,5,66
13,20,6,17
13,21,0,44
13,21,1,83
13,21,2,93
13,21,3,109
13,21,4,79
13,21,5,52
13,21,6,14
13,22,0,15
13,22,1,52
13,22,2,48
13,22,3,46
13,22,4,46
13,22,5,40
13,22,6,6
13,23,0,1
13,23,1,14
13,23,2,16
13,23,3,19
13,23,4,21
13,23,5,27
13,23,6,4
14,0,1,2
14,0,2,1
14,0,3,1
14,0,4,1
14,0,5,2
14,0,6,2
14,1,0,1
14,1,4,1
14,1,5,1
14,1,6,1
14,2,3,2
14,3,0,2
14,3,1,4
14,3,2,4
14,3,3,3
14,3,4,3
14,3,5,4
14,3,6,4
14,4,1,2
14,4,2,4
14,4,3,2
14,4,4,4
14,4,5,2
14,4,6,2
14,5,0,1
14,5,1,2
14,5,2,1
14,5,3,2
14,5,4,2
14,5,5,1
14,6,0,4
14,6,1,4
14,6,2,5
14,6,3,7
14,6,4,6
14,6,5,1
14,7,0,10
14,7,1,17
14,7,2,24
14,7,3,7
14,7,4,13
14,7,5,3
14,7,6,3
14,8,0,9
14,8,1,6
14,8,2,8
14,8,3,7
14,8,4,13
14,8,5,3
14,8,6,4
14,9,0,8
14,9,1,8
14,9,2,7
14,9,3,9
14,9,4,16
14,9,5,4
14,9,6,4
14,10,0,7
14,10,1,15
14,10,2,13
14,10,3,12
14,10,4,18
14,10,5,6
14,10,6,2
14,11,0,13
14,11,1,23
14,11,2,12
14,11,3,15
14,11,4,11
14,11,5,8
14,11,6,4
14,12,0,13
14,12,1,16
14,12,2,16
14,12,3,21
14,12,4,16
14,12,5,12
14,12,6,1
14,13,0,8
14,13,1,11
14,13,2,13
14,13,3,20
14,13,4,14
14,13,5,5
14,13,6,3
14,14,0,5
14,14,1,9
14,14,2,15
14,14,3,15
14,14,4,12
14,14,5,3
14,14,6,2
14,15,0,4
14,15,1,12
14,15,2,13
14,15,3,11
14,15,4,11
14,15,5,4
14,15,6,3
14,16,0,5
14,16,1,3
14,16,2,5
14,16,3,6
14,16,4,5
14,16,5,2
14,17,0,2
14,17,1,1
14,17,2,3
14,17,3,3
14,17,4,3
14,17,5,6
14,18,0,3
14,18,1,2
14,18,2,3
14,18,3,3
14,18,4,2
14,18,5,2
14,18,6,2
14,19,0,4
14,19,1,2
14,19,3,10
14,19,4,3
14,19,5,1
14,19,6,2
14,20,1,1
14,20,3,2
14,20,4,2
14,20,5,1
14,20,6,2
14,21,0,1
14,21,2,2
14,21,3,1
14,21,4,1
14,21,5,2
14,22,1,2
14,22,2,2
14,22,6,2
14,23,0,1
14,23,2,2
14,23,3,1
14,23,4,1
14,23,6,1
15,1,5,1
15,1,6,1
15,5,2,1
15,5,4,1
15,6,1,1
15,6,6,1
15,7,0,2
15,7,4,4
15,7,5,1
15,8,0,2
15,8,1,1
15,8,3,1
15,8,4,1
15,9,0,2
15,9,1,1
15,9,2,2
15,9,3,1
15,9,5,1
15,10,0,2
15,10,1,1
15,10,2,1
15,10,3,1
15,11,0,2
15,11,1,1
15,11,3,1
15,11,4,2
15,12,1,4
15,12,3,1
15,12,5,2
15,13,0,1
15,13,1,2
15,13,3,1
15,13,5,2
15,14,1,3
15,14,5,1
15,14,6,1
15,15,0,1
15,15,2,1
15,15,4,1
15,16,0,1
15,16,1,1
15,16,5,1
15,17,0,1
15,17,3,2
15,18,3,1
15,18,4,1
15,19,3,1
15,19,4,1
15,19,5,1
15,20,4,1
15,20,5,1
15,21,2,1
16,3,4,1
16,5,2,1
16,5,4,2
16,6,0,1
16,6,1,2
16,6,2,1
16,6,3,2
16,6,4,3
16,7,0,2
16,7,1,1
16,7,2,1
16,7,3,2
16,7,4,4
16,7,5,3
16,8,0,1
16,8,1,1
16,8,2,3
16,8,3,1
16,8,4,2
16,9,1,3
16,9,2,1
16,9,3,1
16,9,4,2
16,9,6,1
16,10,0,1
16,10,1,1
16,10,4,1
16,11,3,4
16,11,4,1
16,11,5,1
16,11,6,1
16,12,0,3
16,12,2,3
16,12,4,2
16,13,0,1
16,13,1,2
16,13,2,1
16,13,3,4
16,13,4,2
16,13,5,2
16,14,0,1
16,14,1,1
16,14,2,3
16,14,3,3
16,14,4,4
16,14,6,1
16,15,0,1
16,15,1,3
16,15,2,1
16,15,3,4
16,15,4,3
16,15,6,1
16,16,0,2
16,16,1,2
16,16,2,3
16,16,3,1
16,16,4,1
16,16,5,1
16,16,6,1
16,17,4,1
16,18,0,2
16,19,2,1
16,19,4,1
16,20,0,1
16,20,1,4
16,20,3,4
16,20,4,1
16,20,6,1
16,21,2,1
16,23,1,1
17,0,2,4
17,0,3,1
17,0,5,3
17,1,4,3
17,1,5,2
17,1,6,3
17,2,0,1
17,2,2,1
17,2,3,3
17,2,4,1
17,3,1,1
17,3,2,1
17,3,3,1
17,3,4,1
17,3,5,4
17,4,0,2
17,4,1,4
17,4,2,7
17,4,3,5
17,4,4,4
17,4,5,3
17,4,6,2
17,5,0,3
17,5,1,9
17,5,2,4
17,5,3,6
17,5,4,8
17,5,5,1
17,5,6,3
17,6,0,7
17,6,1,14
17,6,2,10
17,6,3,10
17,6,4,9
17,6,5,3
17,6,6,2
17,7,0,7
17,7,1,10
17,7,2,19
17,7,3,11
17,7,4,16
17,7,5,1
17,7,6,4
17,8,0,8
17,8,1,14
17,8,2,21
17,8,3,15
17,8,4,14
17,8,5,6
17,8,6,2
17,9,0,16
17,9,1,10
17,9,2,16
17,9,3,17
17,9,4,27
17,9,5,6
17,9,6,10
17,10,0,10
17,10,1,11
17,10,2,15
17,10,3,12
17,10,4,18
17,10,5,12
17,10,6,7
17,11,0,8
17,11,1,13
17,11,2,11
17,11,3,19
17,11,4,13
17,11,5,4
17,11,6,5
17,12,0,10
17,12,1,14
17,12,2,15
17,12,3,22
17,12,4,15
17,12,5,5
17,12,6,7
17,13,0,7
17,13,1,12
17,13,2,22
17,13,3,9
17,13,4,16
17,13,5,11
17,13,6,7
17,14,0,7
17,14,1,10
17,14,2,5
17,14,3,16
17,14,4,18
17,14,5,7
17,14,6,9
17,15,0,2
17,15,1,4
17,15,2,11
17,15,3,12
17,15,4,12
17,15,5,7
17,15,6,8
17,16,0,6
17,16,1,10
17,16,2,8
17,16,3,5
17,16,4,6
17,16,5,4
17,16,6,3
17,17,0,6
17,17,1,6
17,17,2,12
17,17,3,8
17,17,4,11
17,17,5,4
17,17,6,8
17,18,0,1
17,18,1,4
17,18,2,5
17,18,3,5
17,18,4,5
17,18,5,5
17,18,6,1
17,19,0,4
17,19,1,3
17,19,2,3
17,19,3,4
17,19,4,6
17,19,5,10
17,19,6,3
17,20,0,3
17,20,1,1
17,20,2,2
17,20,3,2
17,20,4,7
17,20,5,5
17,21,0,1
17,21,1,2
17,21,3,5
17,21,4,2
17,21,5,4
17,21,6,3
17,22,1,1
17,22,3,5
17,22,4,3
17,22,5,5
17,23,0,1
17,23,3,1
17,23,4,5
17,23,5,4
18,0,3,1
18,1,6,1
18,3,0,1
18,3,3,3
18,3,5,1
18,3,6,1
18,4,0,5
18,4,1,5
18,4,2,6
18,4,3,7
18,4,4,5
18,5,0,8
18,5,1,9
18,5,2,8
18,5,3,4
18,5,4,10
18,5,5,1
18,6,0,3
18,6,1,4
18,6,2,10
18,6,3,9
18,6,4,14
18,6,5,2
18,6,6,1
18,7,0,5
18,7,1,6
18,7,2,9
18,7,3,11
18,7,4,4
18,7,6,1
18,8,0,8
18,8,1,8
18,8,2,8
18,8,3,6
18,8,4,10
18,8,5,7
18,8,6,1
18,9,0,6
18,9,1,8
18,9,2,8
18,9,3,13
18,9,4,6
18,9,5,6
18,9,6,4
18,10,0,2
18,10,1,5
18,10,2,11
18,10,3,8
18,10,4,11
18,10,5,6
18,10,6,3
18,11,0,1
18,11,1,5
18,11,2,3
18,11,3,5
18,11,4,14
18,11,5,3
18,11,6,2
18,12,0,5
18,12,1,8
18,12,2,7
18,12,3,8
18,12,4,4
18,12,5,2
18,12,6,2
18,13,0,2
18,13,1,8
18,13,2,3
18,13,3,7
18,13,4,7
18,13,5,3
18,13,6,3
18,14,0,6
18,14,1,8
18,14,2,9
18,14,3,6
18,14,4,16
18,14,5,2
18,14,6,3
18,15,0,3
18,15,1,5
18,15,2,9
18,15,3,6
18,15,4,5
18,15,5,6
18,15,6,5
18,16,0,1
18,16,1,5
18,16,2,4
18,16,3,4
18,16,4,6
18,16,5,2
18,16,6,2
18,17,0,2
18,17,1,3
18,17,2,1
18,17,3,1
18,17,4,1
18,17,5,4
18,17,6,3
18,18,0,1
18,18,1,3
18,18,2,1
18,18,3,3
18,18,4,2
18,19,0,2
18,19,1,2
18,19,3,1
18,19,5,3
18,19,6,2
18,20,3,2
18,20,4,1
18,20,5,3
18,21,3,1
18,21,4,1
18,22,5,1
18,22,6,1
18,23,0,1
18,23,5,1
19,0,4,1
19,1,3,1
19,4,0,1
19,5,0,1
19,5,1,1
19,5,2,1
19,5,3,1
19,5,4,1
19,5,5,1
19,6,0,1
19,6,1,1
19,6,2,3
19,6,3,4
19,6,4,2
19,7,1,1
19,7,2,2
19,7,3,2
19,7,4,5
19,7,5,1
19,7,6,1
19,8,1,2
19,8,2,3
19,8,3,3
19,8,4,1
19,8,5,1
19,9,0,1
19,9,1,1
19,9,2,1
19,9,3,1
19,9,4,5
19,9,5,1
19,10,2,1
19,10,3,3
19,11,1,2
19,11,4,2
19,11,5,4
19,12,1,1
19,12,2,1
19,12,3,2
19,13,0,2
19,13,1,1
19,13,2,3
19,13,3,2
19,13,4,2
19,14,1,1
19,14,2,2
19,14,3,3
19,14,4,4
19,14,5,3
19,15,0,1
19,15,2,2
19,15,5,1
19,16,1,1
19,16,2,2
19,16,3,2
19,16,4,2
19,16,5,1
19,16,6,1
19,17,1,4
19,17,3,1
19,17,4,2
19,18,1,2
19,18,3,3
19,18,4,2
19,18,5,2
19,18,6,1
19,19,0,1
19,20,5,1
19,23,4,1
19,23,6,1
20,1,5,1
20,1,6,1
20,4,4,2
20,5,1,3
20,5,2,4
20,5,3,4
20,5,4,3
20,5,5,1
20,5,6,1
20,6,0,3
20,6,1,4
20,6,2,1
20,6,3,2
20,6,4,3
20,6,5,1
20,6,6,1
20,7,0,5
20,7,1,7
20,7,2,7
20,7,3,6
20,7,4,4
20,7,5,2
20,7,6,1
20,8,0,4
20,8,1,1
20,8,2,2
20,8,3,1
20,8,4,10
20,8,5,1
20,8,6,1
20,9,0,5
20,9,1,2
20,9,2,2
20,9,4,5
20,9,5,4
20,9,6,2
20,10,0,3
20,10,1,6
20,10,2,6
20,10,3,4
20,10,4,5
20,10,5,4
20,10,6,2
20,11,0,3
20,11,2,2
20,11,3,3
20,11,4,6
20,11,5,1
20,11,6,4
20,12,0,3
20,12,1,4
20,12,2,5
20,12,4,1
20,12,5,2
20,12,6,2
20,13,0,2
20,13,1,2
20,13,2,2
20,13,3,1
20,13,4,7
20,13,5,2
20,13,6,1
20,14,1,1
20,14,3,1
20,14,4,5
20,14,5,3
20,14,6,1
20,15,1,1
20,15,2,3
20,15,3,3
20,15,4,2
20,15,5,4
20,15,6,1
20,16,0,3
20,16,1,3
20,16,2,3
20,16,3,3
20,16,4,9
20,16,5,1
20,17,4,1
20,18,0,1
20,18,1,2
20,18,2,1
20,18,3,1
20,18,4,1
20,18,5,1
20,18,6,1
20,19,0,1
20,19,3,1
20,19,4,3
20,19,5,2
20,19,6,1
20,20,3,1
20,22,0,1
20,22,5,1
21,1,3,1
21,3,4,1
21,4,0,2
21,4,3,1
21,4,4,2
21,5,0,1
21,5,1,8
21,5,2,4
21,5,3,5
21,5,4,5
21,6,0,1
21,6,1,4
21,6,2,5
21,6,3,6
21,6,4,3
21,6,5,1
21,7,0,2
21,7,1,4
21,7,2,7
21,7,3,8
21,7,4,6
21,7,5,3
21,8,0,6
21,8,1,9
21,8,2,4
21,8,3,11
21,8,4,6
21,8,5,3
21,8,6,1
21,9,0,7
21,9,1,5
21,9,2,5
21,9,3,6
21,9,4,6
21,9,5,4
21,9,6,1
21,10,0,4
21,10,1,3
21,10,2,6
21,10,3,2
21,10,4,7
21,10,5,5
21,10,6,2
21,11,0,1
21,11,1,4
21,11,2,5
21,11,3,4
21,11,4,11
21,11,5,2
21,11,6,3
21,12,0,5
21,12,1,11
21,12,2,4
21,12,3,8
21,12,4,4
21,12,5,5
21,12,6,4
21,13,0,2
21,13,1,5
21,13,2,3
21,13,3,9
21,13,4,8
21,13,5,7
21,13,6,1
21,14,0,2
21,14,1,7
21,14,2,3
21,14,3,8
21,14,4,6
21,14,5,1
21,14,6,4
21,15,2,4
21,15,3,3
21,15,4,9
21,15,5,2
21,16,0,1
21,16,1,1
21,16,2,6
21,16,3,4
21,16,4,5
21,16,5,3
21,16,6,2
21,17,0,1
21,17,1,2
21,17,2,2
21,17,3,3
21,17,4,6
21,17,6,1
21,18,0,1
21,18,3,2
21,18,4,1
21,18,5,1
21,18,6,1
21,19,0,1
21,19,5,2
21,20,3,1
21,20,6,1
21,22,4,1
21,22,5,1
21,23,4,1
22,3,1,1
22,3,3,2
22,4,0,1
22,4,2,1
22,4,4,1
22,4,5,2
22,5,0,4
22,5,1,9
22,5,2,7
22,5,3,8
22,5,4,9
22,6,0,5
22,6,1,10
22,6,2,8
22,6,3,12
22,6,4,5
22,6,5,2
22,7,0,5
22,7,1,8
22,7,2,12
22,7,3,12
22,7,4,6
22,7,5,2
22,7,6,2
22,8,0,4
22,8,1,7
22,8,2,6
22,8,3,11
22,8,4,7
22,8,5,2
22,8,6,1
22,9,0,5
22,9,1,10
22,9,2,6
22,9,3,8
22,9,4,6
22,9,5,4
22,9,6,2
22,10,0,3
22,10,1,7
22,10,2,2
22,10,3,4
22,10,4,9
22,10,5,1
22,10,6,8
22,11,0,5
22,11,1,7
22,11,2,7
22,11,3,9
22,11,4,6
22,11,5,2
22,11,6,1
22,12,0,8
22,12,2,4
22,12,3,5
22,12,4,10
22,12,5,4
22,12,6,1
22,13,0,4
22,13,1,4
22,13,2,9
22,13,3,8
22,13,4,8
22,13,5,5
22,13,6,1
22,14,0,1
22,14,1,6
22,14,2,8
22,14,3,6
22,14,4,9
22,14,5,1
22,14,6,5
22,15,1,5
22,15,2,5
22,15,3,5
22,15,4,5
22,15,5,3
22,16,1,3
22,16,2,2
22,16,3,4
22,16,4,1
22,16,5,3
22,16,6,1
22,17,0,1
22,17,1,1
22,17,2,5
22,17,3,3
22,17,4,5
22,17,5,1
22,17,6,2
22,18,0,1
22,18,1,1
22,18,2,1
22,18,3,1
22,18,4,2
22,18,5,3
22,19,0,2
22,19,4,2
22,19,6,1
22,20,2,1
22,20,4,1
22,20,5,1
22,22,4,1
22,22,5,1
22,22,6,1
22,23,5,1
23,1,5,1
23,2,3,1
23,6,0,1
23,9,3,1
23,11,3,1
23,16,0,1
24,0,0,5
24,0,1,6
24,0,2,3
24,0,3,12
24,0,4,12
24,0,5,12
24,0,6,11
24,1,0,3
24,1,1,3
24,1,2,2
24,1,3,14
24,1,4,6
24,1,5,8
24,1,6,6
24,2,0,2
24,2,1,2
24,2,2,1
24,2,3,6
24,2,4,2
24,2,5,11
24,2,6,4
24,3,3,4
24,3,4,3
24,3,5,5
24,3,6,4
24,4,0,2
24,4,1,1
24,4,2,1
24,4,3,3
24,4,4,2
24,4,5,1
24,4,6,4
24,5,0,4
24,5,1,4
24,5,2,3
24,5,3,7
24,5,4,3
24,5,5,5
24,5,6,2
24,6,0,9
24,6,1,22
24,6,2,13
24,6,3,14
24,6,4,17
24,6,5,8
24,6,6,5
24,7,0,38
24,7,1,49
24,7,2,54
24,7,3,66
24,7,4,64
24,7,5,14
24,7,6,10
24,8,0,28
24,8,1,69
24,8,2,63
24,8,3,64
24,8,4,59
24,8,5,41
24,8,6,18
24,9,0,50
24,9,1,53
24,9,2,75
24,9,3,74
24,9,4,85
24,9,5,60
24,9,6,32
24,10,0,39
24,10,1,57
24,10,2,45
24,10,3,88
24,10,4,72
24,10,5,81
24,10,6,45
24,11,0,45
24,11,1,65
24,11,2,32
24,11,3,63
24,11,4,60
24,11,5,67
24,11,6,40
24,12,0,42
24,12,1,52
24,12,2,56
24,12,3,85
24,12,4,62
24,12,5,78
24,12,6,34
24,13,0,38
24,13,1,40
24,13,2,55
24,13,3,70
24,13,4,62
24,13,5,69
24,13,6,43
24,14,0,48
24,14,1,65
24,14,2,76
24,14,3,74
24,14,4,71
24,14,5,60
24,14,6,38
24,15,0,61
24,15,1,61
24,15,2,70
24,15,3,62
24,15,4,84
24,15,5,59
24,15,6,35
24,16,0,45
24,16,1,54
24,16,2,51
24,16,3,58
24,16,4,88
24,16,5,61
24,16,6,31
24,17,0,44
24,17,1,62
24,17,2,61
24,17,3,85
24,17,4,76
24,17,5,67
24,17,6,24
24,18,0,34
24,18,1,71
24,18,2,49
24,18,3,67
24,18,4,57
24,18,5,62
24,18,6,17
24,19,0,21
24,19,1,27
24,19,2,52
24,19,3,57
24,19,4,43
24,19,5,37
24,19,6,21
24,20,0,25
24,20,1,20
24,20,2,28
24,20,3,38
24,20,4,43
24,20,5,30
24,20,6,20
24,21,0,19
24,21,1,22
24,21,2,20
24,21,3,29
24,21,4,35
24,21,5,35
24,21,6,8
24,22,0,12
24,22,1,12
24,22,2,10
24,22,3,20
24,22,4,33
24,22,5,34
24,22,6,12
24,23,0,7
24,23,1,16
24,23,2,11
24,23,3,16
24,23,4,31
24,23,5,19
24,23,6,12
25,0,1,2
25,0,2,1
25,0,3,15
25,0,4,1
25,0,5,5
25,0,6,6
25,1,3,3
25,1,4,2
25,1,6,2
25,2,3,6
25,2,4,1
25,2,5,3
25,2,6,3
25,3,0,1
25,3,2,1
25,3,3,3
25,3,5,1
25,3,6,2
25,4,4,1
25,4,6,4
25,5,0,1
25,5,1,1
25,5,2,1
25,5,3,1
25,5,4,2
25,6,0,1
25,6,1,7
25,6,2,6
25,6,3,5
25,6,4,6
25,6,5,1
25,6,6,1
25,7,0,3
25,7,1,2
25,7,2,6
25,7,3,9
25,7,4,7
25,7,5,4
25,7,6,1
25,8,0,8
25,8,1,5
25,8,2,8
25,8,3,14
25,8,4,4
25,8,5,5
25,8,6,1
25,9,0,3
25,9,1,7
25,9,2,6
25,9,3,10
25,9,4,10
25,9,5,4
25,9,6,3
25,10,0,8
25,10,1,12
25,10,2,10
25,10,3,10
25,10,4,12
25,10,5,8
25,10,6,12
25,11,0,7
25,11,1,8
25,11,2,10
25,11,3,14
25,11,4,17
25,11,5,10
25,11,6,12
25,12,0,5
25,12,1,8
25,12,2,13
25,12,3,19
25,12,4,11
25,12,5,14
25,12,6,10
25,13,0,11
25,13,1,13
25,13,2,11
25,13,3,10
25,13,4,10
25,13,5,10
25,13,6,7
25,14,0,13
25,14,1,16
25,14,2,16
25,14,3,10
25,14,4,17
25,14,5,11
25,14,6,13
25,15,0,10
25,15,1,17
25,15,2,13
25,15,3,13
25,15,4,24
25,15,5,12
25,15,6,6
25,16,0,5
25,16,1,22
25,16,2,12
25,16,3,18
25,16,4,16
25,16,5,7
25,16,6,2
25,17,0,6
25,17,1,15
25,17,2,11
25,17,3,11
25,17,4,19
25,17,5,11
25,17,6,10
25,18,0,7
25,18,1,3
25,18,2,14
25,18,3,9
25,18,4,9
25,18,5,6
25,18,6,4
25,19,0,1
25,19,1,13
25,19,2,15
25,19,3,12
25,19,4,10
25,19,5,7
25,19,6,6
25,20,0,3
25,20,1,8
25,20,2,6
25,20,3,10
25,20,4,13
25,20,5,7
25,21,0,3
25,21,1,3
25,21,2,2
25,21,3,4
25,21,4,10
25,21,5,9
25,21,6,2
25,22,0,2
25,22,1,6
25,22,2,4
25,22,3,6
25,22,4,13
25,22,5,6
25,22,6,1
25,23,0,1
25,23,1,5
25,23,2,3
25,23,3,4
25,23,4,13
25,23,5,5
25,23,6,2
26,0,0,1
26,4,0,1
26,4,2,3
26,4,3,2
26,4,4,1
26,4,5,1
26,5,0,1
26,5,3,2
26,5,4,4
26,6,0,2
26,6,1,3
26,6,2,2
26,6,3,2
26,6,4,1
26,6,5,2
26,7,0,4
26,7,1,4
26,7,2,2
26,7,3,7
26,7,4,4
26,7,5,1
26,8,0,6
26,8,1,4
26,8,2,9
26,8,3,5
26,8,4,8
26,8,5,1
26,9,0,3
26,9,1,9
26,9,2,7
26,9,3,9
26,9,4,3
26,9,5,2
26,9,6,1
26,10,0,3
26,10,1,9
26,10,2,11
26,10,3,9
26,10,4,11
26,10,5,1
26,10,6,2
26,11,0,7
26,11,1,11
26,11,2,9
26,11,3,16
26,11,4,13
26,11,5,3
26,11,6,1
26,12,0,11
26,12,1,11
26,12,2,16
26,12,3,17
26,12,4,4
26,12,6,2
26,13,0,9
26,13,1,6
26,13,2,5
26,13,3,9
26,13,4,6
26,13,5,2
26,13,6,2
26,14,0,6
26,14,1,5
26,14,2,9
26,14,3,10
26,14,4,9
26,14,6,1
26,15,0,8
26,15,1,8
26,15,2,9
26,15,3,9
26,15,4,7
26,15,5,2
26,15,6,1
26,16,0,5
26,16,1,5
26,16,2,4
26,16,3,12
26,16,4,4
26,16,5,1
26,16,6,1
26,17,0,2
26,17,1,3
26,17,2,4
26,17,3,6
26,17,4,3
26,17,5,1
26,17,6,2
26,18,0,3
26,18,1,4
26,18,2,4
26,18,3,5
26,18,4,1
26,18,5,2
26,18,6,2
26,19,1,5
26,19,2,3
26,19,3,1
26,19,4,1
26,19,5,3
26,19,6,2
26,20,3,3
26,21,3,4
26,21,5,2
26,22,2,1
26,22,5,1
26,23,3,1
26,23,5,2
27,9,2,1
27,12,2,1
27,13,0,1
28,0,1,1
28,0,3,1
28,0,4,2
28,0,5,1
28,0,6,1
28,1,1,1
28,2,5,1
28,3,6,1
28,4,4,1
28,4,6,1
28,5,0,2
28,5,1,3
28,5,2,6
28,5,3,5
28,5,4,7
28,6,0,5
28,6,1,8
28,6,2,6
28,6,3,3
28,6,4,7
28,6,5,2
28,6,6,3
28,7,0,1
28,7,1,7
28,7,2,9
28,7,3,3
28,7,4,4
28,7,5,4
28,8,0,1
28,8,1,1
28,8,2,2
28,8,3,2
28,8,4,6
28,8,5,6
28,8,6,1
28,9,0,2
28,9,1,2
28,9,2,5
28,9,3,4
28,9,4,6
28,9,5,2
28,9,6,2
28,10,0,1
28,10,1,6
28,10,2,1
28,10,3,3
28,10,4,3
28,10,5,4
28,10,6,6
28,11,0,1
28,11,1,1
28,11,2,3
28,11,3,2
28,11,4,2
28,11,5,4
28,12,0,1
28,12,1,7
28,12,2,6
28,12,3,5
28,12,4,1
28,12,5,5
28,12,6,2
28,13,1,6
28,13,2,3
28,13,3,1
28,13,4,8
28,13,5,3
28,13,6,1
28,14,0,4
28,14,1,3
28,14,2,5
28,14,3,5
28,14,4,7
28,14,5,3
28,14,6,2
28,15,0,1
28,15,1,2
28,15,2,1
28,15,3,3
28,15,4,2
28,15,5,2
28,15,6,1
28,16,0,3
28,16,1,5
28,16,2,7
28,16,3,4
28,16,4,5
28,16,5,7
28,17,0,2
28,17,1,5
28,17,2,1
28,17,3,6
28,17,4,3
28,17,5,3
28,17,6,4
28,18,0,2
28,18,1,4
28,18,2,3
28,18,3,2
28,18,4,1
28,18,5,2
28,18,6,1
28,19,0,2
28,19,1,1
28,19,2,1
28,19,3,3
28,19,4,2
28,19,6,1
28,20,0,2
28,20,1,1
28,20,2,4
28,20,3,1
28,20,5,4
28,20,6,2
28,21,1,1
28,21,3,4
28,21,4,1
28,21,5,1
28,22,1,2
28,22,2,1
28,22,5,4
28,22,6,2
28,23,0,1
28,23,3,1
28,23,4,5
28,23,5,1
28,23,6,1
29,4,0,1
29,4,2,1
29,5,2,4
29,5,3,2
29,5,4,3
29,6,0,4
29,6,1,1
29,6,2,3
29,6,3,1
29,6,4,8
29,7,0,5
29,7,1,14
29,7,2,6
29,7,3,5
29,7,4,6
29,7,5,1
29,8,0,1
29,8,1,3
29,8,2,8
29,8,3,10
29,8,4,8
29,8,5,2
29,8,6,1
29,9,0,3
29,9,1,3
29,9,2,6
29,9,3,8
29,9,4,6
29,9,5,1
29,9,6,3
29,10,0,1
29,10,1,6
29,10,2,6
29,10,3,5
29,10,4,9
29,10,5,4
29,11,0,2
29,11,1,6
29,11,2,8
29,11,3,7
29,11,4,10
29,11,5,1
29,11,6,3
29,12,0,8
29,12,1,6
29,12,2,8
29,12,3,11
29,12,4,7
29,12,5,5
29,12,6,2
29,13,0,4
29,13,1,5
29,13,2,6
29,13,3,5
29,13,4,2
29,13,5,2
29,13,6,4
29,14,0,3
29,14,1,10
29,14,2,3
29,14,3,6
29,14,4,6
29,14,5,1
29,14,6,1
29,15,0,3
29,15,1,5
29,15,2,8
29,15,3,6
29,15,4,12
29,15,5,4
29,16,0,4
29,16,1,5
29,16,2,8
29,16,3,9
29,16,4,9
29,16,5,6
29,16,6,1
29,17,0,1
29,17,1,2
29,17,2,6
29,17,3,2
29,17,4,2
29,17,6,1
29,18,0,2
29,18,1,4
29,18,2,2
29,18,4,2
29,18,5,2
29,18,6,2
29,19,1,2
29,19,2,1
29,19,3,2
29,19,4,2
29,19,5,4
29,19,6,3
29,20,2,1
29,20,3,1
29,20,4,1
29,20,6,1
29,21,2,1
29,21,6,2
29,23,5,1
29,23,6,1
30,11,3,1
30,18,0,1
31,4,3,1
31,5,0,1
31,5,1,1
31,5,4,1
31,7,1,1
31,8,1,1
31,9,6,1
31,10,4,1
31,11,4,1
31,12,0,1
31,12,2,1
31,13,1,1
31,13,4,1
31,13,5,1
31,14,1,2
31,14,4,3
31,14,6,1
31,15,0,1
31,15,1,3
31,15,2,1
31,15,4,1
31,16,4,1
31,17,4,1
31,17,5,1
31,18,0,1
31,18,2,1
31,18,4,1
31,19,5,1
31,21,1,1
32,0,3,1
32,1,0,1
32,1,3,2
32,1,5,1
32,4,2,1
32,4,3,1
32,4,5,1
32,5,0,1
32,5,1,3
32,5,2,3
32,5,3,1
32,5,4,7
32,6,0,1
32,6,1,8
32,6,2,7
32,6,3,11
32,6,4,10
32,6,5,2
32,6,6,3
32,7,0,6
32,7,2,9
32,7,3,10
32,7,4,4
32,7,5,3
32,7,6,1
32,8,0,3
32,8,1,6
32,8,2,7
32,8,3,5
32,8,4,7
32,8,5,3
32,8,6,1
32,9,0,1
32,9,1,6
32,9,2,4
32,9,3,7
32,9,4,3
32,9,5,1
32,9,6,1
32,10,0,4
32,10,1,3
32,10,2,3
32,10,3,6
32,10,4,5
32,10,5,1
32,11,1,5
32,11,2,1
32,11,3,6
32,11,4,8
32,11,5,2
32,11,6,1
32,12,0,9
32,12,1,2
32,12,2,4
32,12,3,1
32,12,4,7
32,12,5,2
32,12,6,4
32,13,0,4
32,13,1,3
32,13,2,2
32,13,3,5
32,13,4,4
32,13,5,4
32,14,0,1
32,14,2,1
32,14,3,1
32,14,4,7
32,14,5,3
32,14,6,3
32,15,0,1
32,15,1,1
32,15,3,2
32,15,4,3
32,15,5,4
32,16,0,2
32,16,1,8
32,16,2,10
32,16,3,7
32,16,4,3
32,16,5,3
32,16,6,1
32,17,0,9
32,17,1,3
32,17,2,3
32,17,3,6
32,17,4,8
32,18,0,4
32,18,2,4
32,18,3,2
32,18,4,1
32,18,5,1
32,18,6,3
32,19,3,1
32,19,4,3
32,19,5,1
32,19,6,1
32,20,3,3
32,20,4,1
32,20,5,1
32,21,0,2
32,21,1,4
32,21,2,2
32,21,3,3
32,21,4,5
32,21,5,1
32,21,6,1
32,22,2,1
32,22,3,1
32,22,4,1
32,23,3,1
32,23,4,1
33,0,2,1
33,0,3,6
33,0,4,2
33,0,5,3
33,1,3,1
33,1,4,1
33,1,5,2
33,2,3,2
33,2,4,1
33,2,5,1
33,2,6,2
33,3,1,2
33,3,3,1
33,4,0,1
33,4,4,1
33,4,6,1
33,5,2,1
33,5,3,1
33,5,4,1
33,6,0,1
33,6,1,3
33,6,2,6
33,6,3,4
33,7,0,6
33,7,1,3
33,7,2,5
33,7,3,5
33,7,4,8
33,7,5,2
33,7,6,2
33,8,0,5
33,8,1,9
33,8,2,6
33,8,3,11
33,8,4,3
33,8,5,2
33,9,0,12
33,9,1,12
33,9,2,16
33,9,3,10
33,9,4,11
33,9,5,7
33,9,6,3
33,10,0,11
33,10,1,17
33,10,2,15
33,10,3,13
33,10,4,18
33,10,5,7
33,10,6,4
33,11,0,14
33,11,1,11
33,11,2,16
33,11,3,23
33,11,4,14
33,11,5,9
33,11,6,8
33,12,0,13
33,12,1,14
33,12,2,16
33,12,3,31
33,12,4,21
33,12,5,5
33,12,6,8
33,13,0,10
33,13,1,15
33,13,2,17
33,13,3,18
33,13,4,12
33,13,5,5
33,13,6,8
33,14,0,11
33,14,1,16
33,14,2,17
33,14,3,25
33,14,4,14
33,14,5,7
33,14,6,7
33,15,0,9
33,15,1,18
33,15,2,14
33,15,3,22
33,15,4,18
33,15,5,8
33,15,6,9
33,16,0,17
33,16,1,25
33,16,2,22
33,16,3,34
33,16,4,27
33,16,5,7
33,16,6,3
33,17,0,11
33,17,1,17
33,17,2,19
33,17,3,27
33,17,4,17
33,17,5,6
33,17,6,5
33,18,0,7
33,18,1,5
33,18,2,12
33,18,3,18
33,18,4,15
33,18,5,10
33,18,6,4
33,19,0,5
33,19,1,5
33,19,2,10
33,19,3,5
33,19,4,9
33,19,5,7
33,20,0,2
33,20,1,5
33,20,2,3
33,20,3,10
33,20,4,8
33,20,5,7
33,20,6,3
33,21,0,1
33,21,1,5
33,21,2,4
33,21,3,8
33,21,4,4
33,21,5,4
33,22,0,2
33,22,1,5
33,22,2,5
33,22,3,8
33,22,4,8
33,22,5,15
33,22,6,3
33,23,2,3
33,23,3,1
33,23,4,4
33,23,5,4
33,23,6,3
34,0,4,1
34,0,5,1
34,0,6,2
34,1,3,2
34,1,4,4
34,1,5,1
34,1,6,2
34,2,3,2
34,2,5,2
34,2,6,4
34,3,4,1
34,3,5,3
34,3,6,3
34,4,3,1
34,4,5,5
34,4,6,4
34,5,5,1
34,5,6,1
34,6,2,1
34,7,1,2
34,7,2,1
34,7,3,1
34,8,1,2
34,8,2,1
34,8,3,1
34,8,4,1
34,9,0,2
34,9,2,1
34,10,3,1
34,10,4,1
34,10,6,1
34,11,2,2
34,11,5,1
34,12,2,2
34,12,3,3
34,12,5,1
34,13,0,1
34,13,1,1
34,13,3,2
34,14,0,1
34,14,2,2
34,14,3,1
34,14,4,2
34,14,5,3
34,14,6,1
34,15,2,1
34,15,5,1
34,16,2,2
34,16,5,1
34,16,6,1
34,17,1,2
34,17,6,1
34,18,1,1
34,18,2,3
34,18,5,1
34,19,1,2
34,19,2,1
34,19,3,1
34,19,5,1
34,20,1,1
34,20,3,1
34,20,6,1
34,21,1,1
34,21,3,1
34,21,4,1
34,22,3,1
34,22,5,2
34,23,3,1
34,23,4,1
34,23,5,1
34,23,6,1
35,0,3,2
35,0,6,2
35,1,2,1
35,1,3,6
35,1,5,1
35,1,6,2
35,2,1,1
35,2,2,1
35,2,6,1
35,3,1,1
35,3,2,3
35,3,3,2
35,3,5,1
35,3,6,1
35,4,0,2
35,4,1,1
35,4,2,2
35,4,3,6
35,4,4,1
35,4,5,1
35,4,6,1
35,5,0,4
35,5,1,5
35,5,2,6
35,5,3,14
35,5,4,17
35,5,6,2
35,6,0,11
35,6,1,15
35,6,2,17
35,6,3,18
35,6,4,20
35,6,5,3
35,6,6,5
35,7,0,16
35,7,1,24
35,7,2,23
35,7,3,23
35,7,4,31
35,7,5,6
35,7,6,2
35,8,0,15
35,8,1,32
35,8,2,28
35,8,3,33
35,8,4,33
35,8,5,12
35,8,6,9
35,9,0,21
35,9,1,20
35,9,2,38
35,9,3,37
35,9,4,35
35,9,5,20
35,9,6,20
35,10,0,12
35,10,1,21
35,10,2,15
35,10,3,37
35,10,4,46
35,10,5,27
35,10,6,7
35,11,0,13
35,11,1,23
35,11,2,25
35,11,3,27
35,11,4,32
35,11,5,18
35,11,6,9
35,12,0,10
35,12,1,18
35,12,2,17
35,12,3,16
35,12,4,22
35,12,5,16
35,12,6,13
35,13,0,5
35,13,1,15
35,13,2,20
35,13,3,26
35,13,4,24
35,13,5,14
35,13,6,19
35,14,0,7
35,14,1,9
35,14,2,9
35,14,3,16
35,14,4,9
35,14,5,11
35,14,6,11
35,15,0,6
35,15,1,10
35,15,2,9
35,15,3,10
35,15,4,12
35,15,5,13
35,15,6,3
35,16,0,9
35,16,1,7
35,16,2,10
35,16,3,15
35,16,4,17
35,16,5,7
35,16,6,4
35,17,0,6
35,17,1,9
35,17,2,7
35,17,3,7
35,17,4,15
35,17,5,8
35,17,6,2
35,18,0,4
35,18,1,7
35,18,2,10
35,18,3,12
35,18,4,8
35,18,5,4
35,18,6,5
35,19,0,3
35,19,2,3
35,19,3,3
35,19,4,6
35,19,5,5
35,19,6,3
35,20,0,2
35,20,1,5
35,20,2,3
35,20,3,5
35,20,4,5
35,20,5,1
35,20,6,3
35,21,0,1
35,21,1,2
35,21,2,3
35,21,3,6
35,21,4,7
35,21,5,7
35,21,6,3
35,22,2,1
35,22,3,1
35,22,4,3
35,22,5,5
35,22,6,1
35,23,4,3
36,0,0,3
36,0,1,1
36,0,4,1
36,0,5,6
36,0,6,2
36,1,3,1
36,1,4,1
36,1,5,11
36,1,6,5
36,2,0,1
36,2,3,3
36,2,4,2
36,2,5,8
36,2,6,1
36,3,0,1
36,3,1,1
36,3,2,1
36,3,3,4
36,3,5,2
36,3,6,6
36,4,0,1
36,4,3,3
36,4,5,6
36,4,6,8
36,5,1,2
36,5,3,3
36,5,6,3
36,6,0,1
36,6,3,3
36,6,5,1
36,7,1,2
36,7,2,6
36,7,3,3
36,7,4,6
36,7,5,2
36,8,0,5
36,8,1,7
36,8,2,8
36,8,3,8
36,8,4,3
36,8,5,1
36,8,6,1
36,9,1,4
36,9,2,5
36,9,3,5
36,9,4,6
36,9,5,4
36,9,6,5
36,10,0,4
36,10,1,5
36,10,2,4
36,10,3,6
36,10,4,4
36,10,5,1
36,10,6,3
36,11,0,4
36,11,1,2
36,11,2,8
36,11,3,3
36,11,4,4
36,11,5,4
36,11,6,4
36,12,0,3
36,12,2,8
36,12,3,6
36,12,4,7
36,12,5,1
36,12,6,1
36,13,0,5
36,13,1,4
36,13,2,2
36,13,3,4
36,13,4,8
36,13,5,1
36,13,6,2
36,14,0,2
36,14,1,2
36,14,2,2
36,14,3,6
36,14,4,10
36,14,5,3
36,14,6,2
36,15,0,1
36,15,1,6
36,15,2,3
36,15,3,5
36,15,4,7
36,15,5,6
36,15,6,2
36,16,0,6
36,16,1,1
36,16,2,2
36,16,3,4
36,16,4,7
36,16,5,3
36,16,6,1
36,17,0,2
36,17,1,5
36,17,2,4
36,17,3,1
36,17,4,8
36,17,5,2
36,17,6,3
36,18,0,1
36,18,1,2
36,18,2,3
36,18,3,1
36,18,4,3
36,18,5,3
36,18,6,2
36,19,0,2
36,19,1,2
36,19,2,2
36,19,3,6
36,19,4,1
36,19,5,4
36,19,6,1
36,20,1,1
36,20,3,1
36,20,4,2
36,20,5,2
36,20,6,2
36,21,4,2
36,21,5,1
36,21,6,1
36,22,3,4
36,22,4,1
36,22,5,2
36,22,6,1
36,23,0,1
36,23,1,1
36,23,2,1
36,23,3,3
36,23,4,5
36,23,5,1
37,0,0,2
37,0,1,2
37,0,2,1
37,0,3,5
37,0,4,1
37,0,5,4
37,0,6,4
37,1,1,1
37,1,3,2
37,1,4,1
37,1,5,1
37,2,1,1
37,2,3,7
37,2,4,3
37,3,1,1
37,3,2,2
37,3,3,6
37,3,4,1
37,3,6,3
37,4,1,3
37,4,2,3
37,4,3,4
37,4,4,2
37,4,5,2
37,4,6,1
37,5,0,3
37,5,1,5
37,5,2,7
37,5,3,7
37,5,4,9
37,5,5,8
37,5,6,7
37,6,0,5
37,6,1,9
37,6,2,11
37,6,3,13
37,6,4,8
37,6,5,5
37,6,6,1
37,7,0,7
37,7,1,9
37,7,2,10
37,7,3,15
37,7,4,17
37,7,6,4
37,8,0,9
37,8,1,10
37,8,2,9
37,8,3,8
37,8,4,15
37,8,5,3
37,8,6,8
37,9,0,14
37,9,1,14
37,9,2,16
37,9,3,22
37,9,4,20
37,9,5,5
37,9,6,7
37,10,0,4
37,10,1,18
37,10,2,9
37,10,3,19
37,10,4,14
37,10,5,7
37,10,6,8
37,11,0,7
37,11,1,8
37,11,2,11
37,11,3,17
37,11,4,17
37,11,5,10
37,11,6,11
37,12,0,5
37,12,1,15
37,12,2,11
37,12,3,14
37,12,4,14
37,12,5,4
37,12,6,3
37,13,0,5
37,13,1,6
37,13,2,9
37,13,3,10
37,13,4,11
37,13,5,10
37,13,6,7
37,14,0,9
37,14,1,7
37,14,2,8
37,14,3,17
37,14,4,11
37,14,5,7
37,14,6,4
37,15,0,4
37,15,1,12
37,15,2,11
37,15,3,12
37,15,4,15
37,15,5,6
37,15,6,4
37,16,0,4
37,16,1,10
37,16,2,7
37,16,3,10
37,16,4,12
37,16,5,6
37,16,6,4
37,17,0,7
37,17,1,6
37,17,2,18
37,17,3,10
37,17,4,11
37,17,5,5
37,17,6,2
37,18,0,1
37,18,1,6
37,18,2,4
37,18,3,6
37,18,4,3
37,18,5,5
37,18,6,3
37,19,1,3
37,19,2,1
37,19,3,2
37,19,4,9
37,19,5,4
37,19,6,4
37,20,0,1
37,20,2,1
37,20,3,2
37,20,4,2
37,20,5,3
37,20,6,4
37,21,3,2
37,21,4,3
37,21,5,2
37,21,6,1
37,22,1,1
37,22,3,2
37,22,4,3
37,22,5,3
37,22,6,1
37,23,0,2
37,23,1,1
37,23,2,2
37,23,4,5
37,23,5,2
37,23,6,1
38,0,5,1
38,2,5,1
38,4,0,3
38,4,1,3
38,4,3,1
38,4,4,1
38,5,0,2
38,5,1,6
38,5,3,3
38,5,4,5
38,5,6,1
38,6,0,2
38,6,1,3
38,6,2,9
38,6,3,5
38,6,4,8
38,7,0,3
38,7,1,3
38,7,2,8
38,7,3,6
38,7,4,7
38,7,5,1
38,8,0,3
38,8,1,5
38,8,2,4
38,8,3,5
38,8,4,7
38,8,5,3
38,8,6,4
38,9,0,3
38,9,1,1
38,9,2,5
38,9,3,7
38,9,4,2
38,9,6,1
38,10,0,5
38,10,1,3
38,10,2,2
38,10,3,3
38,10,4,6
38,10,5,1
38,11,0,2
38,11,1,3
38,11,2,1
38,11,3,3
38,11,4,2
38,11,5,1
38,11,6,1
38,12,1,2
38,12,3,1
38,12,4,3
38,12,5,2
38,13,1,2
38,13,3,2
38,13,5,1
38,13,6,2
38,14,0,2
38,14,1,2
38,14,2,4
38,14,3,3
38,14,4,1
38,14,6,1
38,15,0,1
38,15,2,1
38,15,3,1
38,15,4,3
38,15,5,1
38,15,6,2
38,16,0,1
38,16,1,1
38,16,2,2
38,16,3,2
38,16,4,3
38,16,5,1
38,16,6,1
38,17,0,1
38,17,1,4
38,17,2,1
38,17,3,2
38,17,4,3
38,17,5,1
38,18,0,3
38,18,1,1
38,18,2,2
38,18,3,6
38,18,4,1
38,18,5,1
38,18,6,1
38,19,1,3
38,19,2,1
38,19,3,3
38,19,4,1
38,20,2,1
38,20,5,2
38,21,3,1
38,22,4,2
38,22,6,1
38,23,5,1
39,0,0,1
39,0,3,3
39,0,6,1
39,2,1,1
39,2,4,1
39,2,5,1
39,3,2,1
39,3,3,3
39,3,5,1
39,4,0,2
39,4,1,1
39,4,2,5
39,4,3,6
39,4,4,2
39,4,5,1
39,4,6,1
39,5,0,13
39,5,1,17
39,5,2,20
39,5,3,22
39,5,4,21
39,5,5,1
39,5,6,4
39,6,0,23
39,6,1,28
39,6,2,27
39,6,3,25
39,6,4,40
39,6,5,4
39,6,6,2
39,7,0,22
39,7,1,19
39,7,2,43
39,7,3,31
39,7,4,28
39,7,5,10
39,7,6,5
39,8,0,23
39,8,1,29
39,8,2,18
39,8,3,27
39,8,4,32
39,8,5,12
39,8,6,14
39,9,0,20
39,9,1,20
39,9,2,34
39,9,3,38
39,9,4,38
39,9,5,14
39,9,6,18
39,10,0,18
39,10,1,33
39,10,2,24
39,10,3,25
39,10,4,33
39,10,5,15
39,10,6,8
39,11,0,9
39,11,1,18
39,11,2,20
39,11,3,26
39,11,4,25
39,11,5,10
39,11,6,8
39,12,0,13
39,12,1,19
39,12,2,17
39,12,3,22
39,12,4,26
39,12,5,10
39,12,6,6
39,13,0,16
39,13,1,10
39,13,2,16
39,13,3,17
39,13,4,23
39,13,5,9
39,13,6,10
39,14,0,9
39,14,1,13
39,14,2,15
39,14,3,18
39,14,4,18
39,14,5,7
39,14,6,12
39,15,0,4
39,15,1,7
39,15,2,13
39,15,3,9
39,15,4,9
39,15,5,4
39,15,6,5
39,16,0,10
39,16,1,8
39,16,2,7
39,16,3,8
39,16,4,12
39,16,5,4
39,16,6,4
39,17,0,6
39,17,1,10
39,17,2,7
39,17,3,11
39,17,4,9
39,17,5,5
39,17,6,3
39,18,0,3
39,18,1,8
39,18,2,5
39,18,3,8
39,18,4,10
39,18,5,5
39,18,6,2
39,19,0,3
39,19,1,3
39,19,2,2
39,19,3,7
39,19,4,3
39,19,5,5
39,19,6,2
39,20,0,2
39,20,1,2
39,20,2,5
39,20,3,5
39,20,4,9
39,20,5,4
39,21,0,1
39,21,4,4
39,21,5,3
39,21,6,2
39,22,4,4
39,22,5,2
39,22,6,2
39,23,2,1
39,23,4,1
39,23,5,3
40,1,3,1
40,1,5,3
40,2,3,1
40,2,5,1
40,4,3,1
40,4,5,1
40,5,0,1
40,5,2,1
40,5,3,3
40,6,0,2
40,6,1,4
40,6,2,2
40,6,3,5
40,6,4,4
40,6,5,2
40,6,6,1
40,7,0,2
40,7,1,4
40,7,2,3
40,7,3,3
40,7,4,8
40,7,5,1
40,8,0,2
40,8,1,6
40,8,2,3
40,8,3,7
40,8,4,8
40,8,5,3
40,8,6,1
40,9,0,3
40,9,1,7
40,9,2,6
40,9,3,5
40,9,4,4
40,9,5,5
40,9,6,2
40,10,0,3
40,10,1,2
40,10,2,4
40,10,3,6
40,10,4,3
40,10,5,2
40,10,6,2
40,11,1,3
40,11,2,2
40,11,4,2
40,11,5,3
40,11,6,2
40,12,0,1
40,12,2,2
40,12,3,2
40,12,4,4
40,12,5,1
40,12,6,2
40,13,0,2
40,13,1,1
40,13,2,3
40,13,3,1
40,13,4,2
40,13,6,1
40,14,0,3
40,14,1,1
40,14,3,2
40,14,5,1
40,14,6,1
40,15,1,1
40,15,3,2
40,15,4,2
40,15,5,5
40,15,6,4
40,16,0,1
40,16,3,3
40,16,5,3
40,16,6,2
40,17,1,2
40,17,2,1
40,17,3,3
40,17,4,3
40,17,5,1
40,17,6,3
40,18,0,1
40,18,2,7
40,18,3,1
40,18,4,1
40,18,6,2
40,19,2,6
40,19,4,4
40,19,5,1
40,20,0,1
40,20,2,1
40,20,6,1
40,21,1,2
40,21,3,1
40,21,5,1
40,22,1,1
40,22,2,1
40,22,3,2
40,23,1,2
40,23,2,1
40,23,3,2
40,23,4,2
41,0,0,4
41,0,1,5
41,0,2,8
41,0,3,22
41,0,4,7
41,0,5,25
41,0,6,14
41,1,3,31
41,1,4,6
41,1,5,13
41,1,6,8
41,2,0,2
41,2,3,16
41,2,4,2
41,2,5,10
41,2,6,6
41,3,0,2
41,3,1,1
41,3,2,2
41,3,3,16
41,3,5,5
41,3,6,3
41,4,0,2
41,4,1,3
41,4,2,6
41,4,3,7
41,4,4,4
41,4,5,7
41,4,6,2
41,5,0,6
41,5,1,11
41,5,2,12
41,5,3,19
41,5,4,16
41,5,5,9
41,5,6,7
41,6,0,31
41,6,1,35
41,6,2,27
41,6,3,33
41,6,4,35
41,6,5,9
41,6,6,9
41,7,0,38
41,7,1,80
41,7,2,64
41,7,3,86
41,7,4,62
41,7,5,34
41,7,6,15
41,8,0,56
41,8,1,98
41,8,2,95
41,8,3,82
41,8,4,74
41,8,5,40
41,8,6,30
41,9,0,44
41,9,1,66
41,9,2,76
41,9,3,69
41,9,4,72
41,9,5,63
41,9,6,44
41,10,0,33
41,10,1,58
41,10,2,52
41,10,3,68
41,10,4,72
41,10,5,64
41,10,6,40
41,11,0,32
41,11,1,45
41,11,2,36
41,11,3,61
41,11,4,68
41,11,5,67
41,11,6,48
41,12,0,38
41,12,1,46
41,12,2,43
41,12,3,68
41,12,4,61
41,12,5,66
41,12,6,57
41,13,0,45
41,13,1,59
41,13,2,53
41,13,3,65
41,13,4,60
41,13,5,76
41,13,6,61
41,14,0,52
41,14,1,52
41,14,2,61
41,14,3,66
41,14,4,81
41,14,5,57
41,14,6,50
41,15,0,48
41,15,1,49
41,15,2,71
41,15,3,77
41,15,4,80
41,15,5,64
41,15,6,29
41,16,0,53
41,16,1,71
41,16,2,49
41,16,3,78
41,16,4,95
41,16,5,73
41,16,6,40
41,17,0,39
41,17,1,56
41,17,2,65
41,17,3,90
41,17,4,99
41,17,5,61
41,17,6,38
41,18,0,34
41,18,1,34
41,18,2,47
41,18,3,60
41,18,4,80
41,18,5,48
41,18,6,34
41,19,0,21
41,19,1,19
41,19,2,35
41,19,3,35
41,19,4,41
41,19,5,37
41,19,6,21
41,20,0,14
41,20,1,23
41,20,2,24
41,20,3,56
41,20,4,39
41,20,5,41
41,20,6,15
41,21,0,17
41,21,1,20
41,21,2,20
41,21,3,31
41,21,4,36
41,21,5,37
41,21,6,13
41,22,0,18
41,22,1,13
41,22,2,17
41,22,3,27
41,22,4,35
41,22,5,29
41,22,6,15
41,23,0,6
41,23,1,10
41,23,2,10
41,23,3,15
41,23,4,20
41,23,5,24
41,23,6,5
42,0,0,1
42,0,1,4
42,0,2,8
42,0,3,6
42,0,4,7
42,0,5,7
42,0,6,8
42,1,0,3
42,1,1,1
42,1,2,1
42,1,3,4
42,1,4,3
42,1,5,9
42,1,6,4
42,2,0,1
42,2,1,1
42,2,2,2
42,2,3,16
42,2,4,3
42,2,5,4
42,2,6,4
42,3,1,3
42,3,2,1
42,3,3,10
42,3,4,3
42,3,5,6
42,4,0,3
42,4,1,4
42,4,2,5
42,4,3,15
42,4,4,4
42,4,5,6
42,4,6,4
42,5,0,7
42,5,1,6
42,5,2,10
42,5,3,22
42,5,4,20
42,5,5,8
42,5,6,3
42,6,0,16
42,6,1,27
42,6,2,32
42,6,3,32
42,6,4,31
42,6,5,6
42,6,6,5
42,7,0,35
42,7,1,50
42,7,2,69
42,7,3,64
42,7,4,53
42,7,5,18
42,7,6,3
42,8,0,45
42,8,1,80
42,8,2,83
42,8,3,67
42,8,4,72
42,8,5,29
42,8,6,22
42,9,0,37
42,9,1,63
42,9,2,64
42,9,3,61
42,9,4,56
42,9,5,21
42,9,6,32
42,10,0,35
42,10,1,57
42,10,2,43
42,10,3,51
42,10,4,56
42,10,5,23
42,10,6,20
42,11,0,27
42,11,1,30
42,11,2,51
42,11,3,46
42,11,4,63
42,11,5,31
42,11,6,27
42,12,0,29
42,12,1,41
42,12,2,45
42,12,3,49
42,12,4,51
42,12,5,51
42,12,6,45
42,13,0,28
42,13,1,36
42,13,2,40
42,13,3,44
42,13,4,46
42,13,5,43
42,13,6,35
42,14,0,23
42,14,1,28
42,14,2,34
42,14,3,35
42,14,4,58
42,14,5,36
42,14,6,23
42,15,0,22
42,15,1,43
42,15,2,39
42,15,3,56
42,15,4,50
42,15,5,32
42,15,6,16
42,16,0,36
42,16,1,50
42,16,2,44
42,16,3,65
42,16,4,64
42,16,5,23
42,16,6,12
42,17,0,20
42,17,1,39
42,17,2,44
42,17,3,41
42,17,4,57
42,17,5,40
42,17,6,10
42,18,0,12
42,18,1,17
42,18,2,20
42,18,3,25
42,18,4,35
42,18,5,21
42,18,6,13
42,19,0,6
42,19,1,13
42,19,2,20
42,19,3,25
42,19,4,21
42,19,5,18
42,19,6,4
42,20,0,5
42,20,1,13
42,20,2,16
42,20,3,16
42,20,4,12
42,20,5,13
42,20,6,3
42,21,0,5
42,21,1,8
42,21,2,11
42,21,3,19
42,21,4,21
42,21,5,16
42,21,6,11
42,22,0,3
42,22,1,3
42,22,2,4
42,22,3,8
42,22,4,13
42,22,5,14
42,22,6,2
42,23,0,2
42,23,1,5
42,23,2,3
42,23,3,6
42,23,4,10
42,23,5,12
42,23,6,4
43,0,0,5
43,0,1,7
43,0,2,16
43,0,3,140
43,0,4,33
43,0,5,47
43,0,6,41
43,1,0,2
43,1,1,2
43,1,2,3
43,1,3,75
43,1,4,9
43,1,5,18
43,1,6,16
43,2,1,1
43,2,2,1
43,2,3,22
43,2,4,2
43,2,5,7
43,2,6,7
43,3,2,2
43,3,3,12
43,3,4,2
43,3,5,5
43,3,6,5
43,4,2,2
43,4,3,5
43,4,4,2
43,4,5,4
43,4,6,4
43,5,0,7
43,5,1,6
43,5,2,4
43,5,3,7
43,5,4,16
43,5,5,3
43,5,6,1
43,6,0,20
43,6,1,36
43,6,2,39
43,6,3,32
43,6,4,45
43,6,5,9
43,6,6,3
43,7,0,80
43,7,1,111
43,7,2,129
43,7,3,128
43,7,4,137
43,7,5,44
43,7,6,37
43,8,0,116
43,8,1,200
43,8,2,205
43,8,3,217
43,8,4,209
43,8,5,87
43,8,6,53
43,9,0,160
43,9,1,222
43,9,2,249
43,9,3,263
43,9,4,277
43,9,5,201
43,9,6,123
43,10,0,205
43,10,1,254
43,10,2,269
43,10,3,299
43,10,4,281
43,10,5,242
43,10,6,150
43,11,0,282
43,11,1,313
43,11,2,323
43,11,3,329
43,11,4,385
43,11,5,381
43,11,6,245
43,12,0,383
43,12,1,375
43,12,2,361
43,12,3,386
43,12,4,472
43,12,5,576
43,12,6,356
43,13,0,344
43,13,1,353
43,13,2,297
43,13,3,426
43,13,4,495
43,13,5,615
43,13,6,367
43,14,0,387
43,14,1,361
43,14,2,311
43,14,3,447
43,14,4,514
43,14,5,646
43,14,6,374
43,15,0,439
43,15,1,459
43,15,2,339
43,15,3,580
43,15,4,666
43,15,5,738
43,15,6,407
43,16,0,477
43,16,1,472
43,16,2,311
43,16,3,577
43,16,4,668
43,16,5,770
43,16,6,409
43,17,0,380
43,17,1,476
43,17,2,367
43,17,3,576
43,17,4,709
43,17,5,684
43,17,6,293
43,18,0,270
43,18,1,329
43,18,2,327
43,18,3,365
43,18,4,606
43,18,5,546
43,18,6,148
43,19,0,132
43,19,1,192
43,19,2,232
43,19,3,280
43,19,4,455
43,19,5,377
43,19,6,104
43,20,0,107
43,20,1,193
43,20,2,196
43,20,3,259
43,20,4,383
43,20,5,345
43,20,6,72
43,21,0,94
43,21,1,160
43,21,2,148
43,21,3,244
43,21,4,260
43,21,5,209
43,21,6,82
43,22,0,41
43,22,1,101
43,22,2,88
43,22,3,163
43,22,4,120
43,22,5,137
43,22,6,41
43,23,0,18
43,23,1,26
43,23,2,51
43,23,3,74
43,23,4,60
43,23,5,71
43,23,6,17
45,0,0,2
45,0,1,4
45,0,2,14
45,0,3,9
45,0,4,12
45,0,5,30
45,0,6,17
45,1,0,4
45,1,1,2
45,1,2,6
45,1,3,11
45,1,4,8
45,1,5,19
45,1,6,14
45,2,0,1
45,2,2,2
45,2,3,11
45,2,4,5
45,2,5,10
45,2,6,10
45,3,0,1
45,3,3,3
45,3,4,1
45,3,5,3
45,3,6,9
45,4,0,1
45,4,3,3
45,4,5,6
45,4,6,3
45,5,0,1
45,5,1,1
45,5,3,2
45,5,4,3
45,5,5,2
45,5,6,1
45,6,0,2
45,6,1,2
45,6,2,5
45,6,3,5
45,6,4,8
45,6,5,2
45,6,6,1
45,7,0,4
45,7,1,8
45,7,2,12
45,7,3,9
45,7,4,5
45,7,5,5
45,7,6,2
45,8,0,5
45,8,1,12
45,8,2,17
45,8,3,11
45,8,4,10
45,8,5,6
45,8,6,4
45,9,0,15
45,9,1,19
45,9,2,13
45,9,3,22
45,9,4,16
45,9,5,14
45,9,6,8
45,10,0,15
45,10,1,15
45,10,2,17
45,10,3,25
45,10,4,24
45,10,5,15
45,10,6,2
45,11,0,16
45,11,1,23
45,11,2,34
45,11,3,40
45,11,4,37
45,11,5,26
45,11,6,10
45,12,0,30
45,12,1,31
45,12,2,27
45,12,3,30
45,12,4,38
45,12,5,29
45,12,6,21
45,13,0,30
45,13,1,25
45,13,2,31
45,13,3,39
45,13,4,40
45,13,5,37
45,13,6,24
45,14,0,27
45,14,1,33
45,14,2,34
45,14,3,41
45,14,4,44
45,14,5,46
45,14,6,19
45,15,0,24
45,15,1,33
45,15,2,30
45,15,3,62
45,15,4,45
45,15,5,36
45,15,6,23
45,16,0,38
45,16,1,43
45,16,2,37
45,16,3,61
45,16,4,56
45,16,5,60
45,16,6,21
45,17,0,20
45,17,1,25
45,17,2,34
45,17,3,49
45,17,4,47
45,17,5,35
45,17,6,16
45,18,0,29
45,18,1,26
45,18,2,22
45,18,3,35
45,18,4,42
45,18,5,28
45,18,6,16
45,19,0,20
45,19,1,29
45,19,2,35
45,19,3,54
45,19,4,52
45,19,5,52
45,19,6,14
45,20,0,24
45,20,1,30
45,20,2,30
45,20,3,53
45,20,4,57
45,20,5,42
45,20,6,22
45,21,0,12
45,21,1,36
45,21,2,27
45,21,3,41
45,21,4,66
45,21,5,41
45,21,6,21
45,22,0,15
45,22,1,19
45,22,2,16
45,22,3,24
45,22,4,38
45,22,5,42
45,22,6,4
45,23,0,10
45,23,1,11
45,23,2,11
45,23,3,21
45,23,4,48
45,23,5,30
45,23,6,14
46,7,6,1
46,8,0,2
46,8,5,1
46,9,1,1
46,9,4,1
46,10,1,1
46,10,2,2
46,10,3,1
46,11,1,2
46,11,2,1
46,11,4,1
46,13,3,2
46,15,5,1
46,15,6,2
46,16,3,1
46,16,5,1
46,16,6,1
46,17,1,1
46,17,3,1
46,17,4,1
46,18,3,1
46,19,5,2
46,20,4,1
46,20,5,1
47,0,3,1
47,0,4,1
47,0,5,1
47,1,3,1
47,1,5,2
47,1,6,1
47,3,0,1
47,4,1,1
47,5,0,4
47,5,1,3
47,5,2,7
47,5,3,7
47,5,4,4
47,5,5,1
47,6,0,5
47,6,1,9
47,6,2,5
47,6,3,6
47,6,4,12
47,6,6,1
47,7,0,11
47,7,1,12
47,7,2,12
47,7,3,11
47,7,4,6
47,7,5,4
47,7,6,2
47,8,0,5
47,8,1,6
47,8,2,6
47,8,3,9
47,8,4,12
47,8,5,7
47,8,6,4
47,9,0,2
47,9,1,5
47,9,2,6
47,9,3,9
47,9,4,9
47,9,5,5
47,9,6,3
47,10,0,3
47,10,1,4
47,10,2,9
47,10,3,7
47,10,4,3
47,10,5,2
47,10,6,1
47,11,0,4
47,11,1,4
47,11,2,1
47,11,3,5
47,11,4,7
47,11,5,2
47,11,6,3
47,12,0,1
47,12,1,5
47,12,2,3
47,12,3,4
47,12,4,1
47,12,5,4
47,12,6,3
47,13,0,1
47,13,1,4
47,13,2,2
47,13,3,2
47,13,4,3
47,13,5,5
47,13,6,7
47,14,0,2
47,14,1,5
47,14,2,6
47,14,3,4
47,14,4,4
47,14,5,2
47,14,6,7
47,15,0,2
47,15,1,4
47,15,2,6
47,15,3,6
47,15,4,9
47,15,5,4
47,15,6,3
47,16,0,4
47,16,1,6
47,16,2,8
47,16,3,4
47,16,4,13
47,16,5,4
47,16,6,4
47,17,0,1
47,17,1,3
47,17,2,1
47,17,3,5
47,17,4,4
47,17,5,3
47,18,0,1
47,18,1,1
47,18,2,2
47,18,3,1
47,18,4,4
47,18,5,2
47,18,6,1
47,19,1,3
47,19,2,1
47,19,3,3
47,19,4,4
47,19,5,1
47,20,3,2
47,20,4,2
47,21,3,1
47,21,4,2
47,23,0,1
47,23,2,1
47,23,3,1
48,0,0,113
48,0,1,107
48,0,2,121
48,0,3,303
48,0,4,288
48,0,5,552
48,0,6,446
48,1,0,81
48,1,1,56
48,1,2,68
48,1,3,219
48,1,4,149
48,1,5,423
48,1,6,336
48,2,0,60
48,2,1,42
48,2,2,49
48,2,3,239
48,2,4,128
48,2,5,320
48,2,6,234
48,3,0,33
48,3,1,22
48,3,2,49
48,3,3,174
48,3,4,69
48,3,5,232
48,3,6,185
48,4,0,48
48,4,1,40
48,4,2,36
48,4,3,139
48,4,4,86
48,4,5,206
48,4,6,170
48,5,0,108
48,5,1,148
48,5,2,148
48,5,3,183
48,5,4,160
48,5,5,83
48,5,6,70
48,6,0,187
48,6,1,197
48,6,2,228
48,6,3,266
48,6,4,211
48,6,5,96
48,6,6,63
48,7,0,169
48,7,1,250
48,7,2,301
48,7,3,316
48,7,4,270
48,7,5,138
48,7,6,92
48,8,0,215
48,8,1,300
48,8,2,332
48,8,3,378
48,8,4,332
48,8,5,206
48,8,6,140
48,9,0,276
48,9,1,350
48,9,2,391
48,9,3,384
48,9,4,360
48,9,5,298
48,9,6,189
48,10,0,273
48,10,1,329
48,10,2,297
48,10,3,384
48,10,4,350
48,10,5,380
48,10,6,232
48,11,0,231
48,11,1,310
48,11,2,273
48,11,3,365
48,11,4,367
48,11,5,430
48,11,6,245
48,12,0,219
48,12,1,288
48,12,2,282
48,12,3,335
48,12,4,353
48,12,5,403
48,12,6,240
48,13,0,219
48,13,1,273
48,13,2,283
48,13,3,380
48,13,4,354
48,13,5,438
48,13,6,266
48,14,0,257
48,14,1,262
48,14,2,301
48,14,3,358
48,14,4,375
48,14,5,393
48,14,6,239
48,15,0,229
48,15,1,296
48,15,2,311
48,15,3,370
48,15,4,365
48,15,5,428
48,15,6,268
48,16,0,222
48,16,1,303
48,16,2,377
48,16,3,392
48,16,4,464
48,16,5,767
48,16,6,372
48,17,0,355
48,17,1,405
48,17,2,451
48,17,3,546
48,17,4,522
48,17,5,636
48,17,6,428
48,18,0,342
48,18,1,480
48,18,2,528
48,18,3,609
48,18,4,634
48,18,5,656
48,18,6,380
48,19,0,295
48,19,1,389
48,19,2,456
48,19,3,525
48,19,4,592
48,19,5,656
48,19,6,317
48,20,0,271
48,20,1,420
48,20,2,508
48,20,3,664
48,20,4,550
48,20,5,539
48,20,6,307
48,21,0,293
48,21,1,749
48,21,2,610
48,21,3,945
48,21,4,853
48,21,5,719
48,21,6,341
48,22,0,219
48,22,1,464
48,22,2,637
48,22,3,738
48,22,4,854
48,22,5,1057
48,22,6,285
48,23,0,182
48,23,1,269
48,23,2,286
48,23,3,463
48,23,4,708
48,23,5,723
48,23,6,180
49,0,2,2
49,0,3,9
49,0,5,2
49,0,6,1
49,1,1,1
49,1,3,3
49,1,4,1
49,1,5,2
49,1,6,1
49,2,3,5
49,3,1,1
49,3,2,1
49,3,3,4
49,3,5,1
49,4,1,1
49,4,3,3
49,4,4,2
49,4,6,2
49,5,1,1
49,5,4,4
49,5,5,1
49,6,0,1
49,6,1,4
49,6,2,2
49,6,3,4
49,6,4,7
49,6,5,1
49,7,0,4
49,7,1,14
49,7,2,12
49,7,3,13
49,7,4,14
49,7,5,1
49,8,0,12
49,8,1,10
49,8,2,15
49,8,3,25
49,8,4,16
49,8,5,5
49,8,6,7
49,9,0,6
49,9,1,11
49,9,2,13
49,9,3,12
49,9,4,23
49,9,5,5
49,9,6,8
49,10,0,6
49,10,1,5
49,10,2,19
49,10,3,19
49,10,4,18
49,10,5,4
49,10,6,4
49,11,0,4
49,11,1,11
49,11,2,12
49,11,3,19
49,11,4,5
49,11,5,7
49,11,6,8
49,12,0,9
49,12,1,12
49,12,2,11
49,12,3,9
49,12,4,15
49,12,5,9
49,12,6,12
49,13,1,10
49,13,2,14
49,13,3,20
49,13,4,18
49,13,5,8
49,13,6,11
49,14,0,4
49,14,1,12
49,14,2,9
49,14,3,14
49,14,4,19
49,14,5,4
49,14,6,9
49,15,0,9
49,15,1,6
49,15,2,6
49,15,3,11
49,15,4,10
49,15,5,9
49,15,6,6
49,16,0,6
49,16,1,7
49,16,2,17
49,16,3,12
49,16,4,19
49,16,5,2
49,16,6,3
49,17,0,5
49,17,1,13
49,17,2,15
49,17,3,8
49,17,4,17
49,17,5,8
49,17,6,1
49,18,0,3
49,18,1,5
49,18,2,5
49,18,3,10
49,18,4,9
49,18,5,5
49,19,0,2
49,19,1,1
49,19,2,5
49,19,3,7
49,19,4,12
49,19,5,1
49,19,6,1
49,20,0,2
49,20,1,3
49,20,2,1
49,20,3,4
49,20,4,10
49,20,5,3
49,20,6,4
49,21,1,2
49,21,2,2
49,21,3,5
49,21,4,2
49,21,5,4
49,21,6,4
49,22,2,1
49,22,3,3
49,22,4,3
49,22,5,1
49,23,2,1
49,23,3,3
49,23,4,2
49,23,5,2
50,0,0,13
50,0,1,8
50,0,2,14
50,0,3,60
50,0,4,25
50,0,5,55
50,0,6,77
50,1,0,10
50,1,1,7
50,1,2,6
50,1,3,66
50,1,4,16
50,1,5,34
50,1,6,41
50,2,0,1
50,2,2,2
50,2,3,41
50,2,4,5
50,2,5,22
50,2,6,35
50,3,0,3
50,3,1,1
50,3,2,1
50,3,3,21
50,3,4,6
50,3,5,11
50,3,6,21
50,4,0,4
50,4,1,3
50,4,2,4
50,4,3,30
50,4,4,13
50,4,5,8
50,4,6,15
50,5,0,8
50,5,1,8
50,5,2,4
50,5,3,13
50,5,4,9
50,5,5,6
50,5,6,4
50,6,0,8
50,6,1,15
50,6,2,21
50,6,3,20
50,6,4,21
50,6,5,7
50,6,6,4
50,7,0,55
50,7,1,54
50,7,2,49
50,7,3,58
50,7,4,59
50,7,5,24
50,7,6,23
50,8,0,92
50,8,1,92
50,8,2,105
50,8,3,96
50,8,4,101
50,8,5,43
50,8,6,42
50,9,0,120
50,9,1,99
50,9,2,118
50,9,3,128
50,9,4,131
50,9,5,72
50,9,6,90
50,10,0,68
50,10,1,100
50,10,2,101
50,10,3,102
50,10,4,141
50,10,5,91
50,10,6,68
50,11,0,69
50,11,1,98
50,11,2,96
50,11,3,116
50,11,4,106
50,11,5,103
50,11,6,43
50,12,0,55
50,12,1,106
50,12,2,85
50,12,3,118
50,12,4,118
50,12,5,105
50,12,6,60
50,13,0,85
50,13,1,77
50,13,2,108
50,13,3,92
50,13,4,94
50,13,5,137
50,13,6,72
50,14,0,76
50,14,1,98
50,14,2,100
50,14,3,114
50,14,4,95
50,14,5,101
50,14,6,70
50,15,0,55
50,15,1,97
50,15,2,77
50,15,3,107
50,15,4,123
50,15,5,104
50,15,6,58
50,16,0,88
50,16,1,88
50,16,2,90
50,16,3,103
50,16,4,113
50,16,5,91
50,16,6,52
50,17,0,88
50,17,1,90
50,17,2,105
50,17,3,152
50,17,4,130
50,17,5,78
50,17,6,53
50,18,0,78
50,18,1,93
50,18,2,88
50,18,3,141
50,18,4,129
50,18,5,91
50,18,6,43
50,19,0,66
50,19,1,82
50,19,2,104
50,19,3,86
50,19,4,108
50,19,5,108
50,19,6,48
50,20,0,64
50,20,1,47
50,20,2,84
50,20,3,107
50,20,4,79
50,20,5,73
50,20,6,35
50,21,0,52
50,21,1,66
50,21,2,72
50,21,3,89
50,21,4,110
50,21,5,65
50,21,6,46
50,22,0,39
50,22,1,40
50,22,2,45
50,22,3,70
50,22,4,116
50,22,5,102
50,22,6,39
50,23,0,17
50,23,1,26
50,23,2,23
50,23,3,44
50,23,4,82
50,23,5,125
50,23,6,32
51,1,3,2
51,2,3,1
51,3,0,1
51,3,2,1
51,4,0,4
51,4,1,6
51,4,2,8
51,4,3,12
51,4,4,3
51,4,5,4
51,5,0,1
51,5,1,4
51,5,2,18
51,5,3,16
51,5,4,14
51,5,6,2
51,6,0,13
51,6,1,30
51,6,2,20
51,6,3,16
51,6,4,29
51,6,5,2
51,6,6,3
51,7,0,13
51,7,1,20
51,7,2,22
51,7,3,18
51,7,4,22
51,7,5,2
51,7,6,6
51,8,0,14
51,8,1,23
51,8,2,22
51,8,3,17
51,8,4,15
51,8,5,11
51,8,6,14
51,9,0,6
51,9,1,10
51,9,2,20
51,9,3,21
51,9,4,13
51,9,5,13
51,9,6,7
51,10,0,6
51,10,1,13
51,10,2,11
51,10,3,15
51,10,4,16
51,10,5,9
51,10,6,5
51,11,0,8
51,11,1,12
51,11,2,17
51,11,3,6
51,11,4,12
51,11,5,6
51,11,6,2
51,12,0,3
51,12,1,7
51,12,2,9
51,12,3,7
51,12,4,9
51,12,5,9
51,12,6,8
51,13,0,2
51,13,1,4
51,13,2,11
51,13,3,6
51,13,4,4
51,13,5,4
51,13,6,2
51,14,0,4
51,14,1,4
51,14,2,4
51,14,3,3
51,14,4,13
51,14,5,3
51,15,1,1
51,15,2,7
51,15,3,10
51,15,4,1
51,15,5,3
51,15,6,1
51,16,0,2
51,16,1,5
51,16,2,7
51,16,3,6
51,16,4,8
51,16,5,4
51,16,6,3
51,17,0,4
51,17,1,5
51,17,2,6
51,17,3,5
51,17,4,8
51,17,6,1
51,18,0,2
51,18,1,2
51,18,2,3
51,18,3,4
51,18,4,6
51,18,5,4
51,18,6,2
51,19,0,3
51,19,1,3
51,19,2,4
51,19,3,3
51,19,4,7
51,19,5,4
51,19,6,1
51,20,3,2
51,20,4,2
51,20,5,1
51,21,0,1
51,21,1,2
51,21,2,1
51,21,3,3
51,21,4,1
51,21,5,5
51,22,0,1
51,22,5,2
51,23,1,1
51,23,4,1
51,23,5,1
52,0,4,1
52,0,5,1
52,1,5,1
52,2,3,1
52,3,3,1
52,5,1,1
52,5,2,1
52,5,5,1
52,6,0,1
52,6,2,1
52,6,4,2
52,7,0,6
52,7,1,5
52,7,2,7
52,7,3,7
52,7,4,3
52,7,5,2
52,8,0,7
52,8,1,16
52,8,2,9
52,8,3,9
52,8,4,2
52,8,6,2
52,9,0,5
52,9,1,3
52,9,2,1
52,9,3,4
52,9,4,4
52,9,5,3
52,9,6,2
52,10,0,6
52,10,1,4
52,10,2,3
52,10,3,5
52,10,4,3
52,10,5,6
52,10,6,3
52,11,0,3
52,11,1,2
52,11,2,7
52,11,3,5
52,11,4,3
52,11,5,3
52,11,6,2
52,12,0,6
52,12,1,5
52,12,2,6
52,12,3,10
52,12,4,5
52,12,5,3
52,12,6,1
52,13,0,2
52,13,1,2
52,13,2,4
52,13,3,3
52,13,4,6
52,13,5,3
52,13,6,1
52,14,0,4
52,14,1,3
52,14,2,4
52,14,3,6
52,14,4,4
52,14,5,3
52,15,0,2
52,15,1,3
52,15,2,2
52,15,3,2
52,15,4,5
52,15,5,2
52,15,6,1
52,16,0,1
52,16,2,2
52,16,3,5
52,16,4,5
52,16,6,2
52,17,0,2
52,17,1,1
52,17,2,3
52,17,3,3
52,17,4,7
52,17,5,2
52,17,6,2
52,18,0,2
52,18,1,1
52,18,2,8
52,18,3,7
52,18,4,3
52,18,5,2
52,18,6,2
52,19,2,5
52,19,3,3
52,19,4,3
52,19,5,2
52,20,1,2
52,20,3,2
52,20,4,4
52,20,5,1
52,21,2,1
52,21,3,2
52,21,4,2
52,21,5,3
52,22,1,2
52,22,3,4
52,22,4,2
52,22,5,1
52,22,6,1
52,23,2,1
52,23,3,2
52,23,4,1
52,23,5,3
53,0,2,1
53,0,6,1
53,1,0,1
53,2,5,1
53,5,6,1
53,6,1,1
53,7,0,1
53,7,1,1
53,7,2,1
53,7,3,1
53,7,4,3
53,8,1,2
53,8,2,1
53,9,0,3
53,9,1,3
53,9,3,2
53,9,4,2
53,9,5,2
53,9,6,2
53,10,0,1
53,10,1,1
53,10,3,1
53,11,2,1
53,11,3,1
53,11,4,1
53,11,6,1
53,12,1,1
53,12,2,2
53,13,0,2
53,13,1,1
53,13,2,1
53,13,3,4
53,13,6,1
53,14,1,2
53,14,2,4
53,14,3,1
53,14,6,1
53,15,1,1
53,15,2,1
53,15,3,1
53,15,4,2
53,15,5,1
53,16,1,3
53,16,4,1
53,16,6,1
53,17,2,2
53,17,4,2
53,18,0,1
53,19,0,1
53,19,2,1
53,19,3,2
53,19,4,1
53,19,6,1
53,20,0,1
53,20,1,1
53,20,3,1
53,20,6,1
53,21,1,2
53,21,4,1
53,21,6,1
53,22,3,2
53,22,5,1
53,23,0,1
53,23,1,3
53,23,2,1
53,23,3,1
53,23,4,2
53,23,5,1
54,1,2,1
54,1,3,1
54,2,3,1
54,2,6,1
54,4,5,1
54,6,0,2
54,6,5,1
54,7,0,1
54,8,0,1
54,8,1,2
54,8,2,1
54,8,5,1
54,8,6,1
54,9,2,1
54,9,5,1
54,10,3,2
54,10,4,2
54,10,5,1
54,10,6,3
54,11,0,1
54,12,1,1
54,12,3,1
54,12,6,2
54,14,3,1
54,14,4,1
54,15,0,1
54,15,2,1
54,15,3,1
54,16,1,1
54,16,3,1
54,17,2,1
54,17,3,2
54,17,5,1
54,18,0,1
54,18,1,1
54,18,3,2
54,19,0,2
54,19,1,1
54,19,2,2
54,19,3,1
54,19,4,1
54,19,5,2
54,20,3,1
54,20,5,1
54,21,5,1
54,22,3,1
54,22,4,1
54,23,5,2
55,0,3,2
55,0,5,1
55,1,3,1
55,1,6,1
55,2,4,1
55,3,2,1
55,3,3,3
55,3,4,2
55,4,0,2
55,4,1,1
55,4,2,3
55,4,3,2
55,4,4,2
55,4,5,1
55,5,0,6
55,5,1,6
55,5,2,8
55,5,3,9
55,5,4,10
55,5,6,2
55,6,0,12
55,6,1,17
55,6,2,11
55,6,3,16
55,6,4,16
55,6,5,5
55,6,6,2
55,7,0,14
55,7,1,22
55,7,2,25
55,7,3,30
55,7,4,25
55,7,5,6
55,7,6,3
55,8,0,10
55,8,1,18
55,8,2,28
55,8,3,14
55,8,4,26
55,8,5,9
55,8,6,2
55,9,0,8
55,9,1,12
55,9,2,16
55,9,3,25
55,9,4,21
55,9,5,15
55,9,6,2
55,10,0,12
55,10,1,8
55,10,2,21
55,10,3,18
55,10,4,24
55,10,5,13
55,10,6,11
55,11,0,19
55,11,1,12
55,11,2,15
55,11,3,19
55,11,4,12
55,11,5,13
55,11,6,9
55,12,0,6
55,12,1,16
55,12,2,14
55,12,3,27
55,12,4,17
55,12,5,5
55,12,6,3
55,13,0,5
55,13,1,4
55,13,2,9
55,13,3,14
55,13,4,13
55,13,5,4
55,13,6,5
55,14,0,5
55,14,1,9
55,14,2,6
55,14,3,9
55,14,4,15
55,14,5,5
55,14,6,6
55,15,0,17
55,15,1,5
55,15,2,7
55,15,3,10
55,15,4,20
55,15,5,7
55,15,6,5
55,16,0,3
55,16,1,3
55,16,2,11
55,16,3,9
55,16,4,11
55,16,5,5
55,16,6,1
55,17,0,10
55,17,1,5
55,17,2,2
55,17,3,7
55,17,4,9
55,17,5,5
55,17,6,5
55,18,0,3
55,18,1,3
55,18,2,4
55,18,3,4
55,18,4,7
55,18,5,2
55,18,6,3
55,19,0,1
55,19,2,3
55,19,3,3
55,19,4,5
55,19,6,1
55,20,0,3
55,20,1,3
55,20,2,5
55,20,3,1
55,20,4,3
55,20,6,3
55,21,0,1
55,21,1,3
55,21,3,1
55,21,4,3
55,21,5,5
55,21,6,1
55,22,2,2
55,22,3,2
55,22,4,4
55,22,5,1
55,23,2,2
55,23,5,1
56,0,0,1
56,0,1,1
56,1,1,2
56,1,3,1
56,1,5,1
56,2,1,1
56,3,1,1
56,3,5,1
56,4,0,1
56,4,1,1
56,4,2,2
56,4,3,1
56,4,4,7
56,4,6,2
56,5,0,1
56,5,1,7
56,5,2,2
56,5,3,6
56,5,4,11
56,5,5,2
56,6,0,3
56,6,1,2
56,6,2,5
56,6,3,3
56,6,4,6
56,6,5,4
56,6,6,4
56,7,0,4
56,7,1,11
56,7,2,8
56,7,3,10
56,7,4,9
56,7,5,3
56,7,6,4
56,8,0,10
56,8,1,6
56,8,2,12
56,8,3,7
56,8,4,9
56,8,5,4
56,8,6,2
56,9,0,3
56,9,2,3
56,9,3,9
56,9,4,10
56,9,5,3
56,9,6,4
56,10,0,5
56,10,1,2
56,10,2,6
56,10,3,6
56,10,4,8
56,10,5,2
56,10,6,2
56,11,0,8
56,11,1,3
56,11,2,1
56,11,3,2
56,11,4,6
56,11,5,3
56,11,6,2
56,12,0,2
56,12,1,3
56,12,2,2
56,12,3,7
56,12,4,7
56,12,5,4
56,12,6,1
56,13,0,3
56,13,1,2
56,13,2,4
56,13,3,5
56,13,4,4
56,13,5,3
56,13,6,3
56,14,0,2
56,14,1,3
56,14,2,3
56,14,3,4
56,14,4,2
56,14,5,3
56,14,6,2
56,15,0,4
56,15,1,2
56,15,2,4
56,15,3,1
56,15,4,6
56,15,5,4
56,15,6,2
56,16,0,2
56,16,1,8
56,16,2,6
56,16,3,3
56,16,4,4
56,16,5,5
56,17,0,1
56,17,1,5
56,17,2,1
56,17,3,2
56,17,4,6
56,17,5,3
56,17,6,1
56,18,0,1
56,18,1,2
56,18,2,2
56,18,4,2
56,18,5,3
56,19,1,1
56,19,2,1
56,19,4,2
56,19,5,1
56,19,6,1
56,20,3,1
56,20,4,1
56,20,6,2
56,21,0,1
56,21,2,1
56,21,3,1
56,21,4,1
56,21,5,1
56,21,6,1
56,22,1,2
56,22,2,2
56,22,3,2
56,22,4,2
56,22,5,3
56,22,6,1
56,23,3,2
56,23,4,2
56,23,5,3
56,23,6,1
57,0,0,1
57,5,2,1
57,7,5,1
57,8,0,1
57,8,4,1
57,10,3,1
57,11,4,1
57,14,6,1
57,17,2,1
57,18,2,1
57,18,4,1
57,19,1,1
58,4,1,2
58,4,2,1
58,4,3,4
58,5,0,1
58,5,3,1
58,6,2,1
58,9,1,1
58,10,2,1
58,10,6,1
58,11,2,1
58,11,4,1
58,12,5,1
58,13,1,1
58,13,4,1
58,13,6,1
58,14,0,1
58,15,4,1
58,16,1,1
58,16,6,1
58,17,4,1
58,18,3,1
58,18,6,1
58,20,0,1
58,20,6,1
58,21,6,1
58,22,4,1
59,4,3,1
59,5,2,1
59,6,3,2
59,6,4,1
59,7,3,1
59,9,3,1
59,9,6,1
59,10,4,1
59,11,1,1
59,11,3,1
59,11,4,1
59,12,0,1
59,12,1,1
59,12,3,1
59,13,2,1
59,13,3,1
59,16,3,1
59,16,4,1
59,17,0,1
59,17,1,1
59,21,5,2
60,1,0,1
60,1,3,1
60,1,5,1
60,2,3,1
60,4,0,1
60,4,1,3
60,4,3,3
60,4,4,1
60,4,5,1
60,5,0,3
60,5,1,5
60,5,2,5
60,5,3,3
60,5,4,4
60,6,0,3
60,6,1,6
60,6,2,6
60,6,3,7
60,6,4,7
60,6,6,2
60,7,0,4
60,7,1,4
60,7,2,8
60,7,3,3
60,7,4,2
60,7,5,3
60,7,6,2
60,8,0,3
60,8,1,8
60,8,2,5
60,8,3,3
60,8,4,11
60,8,5,4
60,8,6,3
60,9,0,2
60,9,1,8
60,9,2,5
60,9,3,8
60,9,4,7
60,9,5,4
60,9,6,2
60,10,0,1
60,10,1,5
60,10,2,3
60,10,3,3
60,10,4,5
60,10,5,3
60,10,6,2
60,11,0,2
60,11,1,1
60,11,2,6
60,11,3,3
60,11,4,2
60,11,5,5
60,11,6,2
60,12,0,1
60,12,1,3
60,12,2,5
60,12,3,11
60,12,4,4
60,12,5,1
60,12,6,2
60,13,0,2
60,13,1,5
60,13,2,3
60,13,3,5
60,13,4,1
60,13,5,2
60,14,0,1
60,14,1,2
60,14,3,3
60,14,4,1
60,14,5,1
60,14,6,1
60,15,0,1
60,15,1,3
60,15,2,3
60,15,3,3
60,15,4,2
60,15,5,2
60,16,0,1
60,16,1,3
60,16,2,3
60,16,3,1
60,16,4,1
60,16,5,2
60,17,1,1
60,17,2,3
60,17,3,4
60,17,4,6
60,17,6,1
60,18,0,1
60,18,1,3
60,18,2,1
60,18,3,2
60,18,4,1
60,19,0,1
60,19,1,2
60,19,2,1
60,19,5,3
60,20,3,3
60,20,4,3
60,21,1,1
60,21,2,2
60,21,3,1
60,21,4,3
60,21,5,1
60,22,4,1
61,0,3,8
61,0,4,2
61,0,5,5
61,0,6,4
61,1,1,1
61,1,3,2
61,1,5,2
61,1,6,2
61,2,1,1
61,2,2,1
61,2,3,2
61,2,4,1
61,2,5,2
61,2,6,2
61,3,0,1
61,3,1,2
61,3,3,3
61,3,4,1
61,3,5,1
61,4,0,2
61,4,1,6
61,4,2,4
61,4,3,4
61,4,4,8
61,4,5,1
61,4,6,3
61,5,0,3
61,5,1,11
61,5,2,11
61,5,3,19
61,5,4,12
61,5,5,2
61,5,6,1
61,6,0,22
61,6,1,26
61,6,2,23
61,6,3,22
61,6,4,20
61,6,5,5
61,6,6,2
61,7,0,26
61,7,1,21
61,7,2,37
61,7,3,33
61,7,4,32
61,7,5,10
61,7,6,10
61,8,0,36
61,8,1,28
61,8,2,49
61,8,3,34
61,8,4,62
61,8,5,17
61,8,6,14
61,9,0,29
61,9,1,37
61,9,2,40
61,9,3,57
61,9,4,52
61,9,5,19
61,9,6,21
61,10,0,19
61,10,1,43
61,10,2,43
61,10,3,39
61,10,4,65
61,10,5,21
61,10,6,15
61,11,0,16
61,11,1,30
61,11,2,31
61,11,3,34
61,11,4,43
61,11,5,10
61,11,6,9
61,12,0,9
61,12,1,16
61,12,2,25
61,12,3,33
61,12,4,32
61,12,5,22
61,12,6,19
61,13,0,21
61,13,1,21
61,13,2,21
61,13,3,30
61,13,4,37
61,13,5,24
61,13,6,14
61,14,0,15
61,14,1,8
61,14,2,19
61,14,3,22
61,14,4,18
61,14,5,17
61,14,6,10
61,15,0,13
61,15,1,16
61,15,2,18
61,15,3,27
61,15,4,17
61,15,5,16
61,15,6,11
61,16,0,10
61,16,1,7
61,16,2,16
61,16,3,13
61,16,4,26
61,16,5,11
61,16,6,8
61,17,0,12
61,17,1,13
61,17,2,15
61,17,3,24
61,17,4,21
61,17,5,10
61,17,6,8
61,18,0,4
61,18,1,13
61,18,2,13
61,18,3,13
61,18,4,18
61,18,5,10
61,18,6,4
61,19,0,5
61,19,1,6
61,19,2,7
61,19,3,6
61,19,4,12
61,19,5,4
61,19,6,1
61,20,0,5
61,20,1,3
61,20,2,5
61,20,3,9
61,20,4,10
61,20,5,9
61,20,6,2
61,21,0,1
61,21,2,2
61,21,3,7
61,21,4,7
61,21,5,10
61,21,6,2
61,22,0,1
61,22,1,1
61,22,3,5
61,22,4,3
61,22,5,4
61,22,6,3
61,23,0,2
61,23,1,2
61,23,2,2
61,23,3,2
61,23,4,5
61,23,5,2
62,0,1,1
62,0,3,1
62,0,4,1
62,0,5,3
62,1,6,1
62,2,3,2
62,2,5,1
62,3,0,1
62,3,2,1
62,3,3,2
62,3,4,2
62,4,2,3
62,4,3,2
62,4,5,2
62,5,0,1
62,5,1,3
62,5,2,1
62,5,3,5
62,5,4,2
62,6,0,9
62,6,1,9
62,6,2,8
62,6,3,6
62,6,4,14
62,6,5,2
62,7,0,8
62,7,1,17
62,7,2,12
62,7,3,9
62,7,4,12
62,7,5,6
62,7,6,2
62,8,0,9
62,8,1,14
62,8,2,16
62,8,3,20
62,8,4,22
62,8,5,8
62,8,6,5
62,9,0,16
62,9,1,23
62,9,2,15
62,9,3,22
62,9,4,17
62,9,5,9
62,9,6,7
62,10,0,8
62,10,1,8
62,10,2,19
62,10,3,8
62,10,4,11
62,10,5,5
62,10,6,5
62,11,0,3
62,11,1,16
62,11,2,10
62,11,3,11
62,11,4,6
62,11,5,7
62,11,6,5
62,12,0,7
62,12,1,7
62,12,2,16
62,12,3,21
62,12,4,16
62,12,5,7
62,12,6,5
62,13,0,4
62,13,1,9
62,13,2,10
62,13,3,6
62,13,4,10
62,13,5,5
62,13,6,5
62,14,0,3
62,14,1,9
62,14,2,11
62,14,3,11
62,14,4,10
62,14,5,1
62,14,6,6
62,15,0,2
62,15,1,2
62,15,2,7
62,15,3,9
62,15,4,7
62,15,5,1
62,15,6,2
62,16,0,1
62,16,1,5
62,16,2,6
62,16,3,5
62,16,4,3
62,16,5,3
62,16,6,1
62,17,0,1
62,17,1,3
62,17,2,3
62,17,3,8
62,17,4,3
62,17,5,2
62,17,6,1
62,18,0,2
62,18,1,1
62,18,2,4
62,18,4,5
62,18,5,5
62,18,6,4
62,19,0,3
62,19,2,3
62,19,3,2
62,19,4,1
62,19,5,4
62,19,6,1
62,20,1,1
62,20,2,1
62,20,3,3
62,20,4,5
62,20,5,2
62,21,1,1
62,21,3,3
62,21,5,4
62,22,0,1
62,22,4,1
62,23,3,2
63,0,0,1
63,0,3,1
63,0,5,1
63,2,2,2
63,2,3,2
63,3,3,1
63,4,1,1
63,4,2,1
63,4,3,3
63,4,4,1
63,5,1,1
63,5,3,3
63,5,6,1
63,6,0,7
63,6,1,6
63,6,2,11
63,6,3,10
63,6,4,7
63,6,5,4
63,6,6,1
63,7,0,10
63,7,1,7
63,7,2,8
63,7,3,15
63,7,4,10
63,7,5,3
63,7,6,1
63,8,0,9
63,8,1,15
63,8,2,6
63,8,3,9
63,8,4,4
63,8,5,7
63,8,6,1
63,9,0,6
63,9,1,7
63,9,2,10
63,9,3,9
63,9,4,20
63,9,5,4
63,9,6,4
63,10,0,6
63,10,1,4
63,10,2,8
63,10,3,8
63,10,4,12
63,10,5,4
63,10,6,3
63,11,0,4
63,11,1,4
63,11,2,10
63,11,3,9
63,11,4,5
63,11,5,9
63,11,6,3
63,12,0,3
63,12,1,9
63,12,2,7
63,12,3,4
63,12,4,13
63,12,5,2
63,13,0,2
63,13,1,3
63,13,2,5
63,13,3,6
63,13,4,3
63,13,5,3
63,13,6,4
63,14,1,3
63,14,2,7
63,14,3,5
63,14,4,5
63,14,5,5
63,14,6,2
63,15,0,6
63,15,1,4
63,15,2,4
63,15,3,7
63,15,4,7
63,15,5,6
63,15,6,1
63,16,0,2
63,16,1,2
63,16,2,4
63,16,3,3
63,16,4,4
63,16,5,1
63,17,0,2
63,17,1,6
63,17,2,1
63,17,3,2
63,17,4,2
63,18,1,1
63,18,3,1
63,18,4,1
63,18,5,3
63,18,6,1
63,19,2,1
63,19,3,1
63,19,4,2
63,20,1,1
63,20,3,1
63,20,4,1
63,20,5,2
63,20,6,1
63,21,3,1
63,21,5,1
63,22,3,1
63,22,4,2
63,22,5,2
63,23,1,1
63,23,2,1
63,23,3,1
63,23,4,1
64,1,3,1
64,4,1,1
64,4,2,1
64,5,2,1
64,5,6,2
64,6,2,1
64,6,4,1
64,7,3,1
64,8,2,1
64,8,6,1
64,9,6,1
64,10,2,2
64,10,3,2
64,11,1,1
64,11,4,1
64,11,5,1
64,11,6,1
64,12,1,2
64,13,3,1
64,13,4,1
64,13,5,1
64,14,2,1
64,14,3,3
64,14,5,1
64,15,3,1
64,15,6,1
64,16,2,1
64,18,0,1
64,18,1,1
64,19,0,1
64,19,3,1
64,20,6,1
64,21,6,1
65,0,0,2
65,0,3,8
65,0,4,3
65,0,5,9
65,0,6,4
65,1,0,1
65,1,3,5
65,1,5,7
65,1,6,3
65,2,0,1
65,2,3,6
65,2,4,1
65,2,5,2
65,2,6,1
65,3,2,1
65,3,3,6
65,3,5,1
65,3,6,1
65,4,0,1
65,4,3,3
65,4,4,2
65,4,5,4
65,4,6,2
65,5,0,3
65,6,0,2
65,6,1,2
65,6,2,2
65,6,3,5
65,6,4,5
65,6,5,3
65,6,6,1
65,7,0,6
65,7,1,13
65,7,2,10
65,7,3,8
65,7,4,4
65,7,5,3
65,7,6,1
65,8,0,9
65,8,1,7
65,8,2,13
65,8,3,12
65,8,4,12
65,8,5,4
65,8,6,7
65,9,0,8
65,9,1,7
65,9,2,6
65,9,3,13
65,9,4,11
65,9,5,9
65,9,6,5
65,10,0,11
65,10,1,7
65,10,2,5
65,10,3,14
65,10,4,15
65,10,5,11
65,10,6,4
65,11,0,3
65,11,1,11
65,11,2,19
65,11,3,13
65,11,4,15
65,11,5,18
65,11,6,12
65,12,0,13
65,12,1,14
65,12,2,17
65,12,3,14
65,12,4,11
65,12,5,18
65,12,6,12
65,13,0,16
65,13,1,11
65,13,2,8
65,13,3,12
65,13,4,22
65,13,5,9
65,13,6,8
65,14,0,8
65,14,1,21
65,14,2,16
65,14,3,18
65,14,4,14
65,14,5,10
65,14,6,7
65,15,0,9
65,15,1,16
65,15,2,20
65,15,3,26
65,15,4,23
65,15,5,11
65,15,6,7
65,16,0,11
65,16,1,20
65,16,2,29
65,16,3,32
65,16,4,22
65,16,5,13
65,16,6,8
65,17,0,12
65,17,1,26
65,17,2,24
65,17,3,24
65,17,4,36
65,17,5,6
65,17,6,7
65,18,0,8
65,18,1,12
65,18,2,22
65,18,3,15
65,18,4,21
65,18,5,7
65,18,6,5
65,19,0,4
65,19,1,7
65,19,2,7
65,19,3,10
65,19,4,8
65,19,5,6
65,19,6,6
65,20,0,4
65,20,1,3
65,20,2,6
65,20,3,6
65,20,4,5
65,20,5,8
65,20,6,6
65,21,0,3
65,21,1,7
65,21,2,3
65,21,3,12
65,21,4,5
65,21,5,4
65,21,6,2
65,22,0,1
65,22,1,2
65,22,2,4
65,22,3,6
65,22,4,8
65,22,5,8
65,22,6,1
65,23,0,2
65,23,1,3
65,23,2,6
65,23,3,11
65,23,4,17
65,23,5,5
65,23,6,3
66,0,1,2
66,0,3,11
66,0,4,1
66,0,5,2
66,0,6,1
66,1,3,6
66,1,4,1
66,1,5,1
66,1,6,2
66,2,3,2
66,2,5,1
66,2,6,1
66,4,0,1
66,4,2,1
66,4,3,1
66,4,5,1
66,4,6,1
66,5,3,2
66,5,5,2
66,6,0,1
66,6,1,4
66,6,2,1
66,6,3,1
66,6,4,2
66,7,1,2
66,7,2,8
66,7,3,4
66,7,4,6
66,7,5,1
66,7,6,1
66,8,0,7
66,8,1,3
66,8,2,6
66,8,3,10
66,8,4,4
66,8,5,4
66,8,6,2
66,9,1,3
66,9,2,6
66,9,3,4
66,9,4,4
66,9,5,2
66,9,6,2
66,10,1,4
66,10,2,2
66,10,3,7
66,10,4,7
66,10,5,1
66,11,1,6
66,11,3,11
66,11,4,10
66,11,5,8
66,11,6,6
66,12,0,2
66,12,1,3
66,12,2,3
66,12,3,7
66,12,4,9
66,12,5,14
66,12,6,14
66,13,0,5
66,13,1,8
66,13,2,11
66,13,3,13
66,13,4,11
66,13,5,14
66,13,6,9
66,14,0,6
66,14,1,12
66,14,2,2
66,14,3,11
66,14,4,20
66,14,5,17
66,14,6,16
66,15,0,5
66,15,1,9
66,15,2,7
66,15,3,12
66,15,4,16
66,15,5,28
66,15,6,14
66,16,0,9
66,16,1,7
66,16,2,13
66,16,3,8
66,16,4,9
66,16,5,21
66,16,6,13
66,17,0,3
66,17,1,5
66,17,2,10
66,17,3,9
66,17,4,22
66,17,5,27
66,17,6,8
66,18,0,7
66,18,1,7
66,18,2,12
66,18,3,14
66,18,4,20
66,18,5,14
66,18,6,6
66,19,0,3
66,19,1,3
66,19,2,13
66,19,3,6
66,19,4,11
66,19,5,5
66,19,6,5
66,20,0,3
66,20,1,8
66,20,2,7
66,20,3,9
66,20,4,9
66,20,5,7
66,20,6,6
66,21,0,2
66,21,1,5
66,21,2,5
66,21,3,10
66,21,4,8
66,21,5,10
66,21,6,1
66,22,0,2
66,22,1,12
66,22,2,8
66,22,3,11
66,22,4,13
66,22,5,11
66,23,1,2
66,23,2,4
66,23,3,4
66,23,4,3
67,0,1,1
67,1,2,1
67,2,5,1
67,2,6,1
67,3,5,2
67,4,5,1
67,5,0,3
67,5,1,1
67,5,2,2
67,5,3,1
67,5,4,1
67,5,6,1
67,6,0,1
67,6,1,3
67,6,2,2
67,6,3,1
67,6,4,1
67,7,0,1
67,7,1,1
67,7,3,2
67,7,4,2
67,8,0,1
67,8,1,3
67,8,2,4
67,8,3,1
67,8,4,3
67,8,5,1
67,8,6,2
67,9,0,3
67,9,1,4
67,9,3,5
67,9,4,5
67,9,5,2
67,10,0,2
67,10,1,3
67,10,2,3
67,10,3,1
67,10,5,2
67,11,0,4
67,11,1,3
67,11,2,1
67,11,3,3
67,11,4,3
67,11,5,2
67,11,6,3
67,12,0,2
67,12,1,3
67,12,2,1
67,12,3,3
67,12,4,1
67,12,5,1
67,12,6,1
67,13,0,1
67,13,1,1
67,13,2,3
67,13,3,2
67,13,4,5
67,13,5,1
67,13,6,1
67,14,0,1
67,14,1,2
67,14,2,1
67,14,3,2
67,14,5,4
67,15,0,3
67,15,1,1
67,15,2,2
67,15,3,3
67,15,4,5
67,15,5,1
67,16,0,2
67,16,1,1
67,16,2,2
67,16,3,2
67,16,5,2
67,17,1,2
67,17,2,1
67,17,3,1
67,17,4,2
67,17,6,1
67,18,1,1
67,18,2,1
67,18,3,2
67,18,4,3
67,18,5,2
67,19,0,1
67,19,3,1
67,19,5,1
67,20,3,2
67,21,4,1
67,22,4,1
67,23,1,1
67,23,4,1
68,0,0,78
68,0,1,80
68,0,2,108
68,0,3,224
68,0,4,222
68,0,5,341
68,0,6,276
68,1,0,34
68,1,1,26
68,1,2,44
68,1,3,149
68,1,4,87
68,1,5,230
68,1,6,153
68,2,0,28
68,2,1,28
68,2,2,16
68,2,3,140
68,2,4,54
68,2,5,168
68,2,6,121
68,3,0,14
68,3,1,20
68,3,2,7
68,3,3,97
68,3,4,32
68,3,5,128
68,3,6,106
68,4,0,17
68,4,1,10
68,4,2,8
68,4,3,64
68,4,4,24
68,4,5,92
68,4,6,70
68,5,0,22
68,5,1,37
68,5,2,39
68,5,3,75
68,5,4,52
68,5,5,28
68,5,6,25
68,6,0,45
68,6,1,63
68,6,2,87
68,6,3,84
68,6,4,86
68,6,5,55
68,6,6,36
68,7,0,86
68,7,1,146
68,7,2,163
68,7,3,169
68,7,4,162
68,7,5,92
68,7,6,49
68,8,0,189
68,8,1,291
68,8,2,320
68,8,3,367
68,8,4,304
68,8,5,154
68,8,6,89
68,9,0,274
68,9,1,423
68,9,2,436
68,9,3,426
68,9,4,424
68,9,5,306
68,9,6,165
68,10,0,322
68,10,1,455
68,10,2,470
68,10,3,459
68,10,4,493
68,10,5,472
68,10,6,232
68,11,0,359
68,11,1,477
68,11,2,537
68,11,3,610
68,11,4,619
68,11,5,589
68,11,6,343
68,12,0,330
68,12,1,435
68,12,2,456
68,12,3,546
68,12,4,534
68,12,5,662
68,12,6,351
68,13,0,425
68,13,1,417
68,13,2,500
68,13,3,605
68,13,4,589
68,13,5,729
68,13,6,421
68,14,0,384
68,14,1,460
68,14,2,458
68,14,3,560
68,14,4,649
68,14,5,684
68,14,6,467
68,15,0,426
68,15,1,514
68,15,2,574
68,15,3,592
68,15,4,737
68,15,5,736
68,15,6,349
68,16,0,445
68,16,1,585
68,16,2,581
68,16,3,669
68,16,4,657
68,16,5,712
68,16,6,399
68,17,0,539
68,17,1,704
68,17,2,759
68,17,3,877
68,17,4,798
68,17,5,745
68,17,6,429
68,18,0,569
68,18,1,717
68,18,2,767
68,18,3,928
68,18,4,943
68,18,5,699
68,18,6,406
68,19,0,443
68,19,1,617
68,19,2,699
68,19,3,856
68,19,4,756
68,19,5,697
68,19,6,332
68,20,0,427
68,20,1,589
68,20,2,623
68,20,3,875
68,20,4,633
68,20,5,557
68,20,6,319
68,21,0,401
68,21,1,451
68,21,2,613
68,21,3,771
68,21,4,658
68,21,5,551
68,21,6,242
68,22,0,303
68,22,1,340
68,22,2,502
68,22,3,588
68,22,4,699
68,22,5,574
68,22,6,204
68,23,0,156
68,23,1,217
68,23,2,241
68,23,3,406
68,23,4,497
68,23,5,466
68,23,6,145
69,0,5,1
69,1,3,5
69,3,3,1
69,4,0,2
69,4,1,2
69,4,2,4
69,4,3,4
69,4,5,1
69,4,6,1
69,5,0,1
69,5,1,1
69,5,2,6
69,5,3,4
69,5,4,9
69,5,5,2
69,6,0,10
69,6,1,21
69,6,2,17
69,6,3,23
69,6,4,13
69,6,5,4
69,6,6,1
69,7,0,19
69,7,1,24
69,7,2,23
69,7,3,27
69,7,4,20
69,7,5,8
69,7,6,3
69,8,0,10
69,8,1,12
69,8,2,21
69,8,3,23
69,8,4,21
69,8,5,8
69,8,6,9
69,9,0,14
69,9,1,18
69,9,2,18
69,9,3,35
69,9,4,21
69,9,5,10
69,9,6,6
69,10,0,13
69,10,1,9
69,10,2,13
69,10,3,15
69,10,4,17
69,10,5,11
69,10,6,6
69,11,0,7
69,11,1,14
69,11,2,11
69,11,3,16
69,11,4,18
69,11,5,7
69,11,6,5
69,12,0,9
69,12,1,10
69,12,2,8
69,12,3,8
69,12,4,10
69,12,5,6
69,12,6,1
69,13,0,7
69,13,1,10
69,13,2,10
69,13,3,16
69,13,4,9
69,13,5,9
69,13,6,4
69,14,0,1
69,14,1,10
69,14,2,7
69,14,3,8
69,14,4,11
69,14,5,9
69,14,6,9
69,15,0,1
69,15,1,13
69,15,2,3
69,15,3,8
69,15,4,15
69,15,5,4
69,15,6,3
69,16,0,2
69,16,1,7
69,16,2,9
69,16,3,9
69,16,4,12
69,16,5,2
69,16,6,3
69,17,0,10
69,17,1,6
69,17,2,11
69,17,3,11
69,17,4,12
69,17,5,2
69,17,6,1
69,18,0,3
69,18,1,7
69,18,2,7
69,18,3,9
69,18,4,2
69,18,5,4
69,19,1,1
69,19,3,1
69,19,4,7
69,19,5,3
69,19,6,4
69,20,2,1
69,20,3,2
69,20,4,1
69,20,5,6
69,20,6,1
69,21,2,2
69,21,3,1
69,21,4,1
69,21,5,4
69,22,0,1
69,22,3,1
69,22,4,1
69,22,5,1
69,23,0,1
69,23,1,1
69,23,2,1
69,23,5,1
69,23,6,1
70,0,0,36
70,0,1,45
70,0,2,28
70,0,3,30
70,0,4,42
70,0,5,42
70,0,6,27
70,1,0,8
70,1,1,10
70,1,2,11
70,1,3,3
70,1,4,13
70,1,5,9
70,1,6,6
70,2,0,6
70,2,1,5
70,2,2,5
70,2,3,1
70,2,4,3
70,2,5,1
70,2,6,4
70,3,0,3
70,3,1,1
70,3,5,3
70,4,0,1
70,4,1,1
70,4,2,3
70,4,3,2
70,4,6,1
70,5,0,1
70,5,1,1
70,5,3,2
70,5,4,2
70,5,5,1
70,6,0,2
70,6,1,2
70,6,2,6
70,6,3,1
70,6,4,2
70,6,5,3
70,6,6,3
70,7,0,16
70,7,1,15
70,7,2,18
70,7,3,18
70,7,4,12
70,7,5,4
70,7,6,4
70,8,0,19
70,8,1,41
70,8,2,22
70,8,3,14
70,8,4,24
70,8,5,13
70,8,6,10
70,9,0,27
70,9,1,60
70,9,2,40
70,9,3,64
70,9,4,49
70,9,5,48
70,9,6,34
70,10,0,37
70,10,1,64
70,10,2,52
70,10,3,48
70,10,4,53
70,10,5,43
70,10,6,41
70,11,0,48
70,11,1,46
70,11,2,38
70,11,3,43
70,11,4,43
70,11,5,41
70,11,6,30
70,12,0,27
70,12,1,37
70,12,2,26
70,12,3,55
70,12,4,43
70,12,5,45
70,12,6,31
70,13,0,43
70,13,1,55
70,13,2,56
70,13,3,74
70,13,4,58
70,13,5,62
70,13,6,32
70,14,0,57
70,14,1,75
70,14,2,59
70,14,3,92
70,14,4,94
70,14,5,43
70,14,6,77
70,15,0,75
70,15,1,68
70,15,2,58
70,15,3,85
70,15,4,79
70,15,5,73
70,15,6,59
70,16,0,70
70,16,1,68
70,16,2,61
70,16,3,64
70,16,4,80
70,16,5,59
70,16,6,53
70,17,0,73
70,17,1,57
70,17,2,42
70,17,3,77
70,17,4,75
70,17,5,53
70,17,6,51
70,18,0,53
70,18,1,35
70,18,2,47
70,18,3,61
70,18,4,61
70,18,5,41
70,18,6,35
70,19,0,55
70,19,1,39
70,19,2,36
70,19,3,59
70,19,4,45
70,19,5,32
70,19,6,35
70,20,0,55
70,20,1,53
70,20,2,45
70,20,3,77
70,20,4,73
70,20,5,56
70,20,6,47
70,21,0,70
70,21,1,46
70,21,2,48
70,21,3,72
70,21,4,49
70,21,5,45
70,21,6,44
70,22,0,67
70,22,1,50
70,22,2,40
70,22,3,63
70,22,4,58
70,22,5,34
70,22,6,43
70,23,0,78
70,23,1,47
70,23,2,55
70,23,3,69
70,23,4,50
70,23,5,37
70,23,6,59
71,0,3,1
71,0,4,1
71,0,5,1
71,0,6,1
71,1,3,1
71,1,5,1
71,3,2,1
71,3,3,1
71,3,5,3
71,3,6,1
71,4,1,13
71,4,2,10
71,4,3,2
71,4,4,2
71,4,5,3
71,5,0,6
71,5,1,2
71,5,2,9
71,5,3,11
71,5,4,13
71,5,5,1
71,5,6,1
71,6,0,13
71,6,1,10
71,6,2,14
71,6,3,17
71,6,4,19
71,6,5,8
71,6,6,2
71,7,0,16
71,7,1,11
71,7,2,10
71,7,3,25
71,7,4,20
71,7,5,3
71,7,6,2
71,8,0,15
71,8,1,22
71,8,2,20
71,8,3,28
71,8,4,21
71,8,5,7
71,8,6,4
71,9,0,11
71,9,1,9
71,9,2,20
71,9,3,31
71,9,4,20
71,9,5,10
71,9,6,12
71,10,0,16
71,10,1,14
71,10,2,17
71,10,3,23
71,10,4,15
71,10,5,9
71,10,6,7
71,11,0,5
71,11,1,13
71,11,2,10
71,11,3,18
71,11,4,8
71,11,5,3
71,11,6,4
71,12,0,5
71,12,1,13
71,12,2,10
71,12,3,11
71,12,4,15
71,12,5,7
71,12,6,4
71,13,0,6
71,13,1,7
71,13,2,14
71,13,3,8
71,13,4,18
71,13,5,5
71,13,6,7
71,14,0,4
71,14,1,14
71,14,2,7
71,14,3,16
71,14,4,13
71,14,5,2
71,14,6,8
71,15,0,7
71,15,1,7
71,15,2,8
71,15,3,10
71,15,4,9
71,15,5,4
71,15,6,3
71,16,0,1
71,16,1,6
71,16,2,9
71,16,3,16
71,16,4,14
71,16,5,6
71,16,6,3
71,17,0,3
71,17,1,4
71,17,2,5
71,17,3,5
71,17,4,10
71,17,6,3
71,18,0,1
71,18,1,1
71,18,2,3
71,18,3,2
71,18,4,5
71,18,5,1
71,18,6,1
71,19,0,2
71,19,1,2
71,19,2,1
71,19,4,2
71,19,5,3
71,19,6,1
71,20,0,1
71,20,1,1
71,20,3,1
71,20,4,5
71,20,5,2
71,20,6,1
71,21,1,4
71,21,2,2
71,21,3,1
71,22,3,1
71,22,4,1
72,0,1,1
72,0,3,1
72,0,5,2
72,0,6,2
72,1,3,1
72,2,1,1
72,3,0,1
72,3,1,1
72,3,2,1
72,3,3,1
72,3,4,2
72,4,0,1
72,4,2,3
72,4,3,3
72,4,4,6
72,4,5,1
72,4,6,2
72,5,0,4
72,5,1,9
72,5,2,7
72,5,3,15
72,5,4,7
72,5,5,3
72,6,0,11
72,6,1,21
72,6,2,10
72,6,3,12
72,6,4,16
72,6,5,2
72,6,6,2
72,7,0,10
72,7,1,15
72,7,2,12
72,7,3,13
72,7,4,20
72,7,5,4
72,8,0,14
72,8,1,13
72,8,2,30
72,8,3,22
72,8,4,20
72,8,5,12
72,8,6,5
72,9,0,18
72,9,1,23
72,9,2,22
72,9,3,27
72,9,4,36
72,9,5,16
72,9,6,13
72,10,0,13
72,10,1,13
72,10,2,16
72,10,3,28
72,10,4,26
72,10,5,11
72,10,6,13
72,11,0,11
72,11,1,14
72,11,2,19
72,11,3,17
72,11,4,10
72,11,5,12
72,11,6,8
72,12,0,8
72,12,1,17
72,12,2,16
72,12,3,24
72,12,4,15
72,12,5,6
72,12,6,6
72,13,0,10
72,13,1,11
72,13,2,12
72,13,3,13
72,13,4,24
72,13,5,8
72,13,6,6
72,14,0,7
72,14,1,5
72,14,2,9
72,14,3,15
72,14,4,11
72,14,5,7
72,14,6,8
72,15,0,6
72,15,1,15
72,15,2,14
72,15,3,10
72,15,4,11
72,15,5,4
72,15,6,5
72,16,0,9
72,16,1,4
72,16,2,6
72,16,3,9
72,16,4,12
72,16,5,6
72,16,6,4
72,17,0,3
72,17,1,3
72,17,2,4
72,17,3,7
72,17,4,9
72,17,5,10
72,17,6,2
72,18,1,1
72,18,2,6
72,18,3,6
72,18,4,8
72,18,5,8
72,18,6,4
72,19,0,1
72,19,1,5
72,19,2,8
72,19,3,3
72,19,4,7
72,19,5,6
72,19,6,3
72,20,0,1
72,20,1,1
72,20,2,2
72,20,3,3
72,20,4,1
72,20,5,3
72,21,1,1
72,21,2,2
72,21,4,4
72,21,5,3
72,21,6,1
72,22,2,1
72,22,4,2
72,22,5,1
72,22,6,1
72,23,1,1
72,23,3,1
72,23,5,2
73,7,1,1
73,7,4,1
73,7,6,1
73,8,0,1
73,8,1,2
73,8,3,1
73,8,4,3
73,9,0,2
73,9,3,2
73,9,4,1
73,10,0,1
73,10,1,1
73,10,2,1
73,10,3,1
73,10,4,2
73,10,5,1
73,11,2,3
73,11,5,1
73,12,3,3
73,12,4,2
73,13,0,2
73,13,2,1
73,13,3,1
73,13,5,1
73,13,6,2
73,14,0,1
73,14,2,1
73,14,6,1
73,15,1,1
73,15,2,1
73,15,3,1
73,15,6,3
73,16,1,1
73,16,4,1
73,19,1,1
73,19,5,1
73,19,6,1
73,23,2,1
73,23,3,1
73,23,4,1
74,0,0,9
74,0,1,13
74,0,2,13
74,0,3,18
74,0,4,10
74,0,5,13
74,0,6,9
74,1,0,5
74,1,1,2
74,1,2,3
74,1,3,10
74,1,4,7
74,1,5,4
74,1,6,5
74,2,0,1
74,2,1,3
74,2,2,2
74,2,3,10
74,2,4,5
74,2,5,9
74,2,6,4
74,3,0,2
74,3,1,5
74,3,2,2
74,3,3,7
74,3,4,3
74,3,5,2
74,3,6,2
74,4,0,5
74,4,1,7
74,4,2,14
74,4,3,13
74,4,4,12
74,4,5,8
74,4,6,5
74,5,0,7
74,5,1,19
74,5,2,17
74,5,3,7
74,5,4,14
74,5,5,13
74,5,6,6
74,6,0,17
74,6,1,20
74,6,2,21
74,6,3,29
74,6,4,17
74,6,5,12
74,6,6,13
74,7,0,31
74,7,1,76
74,7,2,83
74,7,3,90
74,7,4,68
74,7,5,28
74,7,6,24
74,8,0,46
74,8,1,85
74,8,2,80
74,8,3,75
74,8,4,80
74,8,5,36
74,8,6,16
74,9,0,36
74,9,1,63
74,9,2,75
74,9,3,56
74,9,4,66
74,9,5,58
74,9,6,18
74,10,0,39
74,10,1,56
74,10,2,46
74,10,3,58
74,10,4,67
74,10,5,44
74,10,6,44
74,11,0,32
74,11,1,39
74,11,2,54
74,11,3,52
74,11,4,72
74,11,5,58
74,11,6,31
74,12,0,40
74,12,1,50
74,12,2,46
74,12,3,65
74,12,4,67
74,12,5,61
74,12,6,53
74,13,0,41
74,13,1,42
74,13,2,50
74,13,3,57
74,13,4,76
74,13,5,61
74,13,6,34
74,14,0,49
74,14,1,49
74,14,2,62
74,14,3,73
74,14,4,78
74,14,5,54
74,14,6,37
74,15,0,41
74,15,1,64
74,15,2,71
74,15,3,64
74,15,4,87
74,15,5,45
74,15,6,32
74,16,0,37
74,16,1,44
74,16,2,66
74,16,3,80
74,16,4,77
74,16,5,54
74,16,6,26
74,17,0,31
74,17,1,40
74,17,2,44
74,17,3,66
74,17,4,87
74,17,5,53
74,17,6,21
74,18,0,31
74,18,1,52
74,18,2,47
74,18,3,78
74,18,4,69
74,18,5,54
74,18,6,25
74,19,0,20
74,19,1,21
74,19,2,28
74,19,3,32
74,19,4,47
74,19,5,22
74,19,6,14
74,20,0,24
74,20,1,21
74,20,2,17
74,20,3,27
74,20,4,25
74,20,5,30
74,20,6,14
74,21,0,15
74,21,1,15
74,21,2,20
74,21,3,14
74,21,4,26
74,21,5,23
74,21,6,12
74,22,0,21
74,22,1,11
74,22,2,10
74,22,3,20
74,22,4,17
74,22,5,20
74,22,6,12
74,23,0,10
74,23,1,7
74,23,2,8
74,23,3,10
74,23,4,20
74,23,5,19
74,23,6,7
75,0,0,8
75,0,1,14
75,0,2,4
75,0,3,27
75,0,4,11
75,0,5,29
75,0,6,21
75,1,0,5
75,1,1,6
75,1,2,7
75,1,3,26
75,1,4,12
75,1,5,16
75,1,6,15
75,2,0,2
75,2,1,3
75,2,2,4
75,2,3,10
75,2,4,3
75,2,5,8
75,2,6,5
75,3,0,2
75,3,1,4
75,3,2,2
75,3,3,8
75,3,4,5
75,3,5,5
75,3,6,5
75,4,0,4
75,4,1,9
75,4,2,7
75,4,3,15
75,4,4,8
75,4,5,10
75,4,6,10
75,5,0,9
75,5,1,19
75,5,2,23
75,5,3,21
75,5,4,21
75,5,5,9
75,5,6,15
75,6,0,37
75,6,1,48
75,6,2,36
75,6,3,59
75,6,4,52
75,6,5,24
75,6,6,18
75,7,0,61
75,7,1,103
75,7,2,115
75,7,3,142
75,7,4,166
75,7,5,56
75,7,6,35
75,8,0,97
75,8,1,157
75,8,2,150
75,8,3,144
75,8,4,162
75,8,5,97
75,8,6,40
75,9,0,97
75,9,1,136
75,9,2,144
75,9,3,154
75,9,4,178
75,9,5,149
75,9,6,71
75,10,0,92
75,10,1,138
75,10,2,172
75,10,3,176
75,10,4,173
75,10,5,140
75,10,6,87
75,11,0,121
75,11,1,175
75,11,2,205
75,11,3,210
75,11,4,216
75,11,5,136
75,11,6,68
75,12,0,113
75,12,1,173
75,12,2,203
75,12,3,180
75,12,4,224
75,12,5,117
75,12,6,67
75,13,0,113
75,13,1,149
75,13,2,185
75,13,3,210
75,13,4,230
75,13,5,142
75,13,6,80
75,14,0,141
75,14,1,224
75,14,2,199
75,14,3,206
75,14,4,281
75,14,5,133
75,14,6,85
75,15,0,183
75,15,1,248
75,15,2,255
75,15,3,290
75,15,4,265
75,15,5,151
75,15,6,72
75,16,0,137
75,16,1,228
75,16,2,194
75,16,3,251
75,16,4,218
75,16,5,122
75,16,6,75
75,17,0,147
75,17,1,208
75,17,2,237
75,17,3,220
75,17,4,219
75,17,5,107
75,17,6,56
75,18,0,106
75,18,1,157
75,18,2,164
75,18,3,170
75,18,4,179
75,18,5,113
75,18,6,50
75,19,0,64
75,19,1,94
75,19,2,105
75,19,3,124
75,19,4,116
75,19,5,72
75,19,6,47
75,20,0,43
75,20,1,58
75,20,2,79
75,20,3,98
75,20,4,88
75,20,5,68
75,20,6,48
75,21,0,30
75,21,1,44
75,21,2,39
75,21,3,70
75,21,4,80
75,21,5,45
75,21,6,25
75,22,0,24
75,22,1,32
75,22,2,22
75,22,3,55
75,22,4,63
75,22,5,34
75,22,6,19
75,23,0,13
75,23,1,21
75,23,2,19
75,23,3,32
75,23,4,36
75,23,5,39
75,23,6,13
76,0,3,2
76,0,4,2
76,0,5,1
76,1,3,4
76,1,6,1
76,2,3,4
76,2,6,1
76,3,1,1
76,3,2,1
76,3,3,3
76,4,0,3
76,4,1,7
76,4,2,9
76,4,3,9
76,4,4,9
76,4,5,3
76,4,6,1
76,5,0,9
76,5,1,19
76,5,2,14
76,5,3,19
76,5,4,19
76,5,5,9
76,5,6,5
76,6,0,20
76,6,1,39
76,6,2,28
76,6,3,41
76,6,4,46
76,6,5,16
76,6,6,2
76,7,0,29
76,7,1,45
76,7,2,46
76,7,3,47
76,7,4,53
76,7,5,11
76,7,6,10
76,8,0,29
76,8,1,34
76,8,2,50
76,8,3,44
76,8,4,60
76,8,5,22
76,8,6,25
76,9,0,19
76,9,1,48
76,9,2,52
76,9,3,56
76,9,4,62
76,9,5,25
76,9,6,19
76,10,0,21
76,10,1,34
76,10,2,44
76,10,3,51
76,10,4,40
76,10,5,29
76,10,6,30
76,11,0,21
76,11,1,33
76,11,2,33
76,11,3,51
76,11,4,47
76,11,5,30
76,11,6,16
76,12,0,21
76,12,1,35
76,12,2,26
76,12,3,44
76,12,4,38
76,12,5,29
76,12,6,16
76,13,0,18
76,13,1,29
76,13,2,27
76,13,3,31
76,13,4,30
76,13,5,22
76,13,6,25
76,14,0,22
76,14,1,25
76,14,2,40
76,14,3,26
76,14,4,36
76,14,5,14
76,14,6,11
76,15,0,15
76,15,1,23
76,15,2,22
76,15,3,20
76,15,4,39
76,15,5,17
76,15,6,11
76,16,0,11
76,16,1,16
76,16,2,21
76,16,3,15
76,16,4,26
76,16,5,15
76,16,6,6
76,17,0,10
76,17,1,10
76,17,2,6
76,17,3,24
76,17,4,27
76,17,5,11
76,17,6,8
76,18,0,6
76,18,1,7
76,18,2,7
76,18,3,9
76,18,4,9
76,18,5,7
76,18,6,8
76,19,0,4
76,19,1,3
76,19,2,9
76,19,3,12
76,19,4,11
76,19,5,12
76,19,6,4
76,20,0,4
76,20,1,5
76,20,2,1
76,20,3,6
76,20,4,9
76,20,5,5
76,20,6,3
76,21,0,1
76,21,1,2
76,21,2,2
76,21,3,6
76,21,4,10
76,21,5,2
76,21,6,3
76,22,0,1
76,22,1,2
76,22,2,3
76,22,3,1
76,22,4,6
76,22,5,8
76,22,6,1
76,23,0,1
76,23,2,1
76,23,3,1
76,23,6,2
77,0,4,1
77,0,5,1
77,0,6,1
77,1,3,2
77,3,3,1
77,3,6,1
77,4,0,3
77,4,1,1
77,4,2,4
77,4,3,4
77,4,4,4
77,4,5,1
77,4,6,1
77,5,0,2
77,5,1,8
77,5,2,6
77,5,3,4
77,5,4,4
77,5,5,2
77,5,6,3
77,6,0,6
77,6,1,13
77,6,2,15
77,6,3,6
77,6,4,14
77,7,0,10
77,7,1,14
77,7,2,12
77,7,3,7
77,7,4,11
77,7,5,3
77,7,6,2
77,8,0,12
77,8,1,14
77,8,2,14
77,8,3,17
77,8,4,13
77,8,5,10
77,8,6,9
77,9,0,9
77,9,1,15
77,9,2,11
77,9,3,17
77,9,4,12
77,9,5,5
77,9,6,8
77,10,0,9
77,10,1,8
77,10,2,14
77,10,3,14
77,10,4,24
77,10,5,9
77,10,6,10
77,11,0,5
77,11,1,5
77,11,2,8
77,11,3,14
77,11,4,14
77,11,5,7
77,11,6,5
77,12,0,2
77,12,1,4
77,12,2,5
77,12,3,9
77,12,4,2
77,12,5,10
77,12,6,5
77,13,0,4
77,13,1,3
77,13,2,2
77,13,3,12
77,13,4,6
77,13,5,2
77,13,6,3
77,14,0,2
77,14,1,5
77,14,2,10
77,14,3,12
77,14,4,9
77,14,5,4
77,14,6,4
77,15,0,3
77,15,1,7
77,15,2,7
77,15,3,8
77,15,4,6
77,15,6,3
77,16,0,1
77,16,1,7
77,16,2,5
77,16,3,7
77,16,4,7
77,16,5,3
77,16,6,1
77,17,0,1
77,17,1,6
77,17,2,5
77,17,3,10
77,17,4,6
77,17,5,2
77,17,6,3
77,18,0,4
77,18,1,2
77,18,3,4
77,18,4,1
77,18,5,1
77,18,6,5
77,19,0,1
77,19,1,1
77,19,3,3
77,19,4,1
77,19,5,2
77,20,0,1
77,20,2,2
77,20,3,1
77,20,4,1
77,20,5,3
77,20,6,2
77,21,1,1
77,21,4,1
77,21,5,2
77,21,6,1
77,23,0,1
77,23,1,1
77,23,2,1
77,23,3,1
77,23,5,1
77,23,6,1
78,0,6,1
78,1,3,3
78,1,4,1
78,1,6,1
78,2,3,1
78,4,0,3
78,4,1,2
78,4,2,3
78,4,3,2
78,4,4,3
78,5,0,3
78,5,1,8
78,5,2,9
78,5,3,6
78,5,4,6
78,5,5,5
78,5,6,2
78,6,0,3
78,6,1,9
78,6,2,10
78,6,3,7
78,6,4,12
78,6,5,4
78,7,0,13
78,7,1,15
78,7,2,10
78,7,3,17
78,7,4,15
78,7,5,9
78,7,6,4
78,8,0,9
78,8,1,12
78,8,2,15
78,8,3,9
78,8,4,10
78,8,5,3
78,8,6,10
78,9,0,8
78,9,1,3
78,9,2,7
78,9,3,6
78,9,4,13
78,9,5,4
78,9,6,10
78,10,0,6
78,10,1,11
78,10,2,6
78,10,3,5
78,10,4,16
78,10,5,7
78,10,6,4
78,11,0,4
78,11,1,8
78,11,2,6
78,11,3,10
78,11,4,7
78,11,5,3
78,11,6,4
78,12,0,6
78,12,1,5
78,12,2,4
78,12,3,4
78,12,4,7
78,12,5,3
78,13,0,4
78,13,1,6
78,13,2,7
78,13,3,9
78,13,4,17
78,13,5,5
78,13,6,1
78,14,0,5
78,14,1,6
78,14,2,5
78,14,3,10
78,14,4,8
78,14,5,3
78,14,6,1
78,15,0,2
78,15,1,9
78,15,2,9
78,15,3,3
78,15,4,3
78,15,5,2
78,15,6,3
78,16,0,6
78,16,1,1
78,16,2,8
78,16,3,4
78,16,4,5
78,16,5,4
78,16,6,2
78,17,0,3
78,17,1,1
78,17,2,3
78,17,3,6
78,17,4,7
78,17,5,5
78,18,0,3
78,18,1,6
78,18,4,5
78,18,5,3
78,18,6,2
78,19,0,1
78,19,1,3
78,19,2,2
78,19,4,2
78,19,5,2
78,19,6,2
78,20,1,1
78,20,2,4
78,20,3,1
78,20,4,1
78,20,5,1
78,20,6,1
78,21,1,1
78,21,4,1
78,21,5,2
78,22,0,1
78,22,2,3
78,22,3,1
78,22,4,3
78,22,5,2
78,22,6,1
78,23,0,1
78,23,4,2
78,23,6,1
79,0,0,128
79,0,1,91
79,0,2,145
79,0,3,400
79,0,4,409
79,0,5,1504
79,0,6,1208
79,1,0,83
79,1,1,42
79,1,2,81
79,1,3,276
79,1,4,270
79,1,5,1635
79,1,6,1151
79,2,0,55
79,2,1,26
79,2,2,55
79,2,3,341
79,2,4,168
79,2,5,1141
79,2,6,931
79,3,0,37
79,3,1,24
79,3,2,45
79,3,3,294
79,3,4,144
79,3,5,704
79,3,6,595
79,4,0,28
79,4,1,15
79,4,2,24
79,4,3,171
79,4,4,83
79,4,5,310
79,4,6,243
79,5,0,14
79,5,1,14
79,5,2,15
79,5,3,58
79,5,4,32
79,5,5,51
79,5,6,37
79,6,0,28
79,6,1,44
79,6,2,36
79,6,3,54
79,6,4,54
79,6,5,59
79,6,6,40
79,7,0,54
79,7,1,107
79,7,2,115
79,7,3,127
79,7,4,118
79,7,5,79
79,7,6,33
79,8,0,98
79,8,1,139
79,8,2,138
79,8,3,167
79,8,4,174
79,8,5,93
79,8,6,53
79,9,0,133
79,9,1,186
79,9,2,208
79,9,3,234
79,9,4,217
79,9,5,172
79,9,6,77
79,10,0,144
79,10,1,172
79,10,2,166
79,10,3,199
79,10,4,205
79,10,5,230
79,10,6,120
79,11,0,114
79,11,1,166
79,11,2,153
79,11,3,197
79,11,4,244
79,11,5,274
79,11,6,188
79,12,0,147
79,12,1,165
79,12,2,165
79,12,3,227
79,12,4,270
79,12,5,386
79,12,6,182
79,13,0,151
79,13,1,140
79,13,2,200
79,13,3,212
79,13,4,266
79,13,5,423
79,13,6,225
79,14,0,190
79,14,1,170
79,14,2,187
79,14,3,248
79,14,4,285
79,14,5,410
79,14,6,238
79,15,0,167
79,15,1,170
79,15,2,211
79,15,3,264
79,15,4,278
79,15,5,482
79,15,6,246
79,16,0,150
79,16,1,157
79,16,2,187
79,16,3,228
79,16,4,295
79,16,5,517
79,16,6,244
79,17,0,170
79,17,1,216
79,17,2,219
79,17,3,291
79,17,4,380
79,17,5,508
79,17,6,255
79,18,0,188
79,18,1,272
79,18,2,323
79,18,3,468
79,18,4,505
79,18,5,651
79,18,6,304
79,19,0,208
79,19,1,276
79,19,2,362
79,19,3,451
79,19,4,596
79,19,5,751
79,19,6,298
79,20,0,253
79,20,1,349
79,20,2,389
79,20,3,567
79,20,4,710
79,20,5,829
79,20,6,280
79,21,0,264
79,21,1,448
79,21,2,548
79,21,3,782
79,21,4,896
79,21,5,1033
79,21,6,262
79,22,0,205
79,22,1,342
79,22,2,441
79,22,3,684
79,22,4,1106
79,22,5,1247
79,22,6,257
79,23,0,152
79,23,1,221
79,23,2,287
79,23,3,626
79,23,4,1420
79,23,5,1455
79,23,6,188
80,0,0,5
80,0,1,2
80,0,2,3
80,0,3,11
80,0,4,1
80,0,5,11
80,0,6,3
80,1,0,1
80,1,3,7
80,1,5,11
80,1,6,9
80,2,0,1
80,2,1,1
80,2,3,12
80,2,4,2
80,2,5,10
80,2,6,6
80,3,0,1
80,3,3,4
80,3,4,2
80,3,5,11
80,3,6,7
80,4,0,1
80,4,2,1
80,4,3,2
80,4,4,1
80,4,5,7
80,4,6,6
80,5,0,1
80,5,2,1
80,5,3,2
80,5,4,1
80,5,5,3
80,5,6,3
80,6,2,3
80,6,3,5
80,6,4,4
80,6,6,1
80,7,0,4
80,7,1,7
80,7,2,8
80,7,3,6
80,7,4,7
80,7,5,4
80,7,6,4
80,8,0,4
80,8,1,5
80,8,2,7
80,8,3,5
80,8,4,10
80,8,5,2
80,8,6,3
80,9,0,11
80,9,1,15
80,9,2,8
80,9,3,9
80,9,4,13
80,9,5,5
80,9,6,9
80,10,0,2
80,10,1,7
80,10,2,9
80,10,3,11
80,10,4,13
80,10,5,5
80,10,6,5
80,11,0,8
80,11,1,9
80,11,2,8
80,11,3,14
80,11,4,12
80,11,5,3
80,11,6,3
80,12,0,6
80,12,1,3
80,12,2,6
80,12,3,8
80,12,4,3
80,12,5,3
80,12,6,3
80,13,0,3
80,13,1,8
80,13,2,8
80,13,3,4
80,13,4,6
80,13,5,4
80,13,6,1
80,14,0,7
80,14,1,4
80,14,2,3
80,14,3,2
80,14,4,10
80,14,5,6
80,14,6,3
80,15,0,1
80,15,1,6
80,15,2,8
80,15,3,5
80,15,4,12
80,15,5,4
80,15,6,3
80,16,0,8
80,16,1,3
80,16,2,5
80,16,3,5
80,16,4,9
80,16,5,6
80,16,6,3
80,17,0,3
80,17,1,3
80,17,2,3
80,17,3,9
80,17,4,3
80,17,5,5
80,17,6,2
80,18,0,5
80,18,1,4
80,18,2,3
80,18,3,3
80,18,4,4
80,18,5,4
80,18,6,3
80,19,0,1
80,19,1,1
80,19,4,6
80,19,5,4
80,19,6,12
80,20,1,1
80,20,3,2
80,20,4,6
80,20,5,4
80,20,6,2
80,21,1,1
80,21,2,1
80,21,3,1
80,21,4,4
80,21,5,6
80,22,0,5
80,22,2,4
80,22,3,5
80,22,4,4
80,22,5,5
80,22,6,4
80,23,0,1
80,23,1,4
80,23,2,1
80,23,3,9
80,23,4,7
80,23,5,4
80,23,6,3
81,0,3,2
81,0,6,1
81,1,5,1
81,2,3,1
81,4,0,2
81,4,1,2
81,4,2,1
81,4,3,3
81,4,4,3
81,5,0,1
81,5,1,4
81,5,2,2
81,5,3,4
81,5,4,6
81,5,5,1
81,5,6,1
81,6,0,7
81,6,1,7
81,6,2,8
81,6,3,5
81,6,4,9
81,7,0,4
81,7,1,7
81,7,2,7
81,7,3,8
81,7,4,12
81,7,5,6
81,7,6,4
81,8,0,4
81,8,1,10
81,8,2,2
81,8,3,9
81,8,4,13
81,8,5,8
81,8,6,4
81,9,0,4
81,9,1,5
81,9,2,4
81,9,3,9
81,9,4,9
81,9,5,4
81,9,6,7
81,10,1,5
81,10,2,4
81,10,3,2
81,10,4,5
81,10,5,3
81,10,6,1
81,11,0,2
81,11,1,2
81,11,2,4
81,11,3,4
81,11,4,2
81,11,5,3
81,11,6,5
81,12,0,3
81,12,1,5
81,12,2,4
81,12,3,8
81,12,4,6
81,12,5,2
81,12,6,1
81,13,0,1
81,13,2,2
81,13,4,1
81,13,6,1
81,14,1,4
81,14,2,3
81,14,3,2
81,14,4,6
81,14,5,1
81,15,1,4
81,15,2,4
81,15,3,2
81,15,4,4
81,15,5,1
81,16,0,2
81,16,1,1
81,16,2,1
81,16,3,4
81,16,4,2
81,16,5,3
81,17,1,2
81,17,2,1
81,17,3,3
81,17,4,5
81,17,5,2
81,18,0,1
81,18,1,2
81,18,2,2
81,18,3,4
81,18,4,2
81,18,5,1
81,19,4,1
81,19,5,1
81,20,2,3
81,20,3,1
81,20,4,2
81,20,5,1
81,20,6,1
81,21,0,1
81,21,1,2
81,21,3,1
81,21,4,1
81,21,5,3
81,21,6,1
81,22,0,1
81,22,2,2
81,22,3,2
81,22,4,2
81,22,5,1
81,22,6,1
81,23,2,1
82,0,0,1
82,0,1,2
82,0,2,1
82,0,3,4
82,0,5,1
82,0,6,3
82,1,3,3
82,1,4,1
82,1,5,1
82,2,3,2
82,2,4,1
82,2,5,1
82,2,6,3
82,3,1,1
82,3,3,2
82,3,5,2
82,4,0,1
82,4,4,1
82,4,5,2
82,4,6,1
82,5,0,1
82,5,1,4
82,5,2,1
82,5,3,2
82,5,4,2
82,5,5,2
82,6,0,4
82,6,1,6
82,6,2,5
82,6,3,5
82,6,4,6
82,7,0,3
82,7,1,6
82,7,2,4
82,7,3,9
82,7,4,7
82,7,5,4
82,7,6,2
82,8,1,5
82,8,2,4
82,8,3,4
82,8,4,6
82,8,5,3
82,8,6,4
82,9,0,6
82,9,1,6
82,9,2,5
82,9,3,7
82,9,4,2
82,9,5,2
82,10,0,5
82,10,1,11
82,10,2,3
82,10,3,11
82,10,4,9
82,10,6,2
82,11,0,4
82,11,1,10
82,11,2,5
82,11,3,9
82,11,4,3
82,11,5,1
82,11,6,2
82,12,0,7
82,12,1,7
82,12,2,7
82,12,3,4
82,12,4,6
82,12,5,3
82,12,6,1
82,13,0,4
82,13,1,6
82,13,2,3
82,13,3,5
82,13,4,8
82,13,5,8
82,13,6,2
82,14,0,4
82,14,1,4
82,14,2,4
82,14,3,8
82,14,4,6
82,14,5,5
82,14,6,3
82,15,0,3
82,15,1,9
82,15,2,3
82,15,3,7
82,15,4,2
82,15,5,2
82,15,6,6
82,16,0,5
82,16,1,7
82,16,2,7
82,16,3,10
82,16,4,8
82,16,5,3
82,16,6,3
82,17,0,2
82,17,1,2
82,17,2,7
82,17,3,10
82,17,4,6
82,17,5,3
82,17,6,3
82,18,0,1
82,18,1,1
82,18,2,4
82,18,3,2
82,18,4,4
82,18,5,1
82,18,6,1
82,19,0,1
82,19,1,1
82,19,3,2
82,19,4,3
82,19,5,2
82,19,6,1
82,20,0,1
82,20,1,1
82,20,2,1
82,20,3,2
82,20,4,2
82,20,5,4
82,20,6,2
82,21,0,2
82,21,4,1
82,21,5,4
82,21,6,2
82,22,0,1
82,22,1,2
82,22,2,1
82,22,3,2
82,22,4,2
82,22,5,5
82,22,6,3
82,23,0,3
82,23,1,2
82,23,4,3
82,23,5,3
83,0,1,2
83,0,3,1
83,1,3,1
83,1,5,1
83,1,6,1
83,2,5,1
83,3,6,2
83,4,2,1
83,4,3,1
83,4,5,3
83,5,0,1
83,5,1,1
83,6,0,1
83,6,1,1
83,6,3,1
83,6,4,2
83,6,5,1
83,7,0,2
83,7,1,4
83,7,2,2
83,7,3,8
83,7,4,3
83,7,5,1
83,7,6,1
83,8,0,1
83,8,1,2
83,8,2,2
83,8,3,1
83,8,4,5
83,8,6,1
83,9,0,1
83,9,1,2
83,9,2,4
83,9,3,6
83,9,4,1
83,9,5,3
83,9,6,3
83,10,0,1
83,10,1,2
83,10,2,2
83,10,3,3
83,10,4,2
83,10,5,2
83,10,6,2
83,11,0,3
83,11,1,3
83,11,2,2
83,11,3,1
83,11,4,2
83,11,6,1
83,12,0,2
83,12,1,2
83,12,2,2
83,12,3,2
83,12,4,5
83,12,6,1
83,13,0,5
83,13,1,4
83,13,2,5
83,13,3,5
83,13,4,5
83,13,5,1
83,13,6,4
83,14,0,4
83,14,2,1
83,14,3,1
83,14,4,4
83,14,5,1
83,14,6,3
83,15,1,1
83,15,2,1
83,15,3,6
83,15,4,1
83,15,5,6
83,15,6,4
83,16,0,2
83,16,1,2
83,16,2,2
83,16,3,2
83,16,5,1
83,16,6,1
83,17,0,3
83,17,2,2
83,17,3,2
83,17,4,1
83,17,5,3
83,17,6,3
83,18,0,1
83,18,2,2
83,18,3,1
83,18,4,3
83,18,5,1
83,18,6,1
83,19,0,3
83,19,1,1
83,19,2,2
83,19,3,1
83,19,4,3
83,19,5,3
83,20,0,1
83,20,4,2
83,21,3,2
83,22,2,1
83,22,4,2
83,22,5,1
83,23,2,1
83,23,3,1
84,11,4,1
85,0,4,1
85,1,6,1
85,3,3,1
85,4,1,3
85,4,2,2
85,4,3,2
85,4,4,1
85,4,5,1
85,5,0,2
85,5,1,5
85,5,2,2
85,5,3,4
85,5,4,4
85,5,5,3
85,6,0,9
85,6,1,10
85,6,2,5
85,6,3,9
85,6,4,8
85,6,5,2
85,6,6,1
85,7,0,6
85,7,1,9
85,7,2,10
85,7,3,8
85,7,4,9
85,7,5,6
85,7,6,1
85,8,0,5
85,8,1,7
85,8,2,10
85,8,3,10
85,8,4,6
85,8,5,7
85,8,6,6
85,9,0,3
85,9,1,8
85,9,2,13
85,9,3,7
85,9,4,10
85,9,5,4
85,9,6,9
85,10,0,6
85,10,1,12
85,10,2,7
85,10,3,9
85,10,4,6
85,10,5,6
85,10,6,7
85,11,0,4
85,11,1,3
85,11,2,9
85,11,3,8
85,11,4,2
85,11,5,3
85,11,6,1
85,12,0,3
85,12,1,8
85,12,2,9
85,12,3,10
85,12,4,8
85,12,5,2
85,12,6,5
85,13,0,3
85,13,1,12
85,13,2,5
85,13,3,8
85,13,4,10
85,13,5,3
85,13,6,3
85,14,0,4
85,14,1,3
85,14,2,2
85,14,3,10
85,14,4,10
85,14,5,5
85,14,6,3
85,15,0,3
85,15,2,2
85,15,3,4
85,15,4,3
85,15,5,5
85,15,6,6
85,16,0,2
85,16,1,3
85,16,2,5
85,16,3,2
85,16,4,11
85,16,5,5
85,16,6,1
85,17,0,5
85,17,1,1
85,17,2,3
85,17,3,4
85,17,4,6
85,17,5,3
85,17,6,2
85,18,0,1
85,18,1,1
85,18,2,3
85,18,3,3
85,18,4,4
85,18,5,3
85,18,6,1
85,19,1,2
85,19,3,1
85,19,4,2
85,19,6,1
85,20,3,3
85,20,4,3
85,20,5,3
85,21,0,1
85,21,2,4
85,21,4,2
85,21,5,2
85,21,6,1
85,22,2,1
85,22,6,1
85,23,3,1
86,0,3,1
86,0,4,1
86,0,5,1
86,2,3,1
86,2,6,1
86,3,3,1
86,3,5,1
86,4,0,9
86,4,1,8
86,4,2,11
86,4,3,5
86,4,5,1
86,5,0,4
86,5,1,12
86,5,2,17
86,5,3,9
86,5,4,9
86,5,5,1
86,5,6,4
86,6,0,5
86,6,1,11
86,6,2,9
86,6,3,11
86,6,4,13
86,6,5,3
86,6,6,1
86,7,0,3
86,7,1,9
86,7,2,10
86,7,3,9
86,7,4,18
86,7,6,4
86,8,0,5
86,8,1,10
86,8,2,12
86,8,3,4
86,8,4,13
86,8,5,7
86,8,6,3
86,9,0,9
86,9,1,12
86,9,2,16
86,9,3,16
86,9,4,22
86,9,5,6
86,9,6,5
86,10,0,4
86,10,1,16
86,10,2,7
86,10,3,11
86,10,4,23
86,10,5,7
86,10,6,8
86,11,0,8
86,11,1,8
86,11,2,8
86,11,3,6
86,11,4,10
86,11,5,5
86,11,6,7
86,12,0,3
86,12,1,5
86,12,2,14
86,12,3,21
86,12,4,17
86,12,5,4
86,13,0,6
86,13,1,4
86,13,2,9
86,13,3,8
86,13,4,8
86,13,5,4
86,13,6,3
86,14,0,3
86,14,1,7
86,14,2,10
86,14,3,14
86,14,4,6
86,14,5,4
86,14,6,2
86,15,0,3
86,15,1,5
86,15,2,7
86,15,3,9
86,15,4,9
86,15,5,2
86,15,6,2
86,16,0,6
86,16,1,6
86,16,2,3
86,16,3,5
86,16,4,5
86,16,5,2
86,16,6,3
86,17,0,4
86,17,1,7
86,17,2,5
86,17,3,5
86,17,4,8
86,17,5,3
86,17,6,3
86,18,1,5
86,18,3,3
86,18,4,4
86,18,5,5
86,18,6,3
86,19,0,1
86,19,1,4
86,19,2,2
86,19,3,2
86,19,4,3
86,19,5,2
86,20,1,1
86,20,4,4
86,20,5,3
86,20,6,1
86,21,0,1
86,21,3,4
86,21,4,1
86,21,5,3
86,22,4,1
86,23,6,1
87,0,0,9
87,0,1,9
87,0,2,12
87,0,3,74
87,0,4,57
87,0,5,150
87,0,6,129
87,1,0,5
87,1,1,2
87,1,2,6
87,1,3,59
87,1,4,33
87,1,5,135
87,1,6,119
87,2,1,1
87,2,2,2
87,2,3,42
87,2,4,8
87,2,5,50
87,2,6,77
87,3,2,1
87,3,3,29
87,3,4,2
87,3,5,28
87,3,6,25
87,4,0,1
87,4,1,2
87,4,3,12
87,4,4,5
87,4,5,20
87,4,6,14
87,5,0,4
87,5,2,4
87,5,3,3
87,5,4,5
87,5,5,3
87,5,6,4
87,6,0,5
87,6,1,8
87,6,2,13
87,6,3,9
87,6,4,17
87,6,5,5
87,6,6,4
87,7,0,11
87,7,1,28
87,7,2,24
87,7,3,19
87,7,4,29
87,7,5,17
87,7,6,12
87,8,0,30
87,8,1,47
87,8,2,50
87,8,3,61
87,8,4,53
87,8,5,20
87,8,6,20
87,9,0,32
87,9,1,46
87,9,2,63
87,9,3,74
87,9,4,55
87,9,5,47
87,9,6,21
87,10,0,27
87,10,1,45
87,10,2,50
87,10,3,63
87,10,4,41
87,10,5,77
87,10,6,38
87,11,0,23
87,11,1,46
87,11,2,71
87,11,3,62
87,11,4,65
87,11,5,66
87,11,6,46
87,12,0,37
87,12,1,57
87,12,2,56
87,12,3,91
87,12,4,88
87,12,5,76
87,12,6,45
87,13,0,54
87,13,1,64
87,13,2,80
87,13,3,91
87,13,4,67
87,13,5,102
87,13,6,60
87,14,0,56
87,14,1,70
87,14,2,71
87,14,3,87
87,14,4,79
87,14,5,97
87,14,6,47
87,15,0,62
87,15,1,75
87,15,2,115
87,15,3,126
87,15,4,129
87,15,5,89
87,15,6,63
87,16,0,76
87,16,1,98
87,16,2,108
87,16,3,117
87,16,4,110
87,16,5,110
87,16,6,62
87,17,0,90
87,17,1,124
87,17,2,146
87,17,3,185
87,17,4,154
87,17,5,101
87,17,6,55
87,18,0,74
87,18,1,147
87,18,2,157
87,18,3,162
87,18,4,148
87,18,5,125
87,18,6,33
87,19,0,72
87,19,1,115
87,19,2,136
87,19,3,130
87,19,4,140
87,19,5,149
87,19,6,42
87,20,0,60
87,20,1,93
87,20,2,107
87,20,3,142
87,20,4,117
87,20,5,116
87,20,6,35
87,21,0,50
87,21,1,76
87,21,2,119
87,21,3,123
87,21,4,141
87,21,5,121
87,21,6,30
87,22,0,32
87,22,1,52
87,22,2,83
87,22,3,132
87,22,4,137
87,22,5,123
87,22,6,29
87,23,0,19
87,23,1,32
87,23,2,41
87,23,3,90
87,23,4,164
87,23,5,156
87,23,6,20
88,0,0,12
88,0,1,7
88,0,2,12
88,0,3,32
88,0,4,30
88,0,5,78
88,0,6,59
88,1,0,6
88,1,1,5
88,1,2,3
88,1,3,27
88,1,4,21
88,1,5,49
88,1,6,50
88,2,1,2
88,2,2,4
88,2,3,21
88,2,4,13
88,2,5,24
88,2,6,34
88,3,1,1
88,3,3,6
88,3,4,3
88,3,5,17
88,3,6,19
88,4,2,1
88,4,3,7
88,4,4,2
88,4,5,10
88,4,6,11
88,5,0,1
88,5,1,1
88,5,3,3
88,5,4,1
88,5,5,2
88,5,6,1
88,6,1,3
88,6,2,4
88,6,3,5
88,6,4,6
88,6,5,1
88,6,6,1
88,7,0,7
88,7,1,11
88,7,2,14
88,7,3,14
88,7,4,5
88,7,5,8
88,8,0,22
88,8,1,20
88,8,2,30
88,8,3,31
88,8,4,22
88,8,5,9
88,8,6,6
88,9,0,23
88,9,1,38
88,9,2,39
88,9,3,43
88,9,4,41
88,9,5,13
88,9,6,8
88,10,0,18
88,10,1,26
88,10,2,36
88,10,3,55
88,10,4,33
88,10,5,32
88,10,6,17
88,11,0,30
88,11,1,41
88,11,2,37
88,11,3,52
88,11,4,41
88,11,5,34
88,11,6,10
88,12,0,31
88,12,1,50
88,12,2,37
88,12,3,55
88,12,4,37
88,12,5,48
88,12,6,33
88,13,0,37
88,13,1,40
88,13,2,51
88,13,3,75
88,13,4,59
88,13,5,47
88,13,6,34
88,14,0,41
88,14,1,47
88,14,2,61
88,14,3,84
88,14,4,72
88,14,5,52
88,14,6,34
88,15,0,46
88,15,1,57
88,15,2,68
88,15,3,93
88,15,4,80
88,15,5,73
88,15,6,49
88,16,0,65
88,16,1,79
88,16,2,93
88,16,3,124
88,16,4,108
88,16,5,77
88,16,6,41
88,17,0,63
88,17,1,106
88,17,2,87
88,17,3,105
88,17,4,92
88,17,5,61
88,17,6,26
88,18,0,53
88,18,1,76
88,18,2,78
88,18,3,83
88,18,4,76
88,18,5,68
88,18,6,27
88,19,0,48
88,19,1,69
88,19,2,72
88,19,3,96
88,19,4,68
88,19,5,65
88,19,6,16
88,20,0,25
88,20,1,67
88,20,2,73
88,20,3,79
88,20,4,46
88,20,5,55
88,20,6,24
88,21,0,18
88,21,1,48
88,21,2,69
88,21,3,81
88,21,4,45
88,21,5,45
88,21,6,10
88,22,0,15
88,22,1,28
88,22,2,38
88,22,3,63
88,22,4,58
88,22,5,59
88,22,6,15
88,23,0,17
88,23,1,25
88,23,2,30
88,23,3,51
88,23,4,64
88,23,5,67
88,23,6,7
89,0,1,1
89,0,3,2
89,0,5,1
89,1,0,2
89,1,3,3
89,2,1,2
89,2,3,2
89,3,0,1
89,3,1,3
89,3,2,1
89,3,3,2
89,3,4,1
89,3,5,1
89,4,0,3
89,4,1,3
89,4,2,3
89,4,3,7
89,4,4,6
89,4,5,2
89,4,6,1
89,5,0,6
89,5,1,9
89,5,2,7
89,5,3,6
89,5,4,11
89,5,5,3
89,5,6,2
89,6,0,7
89,6,1,14
89,6,2,26
89,6,3,24
89,6,4,24
89,6,5,1
89,6,6,2
89,7,0,14
89,7,1,22
89,7,2,39
89,7,3,26
89,7,4,32
89,7,5,4
89,7,6,6
89,8,0,22
89,8,1,12
89,8,2,19
89,8,3,20
89,8,4,30
89,8,5,13
89,8,6,7
89,9,0,17
89,9,1,26
89,9,2,22
89,9,3,31
89,9,4,44
89,9,5,12
89,9,6,25
89,10,0,12
89,10,1,16
89,10,2,30
89,10,3,23
89,10,4,36
89,10,5,10
89,10,6,13
89,11,0,11
89,11,1,21
89,11,2,21
89,11,3,22
89,11,4,25
89,11,5,10
89,11,6,5
89,12,0,12
89,12,1,14
89,12,2,32
89,12,3,17
89,12,4,22
89,12,5,10
89,12,6,10
89,13,0,20
89,13,1,12
89,13,2,24
89,13,3,26
89,13,4,28
89,13,5,8
89,13,6,9
89,14,0,12
89,14,1,14
89,14,2,23
89,14,3,26
89,14,4,16
89,14,5,11
89,14,6,5
89,15,0,5
89,15,1,8
89,15,2,17
89,15,3,16
89,15,4,15
89,15,5,7
89,15,6,2
89,16,0,4
89,16,1,5
89,16,2,10
89,16,3,9
89,16,4,13
89,16,5,9
89,16,6,9
89,17,0,6
89,17,1,7
89,17,2,11
89,17,3,13
89,17,4,17
89,17,5,8
89,17,6,2
89,18,0,4
89,18,1,4
89,18,2,3
89,18,3,12
89,18,4,6
89,18,5,5
89,19,0,1
89,19,1,2
89,19,2,4
89,19,3,5
89,19,4,6
89,19,5,3
89,19,6,2
89,20,1,1
89,20,2,3
89,20,3,3
89,20,4,8
89,20,5,4
89,20,6,1
89,21,1,3
89,21,3,2
89,21,4,4
89,21,5,3
89,22,1,1
89,22,2,1
89,22,3,3
89,22,4,2
89,22,6,1
89,23,1,1
89,23,2,1
89,23,3,1
89,23,5,2
90,0,0,58
90,0,1,36
90,0,2,59
90,0,3,188
90,0,4,168
90,0,5,393
90,0,6,320
90,1,0,30
90,1,1,24
90,1,2,39
90,1,3,121
90,1,4,98
90,1,5,262
90,1,6,221
90,2,0,25
90,2,1,9
90,2,2,18
90,2,3,116
90,2,4,57
90,2,5,230
90,2,6,140
90,3,0,13
90,3,1,8
90,3,2,6
90,3,3,77
90,3,4,44
90,3,5,121
90,3,6,94
90,4,0,16
90,4,1,8
90,4,2,5
90,4,3,51
90,4,4,19
90,4,5,105
90,4,6,50
90,5,0,27
90,5,1,16
90,5,2,16
90,5,3,39
90,5,4,34
90,5,5,28
90,5,6,23
90,6,0,34
90,6,1,32
90,6,2,40
90,6,3,54
90,6,4,39
90,6,5,23
90,6,6,17
90,7,0,66
90,7,1,81
90,7,2,118
90,7,3,110
90,7,4,121
90,7,5,49
90,7,6,40
90,8,0,139
90,8,1,182
90,8,2,176
90,8,3,229
90,8,4,198
90,8,5,111
90,8,6,76
90,9,0,166
90,9,1,265
90,9,2,261
90,9,3,267
90,9,4,254
90,9,5,206
90,9,6,106
90,10,0,188
90,10,1,231
90,10,2,242
90,10,3,269
90,10,4,261
90,10,5,305
90,10,6,140
90,11,0,174
90,11,1,206
90,11,2,224
90,11,3,253
90,11,4,257
90,11,5,334
90,11,6,184
90,12,0,187
90,12,1,210
90,12,2,273
90,12,3,310
90,12,4,344
90,12,5,414
90,12,6,207
90,13,0,210
90,13,1,239
90,13,2,263
90,13,3,297
90,13,4,339
90,13,5,448
90,13,6,226
90,14,0,239
90,14,1,242
90,14,2,270
90,14,3,323
90,14,4,333
90,14,5,401
90,14,6,221
90,15,0,191
90,15,1,255
90,15,2,258
90,15,3,295
90,15,4,356
90,15,5,448
90,15,6,214
90,16,0,247
90,16,1,282
90,16,2,291
90,16,3,373
90,16,4,352
90,16,5,483
90,16,6,229
90,17,0,222
90,17,1,295
90,17,2,333
90,17,3,431
90,17,4,430
90,17,5,521
90,17,6,224
90,18,0,266
90,18,1,315
90,18,2,397
90,18,3,494
90,18,4,512
90,18,5,511
90,18,6,217
90,19,0,213
90,19,1,295
90,19,2,349
90,19,3,399
90,19,4,475
90,19,5,522
90,19,6,206
90,20,0,186
90,20,1,307
90,20,2,380
90,20,3,435
90,20,4,430
90,20,5,480
90,20,6,162
90,21,0,167
90,21,1,261
90,21,2,352
90,21,3,479
90,21,4,456
90,21,5,422
90,21,6,134
90,22,0,123
90,22,1,178
90,22,2,291
90,22,3,376
90,22,4,448
90,22,5,457
90,22,6,118
90,23,0,80
90,23,1,109
90,23,2,150
90,23,3,261
90,23,4,462
90,23,5,461
90,23,6,90
91,0,3,4
91,0,6,1
91,1,3,1
91,1,4,1
91,1,5,1
91,3,0,1
91,3,1,1
91,3,3,3
91,4,0,2
91,4,1,1
91,4,2,8
91,4,3,7
91,4,4,4
91,5,0,8
91,5,1,10
91,5,2,9
91,5,3,7
91,5,4,17
91,5,5,1
91,5,6,2
91,6,0,8
91,6,1,16
91,6,2,15
91,6,3,19
91,6,4,25
91,6,5,7
91,6,6,1
91,7,0,18
91,7,1,33
91,7,2,33
91,7,3,39
91,7,4,26
91,7,5,2
91,7,6,5
91,8,0,10
91,8,1,8
91,8,2,18
91,8,3,37
91,8,4,23
91,8,5,11
91,8,6,10
91,9,0,12
91,9,1,16
91,9,2,23
91,9,3,18
91,9,4,23
91,9,5,12
91,9,6,11
91,10,0,9
91,10,1,13
91,10,2,21
91,10,3,18
91,10,4,24
91,10,5,10
91,10,6,9
91,11,0,11
91,11,1,19
91,11,2,17
91,11,3,17
91,11,4,23
91,11,5,11
91,11,6,7
91,12,0,9
91,12,1,12
91,12,2,8
91,12,3,20
91,12,4,21
91,12,5,11
91,12,6,4
91,13,0,12
91,13,1,11
91,13,2,11
91,13,3,20
91,13,4,13
91,13,5,8
91,13,6,2
91,14,0,10
91,14,1,7
91,14,2,14
91,14,3,13
91,14,4,14
91,14,5,6
91,14,6,2
91,15,0,4
91,15,1,6
91,15,2,13
91,15,3,12
91,15,4,12
91,15,5,7
91,15,6,3
91,16,0,5
91,16,1,6
91,16,2,5
91,16,3,7
91,16,4,12
91,16,5,5
91,16,6,3
91,17,0,5
91,17,1,1
91,17,2,4
91,17,3,3
91,17,4,12
91,17,5,2
91,17,6,6
91,18,0,3
91,18,1,7
91,18,2,3
91,18,3,13
91,18,4,12
91,18,5,3
91,18,6,2
91,19,2,1
91,19,3,4
91,19,4,2
91,20,0,1
91,20,2,1
91,20,3,1
91,20,4,4
91,20,5,5
91,20,6,1
91,21,0,1
91,21,2,1
91,21,3,3
91,21,4,4
91,21,5,1
91,22,1,4
91,22,3,5
91,22,4,5
91,22,5,4
91,23,2,1
91,23,4,1
91,23,5,1
92,3,1,1
92,3,3,1
92,4,4,1
92,5,0,3
92,5,1,1
92,5,2,1
92,5,3,2
92,5,4,2
92,5,5,2
92,6,0,3
92,6,1,4
92,6,2,4
92,6,3,9
92,6,4,2
92,6,5,2
92,7,0,4
92,7,1,3
92,7,2,10
92,7,3,6
92,7,4,4
92,7,5,2
92,8,0,3
92,8,1,5
92,8,2,6
92,8,3,9
92,8,4,7
92,8,5,3
92,8,6,2
92,9,0,2
92,9,1,6
92,9,2,6
92,9,3,9
92,9,4,6
92,9,5,2
92,9,6,1
92,10,0,6
92,10,1,2
92,10,2,6
92,10,3,5
92,10,4,9
92,10,5,2
92,10,6,1
92,11,0,1
92,11,1,6
92,11,2,3
92,11,3,2
92,11,4,11
92,11,5,2
92,11,6,2
92,12,0,2
92,12,1,6
92,12,2,5
92,12,3,8
92,12,4,5
92,12,5,3
92,12,6,1
92,13,0,4
92,13,1,3
92,13,2,8
92,13,3,5
92,13,4,7
92,13,5,2
92,13,6,5
92,14,0,6
92,14,1,4
92,14,2,10
92,14,3,8
92,14,4,4
92,14,5,5
92,14,6,5
92,15,0,2
92,15,1,5
92,15,2,4
92,15,3,11
92,15,4,10
92,15,5,8
92,15,6,1
92,16,0,3
92,16,1,2
92,16,2,7
92,16,3,5
92,16,4,7
92,16,5,2
92,16,6,4
92,17,0,1
92,17,1,4
92,17,2,1
92,17,3,3
92,17,4,2
92,17,5,6
92,17,6,1
92,18,1,3
92,18,2,2
92,18,3,5
92,18,4,3
92,18,5,1
92,19,0,1
92,19,4,2
92,19,5,4
92,19,6,2
92,20,0,1
92,20,2,2
92,20,3,2
92,20,5,1
92,21,1,1
92,21,4,1
92,21,5,2
92,22,3,1
92,22,4,1
92,23,4,2
93,0,0,3
93,0,1,2
93,0,3,1
93,0,4,1
93,1,2,1
93,1,3,1
93,1,4,2
93,2,1,1
93,2,2,2
93,2,4,2
93,2,6,1
93,3,0,1
93,3,1,1
93,3,3,1
93,3,4,1
93,3,6,1
93,4,0,1
93,4,1,1
93,4,6,1
93,5,0,3
93,5,4,4
93,5,5,1
93,5,6,1
93,6,0,2
93,6,1,2
93,6,2,6
93,6,3,4
93,6,4,2
93,6,5,1
93,7,2,2
93,7,4,2
93,7,5,3
93,7,6,5
93,8,0,1
93,8,1,1
93,8,3,2
93,8,5,3
93,9,0,1
93,9,2,1
93,9,4,2
93,9,5,1
93,9,6,3
93,10,0,1
93,10,4,3
93,10,6,1
93,11,1,2
93,11,2,1
93,11,4,4
93,11,6,1
93,12,0,2
93,12,1,3
93,12,4,5
93,12,5,1
93,12,6,1
93,13,0,2
93,13,1,1
93,13,2,1
93,13,3,2
93,13,5,3
93,13,6,1
93,14,0,2
93,14,2,1
93,14,4,1
93,14,5,6
93,14,6,1
93,15,0,3
93,15,1,1
93,15,3,1
93,15,4,4
93,15,5,2
93,15,6,2
93,16,0,4
93,16,2,5
93,16,3,9
93,16,4,8
93,16,5,4
93,16,6,2
93,17,0,1
93,17,1,2
93,17,2,2
93,17,4,5
93,17,5,2
93,18,0,2
93,18,1,3
93,18,2,2
93,18,3,5
93,18,4,3
93,18,5,5
93,18,6,1
93,19,0,1
93,19,1,1
93,19,3,2
93,19,4,2
93,19,5,1
93,19,6,2
93,20,0,3
93,20,1,4
93,20,2,1
93,20,3,3
93,20,4,3
93,20,5,1
93,20,6,1
93,21,2,4
93,21,3,4
93,21,4,4
93,21,5,3
93,21,6,4
93,22,0,1
93,22,1,1
93,22,2,2
93,22,4,3
93,22,5,1
93,22,6,2
93,23,0,2
93,23,1,1
93,23,3,1
93,23,4,2
93,23,5,2
93,23,6,4
94,0,5,1
94,2,3,2
94,4,1,1
94,4,2,1
94,4,3,2
94,5,0,2
94,5,1,3
94,5,2,7
94,5,3,4
94,5,4,4
94,6,0,4
94,6,1,2
94,6,2,4
94,6,3,5
94,6,4,9
94,6,5,1
94,6,6,1
94,7,0,4
94,7,1,6
94,7,2,8
94,7,3,7
94,7,4,8
94,7,5,1
94,7,6,2
94,8,0,3
94,8,1,8
94,8,2,2
94,8,3,4
94,8,4,8
94,8,5,1
94,8,6,2
94,9,0,2
94,9,1,5
94,9,2,4
94,9,3,3
94,9,4,13
94,9,5,3
94,9,6,4
94,10,0,2
94,10,1,8
94,10,2,1
94,10,3,4
94,10,4,8
94,10,5,2
94,10,6,3
94,11,0,1
94,11,1,4
94,11,2,3
94,11,3,2
94,11,4,4
94,11,5,2
94,11,6,1
94,12,0,1
94,12,1,1
94,12,2,1
94,12,3,2
94,12,4,3
94,12,5,1
94,12,6,1
94,13,0,1
94,13,1,1
94,13,2,4
94,13,3,1
94,13,4,3
94,13,5,1
94,14,0,1
94,14,1,1
94,14,3,3
94,14,4,1
94,14,5,2
94,14,6,2
94,15,0,2
94,15,1,3
94,15,2,1
94,15,3,3
94,15,4,1
94,15,5,2
94,16,0,1
94,16,3,2
94,16,4,2
94,16,5,1
94,16,6,1
94,17,1,2
94,17,3,1
94,17,4,2
94,17,5,1
94,18,0,2
94,18,4,2
94,18,5,2
94,19,3,1
94,19,4,1
94,19,5,4
94,19,6,1
94,20,0,1
94,21,5,1
94,22,1,1
94,22,6,1
95,0,4,1
95,0,5,1
95,0,6,1
95,1,3,1
95,2,0,1
95,2,3,1
95,2,6,2
95,4,0,2
95,4,3,1
95,4,4,1
95,5,0,3
95,5,1,6
95,5,2,1
95,5,3,4
95,5,4,4
95,5,6,1
95,6,0,10
95,6,1,5
95,6,2,10
95,6,3,11
95,6,4,7
95,6,5,2
95,6,6,2
95,7,0,9
95,7,1,13
95,7,2,14
95,7,3,13
95,7,4,14
95,7,6,1
95,8,0,9
95,8,1,7
95,8,2,14
95,8,3,9
95,8,4,17
95,8,5,1
95,8,6,4
95,9,0,12
95,9,1,16
95,9,2,18
95,9,3,22
95,9,4,9
95,9,5,3
95,9,6,3
95,10,0,6
95,10,1,8
95,10,2,8
95,10,3,20
95,10,4,13
95,10,5,9
95,10,6,5
95,11,0,3
95,11,1,4
95,11,2,11
95,11,3,11
95,11,4,13
95,11,5,8
95,11,6,2
95,12,0,5
95,12,1,9
95,12,2,13
95,12,3,7
95,12,4,14
95,12,5,6
95,12,6,2
95,13,0,6
95,13,1,6
95,13,2,14
95,13,3,7
95,13,4,9
95,13,5,5
95,13,6,2
95,14,0,5
95,14,1,5
95,14,2,2
95,14,3,5
95,14,4,12
95,14,5,2
95,14,6,2
95,15,0,5
95,15,1,15
95,15,2,9
95,15,3,4
95,15,4,8
95,15,5,7
95,15,6,3
95,16,0,3
95,16,1,4
95,16,2,5
95,16,3,10
95,16,4,6
95,16,5,4
95,16,6,2
95,17,0,4
95,17,1,10
95,17,2,9
95,17,3,8
95,17,4,6
95,17,6,2
95,18,0,2
95,18,1,4
95,18,2,4
95,18,3,6
95,18,4,3
95,18,5,1
95,18,6,1
95,19,3,1
95,19,4,3
95,19,5,2
95,19,6,4
95,20,0,1
95,20,1,4
95,20,2,2
95,20,3,3
95,20,4,5
95,20,5,2
95,20,6,2
95,21,2,1
95,21,3,3
95,21,4,4
95,21,5,2
95,22,1,1
95,22,3,2
95,22,4,2
95,22,5,2
95,22,6,1
95,23,2,2
95,23,3,1
96,5,4,1
96,6,1,1
96,6,2,3
96,6,3,1
96,7,0,2
96,7,1,1
96,7,2,3
96,7,3,2
96,7,4,1
96,8,3,1
96,8,4,1
96,9,3,1
96,9,4,1
96,11,0,1
96,11,1,1
96,12,4,1
96,13,1,1
96,13,3,2
96,13,4,1
96,14,1,1
96,14,5,1
96,15,2,1
96,16,2,1
96,17,3,2
96,17,6,1
96,18,6,1
96,19,3,1
96,19,4,2
96,20,3,1
96,21,3,1
96,21,4,1
96,22,4,2
96,23,2,1
96,23,3,1
96,23,5,1
97,0,0,1
97,0,1,3
97,0,2,1
97,0,3,1
97,0,4,7
97,0,5,14
97,0,6,14
97,1,2,1
97,1,3,8
97,1,4,2
97,1,5,5
97,1,6,7
97,2,1,1
97,2,2,1
97,2,3,16
97,2,5,3
97,2,6,4
97,3,0,1
97,3,3,9
97,3,5,1
97,3,6,4
97,4,1,2
97,4,3,3
97,4,4,1
97,4,5,1
97,4,6,1
97,5,0,3
97,5,1,2
97,5,2,7
97,5,3,5
97,5,4,5
97,5,5,1
97,5,6,1
97,6,0,3
97,6,1,6
97,6,2,6
97,6,3,9
97,6,4,9
97,6,6,1
97,7,0,9
97,7,1,9
97,7,2,9
97,7,3,9
97,7,4,11
97,7,5,3
97,7,6,1
97,8,0,9
97,8,1,16
97,8,2,12
97,8,3,13
97,8,4,24
97,8,5,9
97,8,6,7
97,9,0,10
97,9,1,20
97,9,2,18
97,9,3,14
97,9,4,13
97,9,5,7
97,9,6,7
97,10,0,6
97,10,1,16
97,10,2,8
97,10,3,31
97,10,4,15
97,10,5,15
97,10,6,2
97,11,0,11
97,11,1,18
97,11,2,26
97,11,3,25
97,11,4,29
97,11,5,10
97,11,6,7
97,12,0,9
97,12,1,18
97,12,2,16
97,12,3,20
97,12,4,24
97,12,5,17
97,12,6,7
97,13,0,8
97,13,1,22
97,13,2,15
97,13,3,19
97,13,4,25
97,13,5,11
97,13,6,8
97,14,0,8
97,14,1,8
97,14,2,13
97,14,3,20
97,14,4,20
97,14,5,11
97,14,6,8
97,15,0,12
97,15,1,15
97,15,2,11
97,15,3,23
97,15,4,29
97,15,5,10
97,15,6,5
97,16,0,8
97,16,1,13
97,16,2,18
97,16,3,16
97,16,4,26
97,16,5,18
97,16,6,11
97,17,0,10
97,17,1,16
97,17,2,9
97,17,3,25
97,17,4,18
97,17,5,11
97,17,6,5
97,18,0,3
97,18,1,12
97,18,2,16
97,18,3,13
97,18,4,19
97,18,5,7
97,18,6,4
97,19,0,5
97,19,1,10
97,19,2,11
97,19,3,8
97,19,4,15
97,19,5,11
97,19,6,6
97,20,0,2
97,20,1,6
97,20,2,7
97,20,3,7
97,20,4,12
97,20,5,5
97,20,6,5
97,21,0,2
97,21,1,15
97,21,2,7
97,21,3,20
97,21,4,13
97,21,5,8
97,21,6,3
97,22,0,6
97,22,1,11
97,22,2,5
97,22,3,28
97,22,4,21
97,22,5,10
97,22,6,3
97,23,0,4
97,23,1,5
97,23,2,4
97,23,3,18
97,23,4,28
97,23,5,8
97,23,6,4
98,4,1,3
98,5,0,1
98,5,2,1
98,5,3,2
98,6,1,3
98,6,2,2
98,6,3,1
98,6,5,1
98,7,0,4
98,7,1,1
98,7,2,3
98,7,3,1
98,7,4,4
98,7,5,1
98,8,2,5
98,8,5,3
98,9,0,1
98,9,2,2
98,9,5,1
98,9,6,1
98,10,0,1
98,10,4,1
98,10,6,1
98,11,0,1
98,11,2,2
98,11,3,4
98,11,4,3
98,11,5,1
98,11,6,1
98,12,0,1
98,12,2,1
98,12,3,3
98,12,4,3
98,12,6,1
98,13,0,2
98,13,1,2
98,13,4,3
98,13,5,1
98,14,4,1
98,14,5,1
98,14,6,1
98,15,0,2
98,15,2,1
98,15,4,4
98,15,5,2
98,16,0,1
98,16,3,1
98,16,4,1
98,16,5,1
98,16,6,1
98,17,0,1
98,17,1,1
98,17,4,1
98,17,5,1
98,18,3,1
98,18,4,1
98,19,5,2
98,20,6,1
98,21,1,1
98,22,3,1
98,22,5,1
98,23,4,1
99,10,4,1
100,0,0,33
100,0,1,44
100,0,2,55
100,0,3,80
100,0,4,127
100,0,5,198
100,0,6,155
100,1,0,29
100,1,1,18
100,1,2,33
100,1,3,52
100,1,4,67
100,1,5,136
100,1,6,103
100,2,0,9
100,2,1,13
100,2,2,17
100,2,3,59
100,2,4,38
100,2,5,81
100,2,6,68
100,3,0,16
100,3,1,6
100,3,2,16
100,3,3,39
100,3,4,24
100,3,5,45
100,3,6,47
100,4,0,12
100,4,1,12
100,4,2,18
100,4,3,42
100,4,4,23
100,4,5,28
100,4,6,41
100,5,0,78
100,5,1,122
100,5,2,134
100,5,3,151
100,5,4,152
100,5,5,54
100,5,6,18
100,6,0,162
100,6,1,267
100,6,2,282
100,6,3,292
100,6,4,266
100,6,5,88
100,6,6,35
100,7,0,194
100,7,1,287
100,7,2,288
100,7,3,337
100,7,4,281
100,7,5,91
100,7,6,59
100,8,0,184
100,8,1,206
100,8,2,240
100,8,3,246
100,8,4,207
100,8,5,100
100,8,6,81
100,9,0,159
100,9,1,210
100,9,2,233
100,9,3,236
100,9,4,205
100,9,5,170
100,9,6,111
100,10,0,172
100,10,1,200
100,10,2,203
100,10,3,248
100,10,4,226
100,10,5,247
100,10,6,131
100,11,0,196
100,11,1,220
100,11,2,262
100,11,3,279
100,11,4,272
100,11,5,301
100,11,6,161
100,12,0,186
100,12,1,224
100,12,2,266
100,12,3,326
100,12,4,293
100,12,5,313
100,12,6,191
100,13,0,194
100,13,1,245
100,13,2,258
100,13,3,314
100,13,4,296
100,13,5,355
100,13,6,191
100,14,0,208
100,14,1,273
100,14,2,281
100,14,3,308
100,14,4,320
100,14,5,310
100,14,6,227
100,15,0,193
100,15,1,241
100,15,2,298
100,15,3,384
100,15,4,380
100,15,5,389
100,15,6,226
100,16,0,252
100,16,1,321
100,16,2,298
100,16,3,453
100,16,4,447
100,16,5,390
100,16,6,185
100,17,0,290
100,17,1,415
100,17,2,427
100,17,3,509
100,17,4,438
100,17,5,363
100,17,6,219
100,18,0,303
100,18,1,418
100,18,2,452
100,18,3,504
100,18,4,441
100,18,5,410
100,18,6,215
100,19,0,233
100,19,1,322
100,19,2,338
100,19,3,439
100,19,4,325
100,19,5,373
100,19,6,187
100,20,0,200
100,20,1,303
100,20,2,307
100,20,3,383
100,20,4,272
100,20,5,260
100,20,6,183
100,21,0,169
100,21,1,296
100,21,2,335
100,21,3,431
100,21,4,353
100,21,5,236
100,21,6,103
100,22,0,149
100,22,1,171
100,22,2,276
100,22,3,329
100,22,4,314
100,22,5,473
100,22,6,90
100,23,0,114
100,23,1,106
100,23,2,151
100,23,3,237
100,23,4,245
100,23,5,269
100,23,6,74
101,4,1,1
101,4,2,3
101,4,4,1
101,5,0,1
101,5,3,2
101,5,4,1
101,6,1,3
101,6,2,1
101,6,4,3
101,6,5,2
101,6,6,1
101,8,0,2
101,8,1,3
101,8,3,3
101,8,4,3
101,9,1,1
101,9,2,1
101,9,4,3
101,10,0,1
101,10,2,1
101,10,3,1
101,10,4,1
101,11,0,2
101,11,1,2
101,11,3,2
101,11,4,1
101,11,5,2
101,11,6,2
101,12,4,3
101,12,5,1
101,13,0,1
101,13,1,2
101,13,3,2
101,13,4,2
101,13,5,2
101,14,0,1
101,14,2,1
101,14,4,3
101,15,0,2
101,15,4,2
101,15,5,1
101,16,3,2
101,16,5,1
101,17,0,2
101,17,2,1
101,17,6,1
101,18,1,1
101,18,2,1
101,18,3,1
101,18,4,2
101,19,1,1
101,19,3,2
101,19,4,1
101,20,2,1
101,20,4,1
101,21,5,1
102,5,0,2
102,5,2,2
102,5,4,2
102,6,1,2
102,6,2,1
102,6,3,4
102,6,4,1
102,7,0,2
102,7,1,2
102,7,2,3
102,7,3,3
102,7,4,2
102,7,5,2
102,8,0,1
102,8,1,3
102,8,2,5
102,8,3,5
102,8,4,1
102,9,0,1
102,9,1,1
102,9,2,3
102,9,3,3
102,9,4,5
102,10,0,4
102,10,1,1
102,10,2,2
102,10,4,4
102,11,2,3
102,11,3,1
102,11,4,1
102,11,6,3
102,12,0,2
102,12,1,3
102,12,2,3
102,12,3,4
102,12,4,2
102,12,5,1
102,12,6,1
102,13,1,2
102,13,2,4
102,13,3,1
102,13,4,2
102,13,5,3
102,13,6,3
102,14,0,1
102,14,1,1
102,14,2,3
102,14,3,2
102,14,4,3
102,14,5,2
102,14,6,2
102,15,0,3
102,15,1,4
102,15,3,1
102,15,4,3
102,15,5,1
102,16,2,3
102,16,4,1
102,16,5,1
102,17,0,1
102,17,2,1
102,17,4,1
102,18,2,3
102,18,4,1
102,19,5,1
102,20,3,2
102,20,5,1
102,21,3,1
102,21,4,1
105,11,6,1
105,14,3,1
106,0,4,1
106,0,6,1
106,1,3,1
106,5,2,1
106,5,3,2
106,5,4,3
106,5,5,2
106,6,2,1
106,7,3,1
106,7,4,1
106,8,0,1
106,8,3,2
106,8,4,4
106,8,5,1
106,8,6,1
106,9,0,5
106,9,1,5
106,9,2,5
106,9,3,5
106,9,4,9
106,9,5,2
106,10,0,3
106,10,1,5
106,10,2,4
106,10,3,1
106,10,4,6
106,10,5,3
106,11,0,1
106,11,1,4
106,11,3,3
106,11,4,3
106,11,5,4
106,12,0,2
106,12,1,4
106,12,3,1
106,12,4,3
106,12,5,2
106,12,6,1
106,13,0,3
106,13,1,1
106,13,2,3
106,13,3,3
106,13,4,2
106,13,5,4
106,13,6,1
106,14,0,2
106,14,1,3
106,14,2,4
106,14,4,4
106,14,6,2
106,15,0,5
106,15,1,2
106,15,2,3
106,15,3,6
106,15,4,2
106,15,5,1
106,15,6,1
106,16,0,4
106,16,1,6
106,16,2,1
106,16,3,2
106,16,5,2
106,17,1,1
106,17,3,2
106,18,0,1
106,18,2,3
106,18,5,1
106,18,6,1
106,19,2,2
106,19,4,1
106,19,5,2
106,19,6,1
106,20,3,1
106,20,4,1
106,21,4,2
106,21,5,2
106,21,6,1
106,22,5,1
106,23,1,1
106,23,2,1
106,23,3,1
106,23,4,1
106,23,5,3
107,0,0,52
107,0,1,47
107,0,2,63
107,0,3,219
107,0,4,170
107,0,5,469
107,0,6,368
107,1,0,23
107,1,1,14
107,1,2,29
107,1,3,182
107,1,4,99
107,1,5,323
107,1,6,268
107,2,0,14
107,2,1,9
107,2,2,21
107,2,3,180
107,2,4,44
107,2,5,218
107,2,6,160
107,3,0,17
107,3,1,10
107,3,2,8
107,3,3,100
107,3,4,37
107,3,5,135
107,3,6,108
107,4,0,16
107,4,1,18
107,4,2,10
107,4,3,68
107,4,4,30
107,4,5,79
107,4,6,58
107,5,0,20
107,5,1,29
107,5,2,27
107,5,3,44
107,5,4,39
107,5,5,43
107,5,6,29
107,6,0,68
107,6,1,84
107,6,2,84
107,6,3,99
107,6,4,110
107,6,5,68
107,6,6,46
107,7,0,132
107,7,1,191
107,7,2,221
107,7,3,211
107,7,4,215
107,7,5,114
107,7,6,67
107,8,0,218
107,8,1,251
107,8,2,268
107,8,3,311
107,8,4,311
107,8,5,174
107,8,6,91
107,9,0,226
107,9,1,297
107,9,2,320
107,9,3,378
107,9,4,387
107,9,5,237
107,9,6,138
107,10,0,222
107,10,1,310
107,10,2,324
107,10,3,414
107,10,4,339
107,10,5,337
107,10,6,185
107,11,0,221
107,11,1,299
107,11,2,331
107,11,3,402
107,11,4,338
107,11,5,406
107,11,6,220
107,12,0,255
107,12,1,284
107,12,2,311
107,12,3,388
107,12,4,369
107,12,5,466
107,12,6,234
107,13,0,245
107,13,1,297
107,13,2,339
107,13,3,397
107,13,4,373
107,13,5,426
107,13,6,240
107,14,0,272
107,14,1,331
107,14,2,377
107,14,3,437
107,14,4,423
107,14,5,453
107,14,6,254
107,15,0,301
107,15,1,357
107,15,2,394
107,15,3,485
107,15,4,432
107,15,5,489
107,15,6,227
107,16,0,295
107,16,1,392
107,16,2,347
107,16,3,515
107,16,4,477
107,16,5,501
107,16,6,242
107,17,0,280
107,17,1,477
107,17,2,447
107,17,3,568
107,17,4,547
107,17,5,447
107,17,6,215
107,18,0,331
107,18,1,503
107,18,2,496
107,18,3,610
107,18,4,646
107,18,5,572
107,18,6,263
107,19,0,236
107,19,1,358
107,19,2,461
107,19,3,543
107,19,4,610
107,19,5,582
107,19,6,267
107,20,0,242
107,20,1,427
107,20,2,447
107,20,3,515
107,20,4,632
107,20,5,566
107,20,6,212
107,21,0,206
107,21,1,389
107,21,2,451
107,21,3,558
107,21,4,570
107,21,5,566
107,21,6,170
107,22,0,148
107,22,1,237
107,22,2,306
107,22,3,463
107,22,4,588
107,22,5,595
107,22,6,151
107,23,0,90
107,23,1,137
107,23,2,159
107,23,3,328
107,23,4,630
107,23,5,583
107,23,6,92
108,0,5,1
108,1,3,1
108,3,0,1
108,5,0,2
108,5,1,3
108,5,2,2
108,5,3,2
108,5,4,3
108,6,0,2
108,6,1,8
108,6,2,5
108,6,3,3
108,6,4,4
108,6,5,1
108,7,0,3
108,7,1,5
108,7,2,5
108,7,3,8
108,7,4,12
108,7,5,2
108,8,0,12
108,8,1,8
108,8,2,8
108,8,3,11
108,8,4,9
108,8,5,3
108,9,0,3
108,9,1,6
108,9,2,8
108,9,3,5
108,9,4,11
108,9,5,2
108,9,6,3
108,10,0,6
108,10,1,5
108,10,2,8
108,10,3,7
108,10,4,4
108,10,5,5
108,10,6,3
108,11,0,4
108,11,1,3
108,11,2,5
108,11,3,3
108,11,4,4
108,11,5,5
108,11,6,4
108,12,0,2
108,12,1,2
108,12,2,5
108,12,3,1
108,12,4,5
108,12,5,3
108,12,6,1
108,13,0,6
108,13,1,9
108,13,2,8
108,13,3,5
108,13,4,3
108,13,5,2
108,14,0,1
108,14,1,2
108,14,2,7
108,14,3,6
108,14,4,9
108,14,6,1
108,15,0,2
108,15,1,5
108,15,2,5
108,15,3,3
108,15,4,5
108,15,5,1
108,16,0,2
108,16,1,4
108,16,2,3
108,16,3,1
108,16,4,7
108,16,5,2
108,17,0,2
108,17,2,2
108,17,3,2
108,17,4,3
108,17,5,1
108,18,0,1
108,18,1,1
108,18,3,2
108,18,6,2
108,19,0,1
108,19,1,2
108,19,2,1
108,19,6,1
108,20,5,1
108,21,1,1
108,21,3,2
108,21,4,1
108,22,3,1
108,23,6,1
109,2,3,1
109,11,3,1
111,10,3,1
111,12,1,1
111,13,5,1
111,16,0,1
111,16,3,1
112,0,0,2
112,0,1,1
112,0,2,2
112,0,3,1
112,0,4,3
112,0,5,8
112,0,6,3
112,1,0,1
112,1,3,5
112,1,4,1
112,1,5,6
112,1,6,6
112,2,1,1
112,2,3,11
112,2,4,1
112,2,5,2
112,2,6,3
112,3,1,1
112,3,2,1
112,3,3,3
112,3,5,4
112,3,6,4
112,4,2,1
112,4,3,3
112,4,5,3
112,4,6,6
112,5,1,2
112,5,2,5
112,5,3,11
112,5,4,5
112,5,5,1
112,5,6,1
112,6,1,1
112,6,2,3
112,6,3,3
112,6,4,5
112,6,5,2
112,6,6,2
112,7,0,4
112,7,2,1
112,7,3,2
112,7,5,1
112,7,6,1
112,8,0,4
112,8,1,4
112,8,2,3
112,8,3,8
112,8,4,6
112,8,5,1
112,8,6,3
112,9,0,3
112,9,1,4
112,9,2,6
112,9,3,6
112,9,4,6
112,9,5,1
112,9,6,1
112,10,0,2
112,10,1,3
112,10,2,6
112,10,3,2
112,10,4,3
112,10,5,2
112,10,6,1
112,11,0,3
112,11,1,1
112,11,2,6
112,11,3,1
112,11,4,8
112,11,5,3
112,11,6,2
112,12,0,4
112,12,1,2
112,12,2,2
112,12,3,1
112,12,4,6
112,12,5,3
112,12,6,2
112,13,0,2
112,13,1,4
112,13,2,3
112,13,3,2
112,13,5,3
112,13,6,2
112,14,0,4
112,14,2,1
112,14,3,2
112,14,4,2
112,14,5,5
112,14,6,7
112,15,0,3
112,15,1,4
112,15,2,8
112,15,3,6
112,15,4,5
112,15,5,2
112,15,6,1
112,16,0,5
112,16,1,5
112,16,2,2
112,16,3,2
112,16,4,3
112,16,5,3
112,16,6,3
112,17,1,5
112,17,2,1
112,17,3,4
112,17,4,3
112,17,5,7
112,17,6,1
112,18,0,3
112,18,1,7
112,18,2,7
112,18,3,4
112,18,4,4
112,18,5,2
112,18,6,1
112,19,0,2
112,19,1,1
112,19,2,2
112,19,4,1
112,19,5,3
112,19,6,2
112,20,0,2
112,20,1,1
112,20,2,1
112,20,3,3
112,20,4,2
112,20,5,4
112,20,6,2
112,21,1,1
112,21,3,3
112,21,4,2
112,21,5,6
112,21,6,1
112,22,0,1
112,22,1,1
112,22,2,2
112,22,3,2
112,22,4,4
112,22,5,3
112,22,6,1
112,23,0,1
112,23,1,2
112,23,2,1
112,23,3,5
112,23,4,9
112,23,5,8
113,0,0,23
113,0,1,29
113,0,2,38
113,0,3,145
113,0,4,146
113,0,5,397
113,0,6,333
113,1,0,26
113,1,1,12
113,1,2,12
113,1,3,83
113,1,4,82
113,1,5,300
113,1,6,264
113,2,0,8
113,2,1,4
113,2,2,14
113,2,3,100
113,2,4,64
113,2,5,270
113,2,6,186
113,3,0,3
113,3,1,6
113,3,2,11
113,3,3,50
113,3,4,25
113,3,5,179
113,3,6,134
113,4,0,3
113,4,1,3
113,4,2,5
113,4,3,40
113,4,4,10
113,4,5,74
113,4,6,51
113,5,0,8
113,5,1,7
113,5,2,8
113,5,3,26
113,5,4,1
113,5,5,11
113,5,6,8
113,6,0,23
113,6,1,24
113,6,2,31
113,6,3,27
113,6,4,18
113,6,5,9
113,6,6,2
113,7,0,47
113,7,1,86
113,7,2,74
113,7,3,116
113,7,4,93
113,7,5,29
113,7,6,20
113,8,0,120
113,8,1,146
113,8,2,191
113,8,3,184
113,8,4,178
113,8,5,70
113,8,6,29
113,9,0,147
113,9,1,220
113,9,2,218
113,9,3,249
113,9,4,231
113,9,5,144
113,9,6,58
113,10,0,125
113,10,1,207
113,10,2,203
113,10,3,219
113,10,4,210
113,10,5,215
113,10,6,98
113,11,0,130
113,11,1,190
113,11,2,202
113,11,3,216
113,11,4,255
113,11,5,250
113,11,6,123
113,12,0,169
113,12,1,226
113,12,2,224
113,12,3,280
113,12,4,252
113,12,5,338
113,12,6,199
113,13,0,178
113,13,1,203
113,13,2,242
113,13,3,281
113,13,4,308
113,13,5,345
113,13,6,164
113,14,0,219
113,14,1,219
113,14,2,278
113,14,3,276
113,14,4,304
113,14,5,387
113,14,6,186
113,15,0,242
113,15,1,275
113,15,2,267
113,15,3,331
113,15,4,329
113,15,5,388
113,15,6,223
113,16,0,201
113,16,1,261
113,16,2,277
113,16,3,347
113,16,4,379
113,16,5,414
113,16,6,227
113,17,0,208
113,17,1,260
113,17,2,279
113,17,3,358
113,17,4,375
113,17,5,405
113,17,6,181
113,18,0,196
113,18,1,305
113,18,2,362
113,18,3,430
113,18,4,428
113,18,5,449
113,18,6,202
113,19,0,169
113,19,1,278
113,19,2,335
113,19,3,374
113,19,4,445
113,19,5,440
113,19,6,164
113,20,0,177
113,20,1,296
113,20,2,340
113,20,3,430
113,20,4,415
113,20,5,381
113,20,6,148
113,21,0,172
113,21,1,303
113,21,2,328
113,21,3,362
113,21,4,417
113,21,5,438
113,21,6,118
113,22,0,108
113,22,1,229
113,22,2,275
113,22,3,356
113,22,4,458
113,22,5,488
113,22,6,88
113,23,0,71
113,23,1,103
113,23,2,172
113,23,3,268
113,23,4,497
113,23,5,440
113,23,6,57
114,0,0,144
114,0,1,101
114,0,2,149
114,0,3,360
114,0,4,390
114,0,5,1032
114,0,6,860
114,1,0,89
114,1,1,61
114,1,2,63
114,1,3,154
114,1,4,287
114,1,5,1048
114,1,6,830
114,2,0,49
114,2,1,25
114,2,2,23
114,2,3,143
114,2,4,151
114,2,5,801
114,2,6,632
114,3,0,24
114,3,1,4
114,3,2,12
114,3,3,92
114,3,4,48
114,3,5,474
114,3,6,345
114,4,0,8
114,4,1,9
114,4,2,5
114,4,3,35
114,4,4,16
114,4,5,93
114,4,6,76
114,5,0,3
114,5,1,5
114,5,2,4
114,5,3,10
114,5,4,6
114,5,5,15
114,5,6,12
114,6,0,4
114,6,1,8
114,6,2,7
114,6,3,11
114,6,4,7
114,6,5,5
114,6,6,10
114,7,0,22
114,7,1,33
114,7,2,33
114,7,3,31
114,7,4,37
114,7,5,20
114,7,6,5
114,8,0,37
114,8,1,48
114,8,2,57
114,8,3,70
114,8,4,69
114,8,5,28
114,8,6,13
114,9,0,53
114,9,1,74
114,9,2,92
114,9,3,87
114,9,4,86
114,9,5,75
114,9,6,21
114,10,0,67
114,10,1,81
114,10,2,80
114,10,3,70
114,10,4,97
114,10,5,107
114,10,6,65
114,11,0,66
114,11,1,81
114,11,2,77
114,11,3,101
114,11,4,111
114,11,5,152
114,11,6,60
114,12,0,75
114,12,1,92
114,12,2,88
114,12,3,120
114,12,4,152
114,12,5,157
114,12,6,141
114,13,0,96
114,13,1,97
114,13,2,117
114,13,3,153
114,13,4,161
114,13,5,251
114,13,6,134
114,14,0,117
114,14,1,84
114,14,2,120
114,14,3,150
114,14,4,193
114,14,5,288
114,14,6,147
114,15,0,105
114,15,1,129
114,15,2,157
114,15,3,194
114,15,4,217
114,15,5,330
114,15,6,168
114,16,0,103
114,16,1,123
114,16,2,143
114,16,3,196
114,16,4,220
114,16,5,367
114,16,6,162
114,17,0,128
114,17,1,146
114,17,2,174
114,17,3,223
114,17,4,269
114,17,5,360
114,17,6,156
114,18,0,172
114,18,1,203
114,18,2,230
114,18,3,288
114,18,4,288
114,18,5,397
114,18,6,173
114,19,0,143
114,19,1,206
114,19,2,232
114,19,3,316
114,19,4,376
114,19,5,466
114,19,6,170
114,20,0,191
114,20,1,278
114,20,2,326
114,20,3,382
114,20,4,416
114,20,5,545
114,20,6,189
114,21,0,235
114,21,1,341
114,21,2,422
114,21,3,487
114,21,4,571
114,21,5,700
114,21,6,192
114,22,0,200
114,22,1,294
114,22,2,315
114,22,3,533
114,22,4,735
114,22,5,775
114,22,6,156
114,23,0,157
114,23,1,170
114,23,2,229
114,23,3,433
114,23,4,1010
114,23,5,894
114,23,6,166
115,6,4,1
116,0,0,3
116,0,1,5
116,0,2,2
116,0,3,4
116,0,4,5
116,0,5,11
116,0,6,4
116,1,0,1
116,1,1,1
116,1,2,2
116,1,3,10
116,1,4,3
116,1,5,4
116,1,6,6
116,2,0,2
116,2,3,11
116,2,4,1
116,2,5,3
116,3,0,1
116,3,2,1
116,3,3,4
116,3,4,1
116,3,5,1
116,3,6,1
116,4,1,5
116,4,2,3
116,4,3,6
116,4,4,1
116,4,5,1
116,4,6,4
116,5,0,5
116,5,1,9
116,5,2,7
116,5,3,9
116,5,4,3
116,5,5,3
116,5,6,5
116,6,0,6
116,6,1,12
116,6,2,8
116,6,3,18
116,6,4,20
116,6,5,8
116,6,6,4
116,7,0,25
116,7,1,32
116,7,2,32
116,7,3,30
116,7,4,21
116,7,5,16
116,7,6,8
116,8,0,23
116,8,1,27
116,8,2,40
116,8,3,30
116,8,4,31
116,8,5,16
116,8,6,11
116,9,0,21
116,9,1,28
116,9,2,26
116,9,3,28
116,9,4,33
116,9,5,18
116,9,6,13
116,10,0,16
116,10,1,18
116,10,2,23
116,10,3,25
116,10,4,20
116,10,5,26
116,10,6,14
116,11,0,5
116,11,1,14
116,11,2,17
116,11,3,17
116,11,4,19
116,11,5,17
116,11,6,13
116,12,0,11
116,12,1,14
116,12,2,19
116,12,3,24
116,12,4,20
116,12,5,20
116,12,6,14
116,13,0,11
116,13,1,20
116,13,2,19
116,13,3,24
116,13,4,6
116,13,5,25
116,13,6,17
116,14,0,5
116,14,1,17
116,14,2,16
116,14,3,31
116,14,4,15
116,14,5,24
116,14,6,11
116,15,0,4
116,15,1,11
116,15,2,14
116,15,3,17
116,15,4,19
116,15,5,12
116,15,6,5
116,16,0,8
116,16,1,5
116,16,2,10
116,16,3,18
116,16,4,21
116,16,5,15
116,16,6,4
116,17,0,6
116,17,1,9
116,17,2,14
116,17,3,18
116,17,4,16
116,17,5,12
116,17,6,8
116,18,0,9
116,18,1,7
116,18,2,10
116,18,3,16
116,18,4,19
116,18,5,12
116,18,6,8
116,19,0,7
116,19,1,7
116,19,2,13
116,19,3,10
116,19,4,13
116,19,5,11
116,19,6,3
116,20,0,3
116,20,1,4
116,20,2,5
116,20,3,16
116,20,4,9
116,20,5,7
116,20,6,4
116,21,0,4
116,21,1,2
116,21,2,2
116,21,3,6
116,21,4,6
116,21,5,5
116,21,6,5
116,22,0,1
116,22,1,5
116,22,2,3
116,22,3,11
116,22,4,7
116,22,5,3
116,22,6,2
116,23,0,2
116,23,1,2
116,23,2,6
116,23,3,1
116,23,4,9
116,23,5,7
116,23,6,3
117,0,3,1
117,1,6,1
117,2,3,1
117,3,0,1
117,3,2,1
117,3,4,2
117,3,5,1
117,3,6,1
117,4,0,3
117,4,1,3
117,4,2,4
117,4,3,4
117,4,4,5
117,4,5,2
117,4,6,2
117,5,0,4
117,5,1,12
117,5,2,12
117,5,3,11
117,5,4,10
117,5,5,2
117,6,0,9
117,6,1,13
117,6,2,16
117,6,3,14
117,6,4,21
117,6,5,5
117,6,6,4
117,7,0,15
117,7,1,21
117,7,2,16
117,7,3,20
117,7,4,25
117,7,5,6
117,7,6,4
117,8,0,6
117,8,1,19
117,8,2,22
117,8,3,18
117,8,4,22
117,8,5,7
117,8,6,6
117,9,0,9
117,9,1,19
117,9,2,15
117,9,3,9
117,9,4,11
117,9,5,5
117,9,6,1
117,10,0,4
117,10,1,8
117,10,2,11
117,10,3,11
117,10,4,16
117,10,5,5
117,10,6,3
117,11,0,5
117,11,1,6
117,11,2,4
117,11,3,7
117,11,4,9
117,11,5,7
117,11,6,6
117,12,0,7
117,12,1,7
117,12,2,7
117,12,3,4
117,12,4,7
117,12,5,10
117,12,6,9
117,13,0,1
117,13,1,6
117,13,2,8
117,13,3,7
117,13,4,11
117,13,5,3
117,14,0,4
117,14,1,3
117,14,2,3
117,14,3,10
117,14,4,10
117,14,5,4
117,14,6,4
117,15,0,4
117,15,1,6
117,15,2,6
117,15,3,3
117,15,4,3
117,15,5,2
117,15,6,3
117,16,0,2
117,16,1,2
117,16,2,6
117,16,3,7
117,16,4,10
117,16,5,2
117,16,6,3
117,17,0,3
117,17,1,2
117,17,2,7
117,17,3,7
117,17,4,10
117,17,5,10
117,17,6,3
117,18,0,4
117,18,1,3
117,18,2,7
117,18,3,2
117,18,4,5
117,18,5,4
117,18,6,3
117,19,0,1
117,19,1,1
117,19,2,4
117,19,3,4
117,19,4,6
117,19,5,3
117,19,6,2
117,20,0,2
117,20,1,2
117,20,2,2
117,20,3,1
117,20,4,4
117,20,5,1
117,20,6,1
117,21,0,2
117,21,2,3
117,21,3,1
117,21,4,4
117,21,6,1
117,22,3,1
117,22,5,1
117,23,2,1
118,2,3,1
118,9,3,1
118,14,1,1
119,0,0,1
119,0,1,1
119,0,3,1
119,1,3,1
119,1,6,1
119,2,6,1
119,3,0,2
119,3,4,2
119,4,0,2
119,4,2,1
119,4,3,1
119,5,0,1
119,5,1,1
119,5,2,4
119,5,3,3
119,5,4,1
119,6,0,3
119,6,1,5
119,6,2,10
119,6,3,11
119,6,4,15
119,6,5,2
119,6,6,3
119,7,0,8
119,7,1,8
119,7,2,10
119,7,3,13
119,7,4,17
119,7,5,8
119,7,6,1
119,8,0,12
119,8,1,5
119,8,2,15
119,8,3,13
119,8,4,17
119,8,5,11
119,8,6,3
119,9,0,1
119,9,1,14
119,9,2,5
119,9,3,5
119,9,4,12
119,9,5,4
119,9,6,5
119,10,0,3
119,10,1,11
119,10,2,6
119,10,3,5
119,10,4,10
119,10,5,1
119,10,6,2
119,11,0,5
119,11,1,7
119,11,2,8
119,11,3,12
119,11,4,7
119,11,5,1
119,11,6,5
119,12,0,7
119,12,1,4
119,12,2,7
119,12,3,2
119,12,4,9
119,12,5,3
119,12,6,6
119,13,0,4
119,13,1,8
119,13,2,10
119,13,3,7
119,13,4,3
119,13,5,2
119,13,6,4
119,14,0,4
119,14,1,5
119,14,2,9
119,14,3,5
119,14,4,4
119,14,5,2
119,14,6,3
119,15,0,1
119,15,1,1
119,15,2,2
119,15,3,2
119,15,4,12
119,15,5,1
119,15,6,1
119,16,0,5
119,16,1,1
119,16,2,3
119,16,3,1
119,16,4,2
119,16,5,1
119,16,6,1
119,17,1,3
119,17,2,1
119,17,4,5
119,17,5,1
119,17,6,1
119,18,2,1
119,18,3,1
119,18,4,3
119,18,5,6
119,19,0,1
119,19,3,1
119,19,4,1
119,19,5,2
119,20,2,1
119,20,3,1
119,20,4,2
119,20,6,1
119,21,1,1
119,21,3,1
119,21,4,2
119,22,4,1
119,22,5,1
119,23,5,1
120,6,1,1
120,7,1,1
120,7,2,1
120,9,0,1
120,9,3,1
120,9,4,1
120,12,2,1
120,12,4,1
120,13,0,1
120,13,1,1
120,13,2,1
120,14,1,1
120,14,2,1
120,15,4,2
120,15,5,1
120,17,1,1
120,22,0,1
120,23,0,1
121,3,2,2
121,3,3,2
121,3,4,2
121,4,0,2
121,4,1,1
121,4,3,2
121,4,4,1
121,6,0,2
121,6,1,5
121,6,2,2
121,6,3,1
121,6,4,2
121,6,5,1
121,6,6,1
121,7,0,5
121,7,1,8
121,7,2,13
121,7,3,8
121,7,4,5
121,7,5,2
121,7,6,3
121,8,0,3
121,8,1,4
121,8,2,7
121,8,3,4
121,8,4,7
121,8,5,2
121,8,6,2
121,9,0,1
121,9,1,2
121,9,2,2
121,9,3,7
121,9,4,2
121,9,5,1
121,10,0,1
121,10,1,4
121,10,2,3
121,10,3,1
121,10,4,5
121,10,5,4
121,10,6,3
121,11,0,2
121,11,1,2
121,11,2,2
121,11,3,3
121,11,4,7
121,11,5,4
121,11,6,1
121,12,0,3
121,12,1,3
121,12,2,5
121,12,3,4
121,12,4,5
121,12,5,5
121,12,6,4
121,13,0,3
121,13,1,5
121,13,2,7
121,13,3,1
121,13,4,5
121,14,0,2
121,14,1,2
121,14,2,3
121,14,3,5
121,14,4,10
121,14,5,1
121,14,6,1
121,15,0,4
121,15,1,4
121,15,2,1
121,15,3,3
121,15,4,6
121,15,5,2
121,15,6,1
121,16,0,2
121,16,1,5
121,16,2,8
121,16,3,6
121,16,4,8
121,16,5,1
121,17,0,2
121,17,1,1
121,17,2,4
121,17,3,5
121,17,4,1
121,17,6,2
121,18,0,1
121,18,1,1
121,18,2,3
121,18,4,3
121,18,6,1
121,19,0,1
121,19,1,2
121,19,2,1
121,19,3,1
121,19,4,1
121,19,6,1
121,20,2,2
121,20,3,1
121,20,4,1
121,20,5,4
121,20,6,1
121,21,3,1
121,22,1,1
121,22,3,1
121,22,4,1
121,22,6,1
121,23,0,1
122,4,0,1
122,4,1,3
122,4,2,1
122,4,3,5
122,4,4,1
122,5,0,2
122,5,1,5
122,5,2,2
122,5,3,4
122,5,4,3
122,6,0,3
122,6,1,3
122,6,2,5
122,6,3,4
122,6,4,7
122,6,5,1
122,7,0,2
122,7,1,3
122,7,2,4
122,7,3,5
122,7,4,4
122,7,5,1
122,7,6,1
122,8,0,1
122,8,1,2
122,8,2,1
122,8,3,1
122,8,4,5
122,8,5,1
122,8,6,1
122,9,0,5
122,9,1,4
122,9,2,2
122,9,3,3
122,9,5,1
122,9,6,2
122,10,1,2
122,10,2,2
122,10,3,2
122,10,4,3
122,10,5,2
122,10,6,2
122,11,0,1
122,11,1,1
122,11,2,1
122,11,3,1
122,11,4,1
122,11,5,3
122,11,6,2
122,12,0,3
122,12,1,1
122,12,2,1
122,12,4,4
122,12,5,1
122,13,0,1
122,13,1,2
122,13,3,6
122,13,4,1
122,13,5,2
122,13,6,1
122,14,3,1
122,15,2,1
122,15,4,1
122,15,5,1
122,15,6,2
122,16,0,1
122,16,1,1
122,16,2,3
122,16,3,1
122,16,4,1
122,17,3,2
122,17,5,3
122,17,6,1
122,18,1,1
122,18,3,1
122,18,4,3
122,18,5,1
122,19,6,1
122,20,0,1
122,20,1,1
122,21,3,1
122,21,5,1
122,21,6,1
122,22,4,1
123,0,4,1
123,1,3,2
123,5,1,5
123,5,2,5
123,5,3,1
123,5,4,4
123,6,1,3
123,6,2,2
123,6,4,4
123,6,6,2
123,7,0,1
123,7,1,2
123,7,2,5
123,7,3,2
123,7,4,5
123,7,5,2
123,8,0,6
123,8,1,3
123,8,2,5
123,8,3,7
123,8,4,7
123,8,6,1
123,9,0,3
123,9,1,6
123,9,2,10
123,9,3,2
123,9,4,7
123,9,5,1
123,9,6,1
123,10,0,3
123,10,1,8
123,10,2,10
123,10,3,12
123,10,4,9
123,10,5,1
123,10,6,1
123,11,0,9
123,11,1,5
123,11,2,11
123,11,3,6
123,11,4,11
123,11,5,2
123,11,6,3
123,12,0,7
123,12,1,12
123,12,2,7
123,12,3,18
123,12,4,13
123,12,5,1
123,12,6,1
123,13,0,10
123,13,1,11
123,13,2,15
123,13,3,13
123,13,4,10
123,13,5,3
123,13,6,1
123,14,0,9
123,14,1,10
123,14,2,8
123,14,3,7
123,14,4,11
123,14,5,1
123,14,6,1
123,15,0,5
123,15,1,6
123,15,2,4
123,15,3,6
123,15,4,7
123,15,5,1
123,16,0,10
123,16,1,6
123,16,2,10
123,16,3,13
123,16,4,7
123,16,5,5
123,16,6,1
123,17,0,3
123,17,1,1
123,17,2,4
123,17,3,10
123,17,4,3
123,17,5,1
123,18,0,1
123,18,1,4
123,18,2,2
123,18,3,5
123,18,4,6
123,18,5,5
123,19,1,2
123,19,2,1
123,19,4,1
123,20,0,1
123,20,2,2
123,20,4,2
123,20,5,3
123,21,1,1
123,21,3,2
123,21,5,1
123,22,3,1
123,22,6,2
124,0,3,1
124,0,6,2
124,1,0,1
124,2,5,1
124,4,0,2
124,4,1,2
124,4,2,1
124,4,3,3
124,4,4,2
124,5,0,2
124,5,1,3
124,5,2,2
124,5,3,3
124,5,4,3
124,6,0,5
124,6,1,4
124,6,2,5
124,6,3,8
124,6,4,8
124,6,5,1
124,7,0,4
124,7,1,2
124,7,2,6
124,7,3,2
124,7,4,2
124,7,5,2
124,7,6,2
124,8,1,2
124,8,2,2
124,8,3,6
124,8,4,6
124,8,6,1
124,9,1,2
124,9,2,5
124,9,3,3
124,9,4,2
124,9,5,3
124,9,6,4
124,10,1,6
124,10,2,6
124,10,3,3
124,10,4,4
124,10,6,2
124,11,0,2
124,11,1,4
124,11,2,3
124,11,3,1
124,11,4,1
124,11,5,2
124,12,0,3
124,12,2,1
124,12,3,4
124,12,4,3
124,12,6,2
124,13,1,2
124,13,2,3
124,13,3,3
124,13,4,4
124,13,5,2
124,14,0,1
124,14,1,1
124,14,2,1
124,14,3,4
124,14,4,1
124,14,5,2
124,14,6,1
124,15,0,1
124,15,1,4
124,15,3,2
124,15,4,6
124,15,5,1
124,16,0,2
124,16,1,3
124,16,2,2
124,16,3,3
124,16,4,3
124,16,5,3
124,17,0,1
124,17,1,1
124,17,2,2
124,17,3,3
124,17,4,3
124,17,5,4
124,18,0,1
124,18,3,1
124,18,5,1
124,19,0,1
124,19,1,1
124,19,2,1
124,19,4,1
124,19,5,2
124,20,2,1
124,20,3,1
124,20,5,1
124,20,6,1
124,21,3,2
124,21,4,1
124,22,2,1
124,23,3,2
124,23,4,1
125,0,0,18
125,0,1,4
125,0,2,9
125,0,3,44
125,0,4,44
125,0,5,85
125,0,6,73
125,1,0,14
125,1,1,1
125,1,2,7
125,1,3,34
125,1,4,34
125,1,5,75
125,1,6,54
125,2,0,16
125,2,1,2
125,2,2,1
125,2,3,26
125,2,4,29
125,2,5,57
125,2,6,44
125,3,0,14
125,3,1,1
125,3,2,3
125,3,3,31
125,3,4,32
125,3,5,56
125,3,6,46
125,4,0,11
125,4,1,2
125,4,2,2
125,4,3,16
125,4,4,6
125,4,5,49
125,4,6,25
125,5,0,3
125,5,1,1
125,5,2,1
125,5,3,1
125,5,4,6
125,5,5,3
125,5,6,1
125,6,0,7
125,6,1,7
125,6,2,11
125,6,3,8
125,6,4,9
125,6,5,7
125,6,6,2
125,7,0,24
125,7,1,44
125,7,2,53
125,7,3,51
125,7,4,38
125,7,5,11
125,7,6,12
125,8,0,33
125,8,1,64
125,8,2,74
125,8,3,60
125,8,4,60
125,8,5,30
125,8,6,17
125,9,0,43
125,9,1,79
125,9,2,79
125,9,3,96
125,9,4,67
125,9,5,53
125,9,6,31
125,10,0,60
125,10,1,76
125,10,2,86
125,10,3,81
125,10,4,73
125,10,5,75
125,10,6,36
125,11,0,70
125,11,1,76
125,11,2,73
125,11,3,65
125,11,4,83
125,11,5,105
125,11,6,46
125,12,0,56
125,12,1,104
125,12,2,69
125,12,3,88
125,12,4,79
125,12,5,118
125,12,6,58
125,13,0,64
125,13,1,85
125,13,2,93
125,13,3,91
125,13,4,83
125,13,5,119
125,13,6,60
125,14,0,78
125,14,1,74
125,14,2,79
125,14,3,116
125,14,4,92
125,14,5,118
125,14,6,75
125,15,0,55
125,15,1,81
125,15,2,93
125,15,3,104
125,15,4,100
125,15,5,114
125,15,6,79
125,16,0,72
125,16,1,77
125,16,2,105
125,16,3,92
125,16,4,89
125,16,5,134
125,16,6,68
125,17,0,70
125,17,1,102
125,17,2,142
125,17,3,129
125,17,4,116
125,17,5,118
125,17,6,64
125,18,0,85
125,18,1,102
125,18,2,134
125,18,3,158
125,18,4,122
125,18,5,121
125,18,6,66
125,19,0,52
125,19,1,102
125,19,2,108
125,19,3,141
125,19,4,118
125,19,5,118
125,19,6,57
125,20,0,44
125,20,1,101
125,20,2,108
125,20,3,125
125,20,4,103
125,20,5,122
125,20,6,40
125,21,0,40
125,21,1,109
125,21,2,108
125,21,3,120
125,21,4,108
125,21,5,102
125,21,6,41
125,22,0,26
125,22,1,64
125,22,2,71
125,22,3,102
125,22,4,117
125,22,5,113
125,22,6,27
125,23,0,21
125,23,1,17
125,23,2,40
125,23,3,70
125,23,4,120
125,23,5,101
125,23,6,28
126,0,5,1
126,1,2,1
126,1,3,1
126,2,3,1
126,3,3,1
126,4,3,2
126,4,4,1
126,4,5,1
126,5,0,1
126,5,1,4
126,5,2,2
126,6,0,2
126,6,1,3
126,6,2,3
126,6,3,3
126,6,4,4
126,6,5,2
126,6,6,1
126,7,0,2
126,7,1,7
126,7,2,11
126,7,3,10
126,7,4,7
126,7,5,2
126,7,6,2
126,8,0,1
126,8,1,10
126,8,2,7
126,8,3,9
126,8,4,7
126,8,5,1
126,8,6,2
126,9,0,5
126,9,1,10
126,9,2,6
126,9,3,7
126,9,4,9
126,9,5,3
126,9,6,1
126,10,0,4
126,10,1,3
126,10,2,7
126,10,3,3
126,10,4,2
126,10,5,3
126,11,0,1
126,11,1,2
126,11,2,5
126,11,3,6
126,11,4,3
126,11,5,1
126,11,6,2
126,12,0,2
126,12,1,2
126,12,2,3
126,12,3,9
126,12,4,1
126,12,5,4
126,12,6,1
126,13,0,4
126,13,1,1
126,13,2,2
126,13,3,6
126,13,4,4
126,13,5,2
126,13,6,2
126,14,0,1
126,14,2,4
126,14,3,6
126,14,4,1
126,14,5,2
126,15,0,3
126,15,1,1
126,15,2,4
126,15,3,4
126,15,4,4
126,15,5,3
126,15,6,1
126,16,0,2
126,16,1,2
126,16,2,2
126,16,5,1
126,17,1,3
126,17,4,2
126,17,6,2
126,18,5,2
126,19,0,1
126,19,1,1
126,19,3,2
126,19,4,4
126,19,5,1
126,19,6,2
126,20,0,1
126,20,2,2
126,20,3,1
126,20,5,1
126,20,6,1
126,21,5,1
126,22,1,2
126,22,3,1
126,22,4,1
126,22,5,3
126,23,4,1
126,23,5,1
127,0,3,3
127,0,5,2
127,0,6,1
127,1,3,2
127,1,5,2
127,2,3,2
127,2,5,1
127,2,6,1
127,3,3,2
127,3,4,1
127,4,0,1
127,4,3,2
127,4,4,2
127,4,5,2
127,4,6,3
127,5,0,2
127,5,3,1
127,5,5,1
127,6,0,5
127,6,1,4
127,6,2,5
127,6,3,1
127,6,4,4
127,6,6,2
127,7,0,5
127,7,1,6
127,7,2,9
127,7,3,4
127,7,4,10
127,7,5,2
127,7,6,1
127,8,0,7
127,8,1,5
127,8,2,10
127,8,3,8
127,8,4,14
127,8,5,5
127,8,6,2
127,9,0,4
127,9,1,9
127,9,2,6
127,9,3,11
127,9,4,7
127,9,5,2
127,9,6,1
127,10,0,4
127,10,1,7
127,10,2,7
127,10,3,10
127,10,4,7
127,10,5,3
127,10,6,5
127,11,0,6
127,11,1,6
127,11,2,9
127,11,3,10
127,11,4,11
127,11,5,7
127,11,6,3
127,12,0,2
127,12,1,5
127,12,2,4
127,12,3,5
127,12,4,3
127,12,5,7
127,12,6,2
127,13,0,2
127,13,1,5
127,13,2,5
127,13,3,4
127,13,4,3
127,13,5,10
127,13,6,2
127,14,0,3
127,14,1,2
127,14,2,5
127,14,3,4
127,14,4,7
127,14,5,2
127,14,6,5
127,15,0,8
127,15,1,7
127,15,2,9
127,15,3,6
127,15,4,9
127,15,5,3
127,15,6,4
127,16,0,5
127,16,1,6
127,16,2,3
127,16,3,8
127,16,4,5
127,16,5,1
127,16,6,2
127,17,0,3
127,17,1,5
127,17,2,8
127,17,3,5
127,17,4,5
127,17,5,4
127,17,6,4
127,18,0,2
127,18,2,2
127,18,3,4
127,18,4,5
127,18,5,2
127,19,0,2
127,19,1,2
127,19,2,1
127,19,3,3
127,19,4,6
127,19,5,1
127,20,0,1
127,20,1,4
127,20,2,3
127,20,4,1
127,20,5,2
127,20,6,1
127,21,4,1
127,21,5,1
127,21,6,1
127,22,3,3
127,22,4,3
127,22,5,2
127,23,1,1
127,23,2,1
127,23,3,1
128,3,5,1
128,5,3,1
128,5,4,1
128,7,4,1
128,8,3,3
128,8,4,1
128,9,6,1
128,10,1,1
128,10,2,2
128,10,4,1
128,10,5,1
128,11,2,1
128,12,0,1
128,12,3,1
128,12,4,2
128,13,1,1
128,13,2,1
128,13,4,1
128,13,5,1
128,14,0,3
128,14,1,2
128,14,2,1
128,14,4,2
128,14,6,1
128,15,1,1
128,15,2,2
128,15,3,3
128,15,4,3
128,15,5,2
128,16,5,2
128,18,0,1
128,18,3,2
128,18,5,1
128,18,6,1
128,19,0,1
128,19,3,1
128,19,4,1
128,20,2,1
128,22,6,1
128,23,1,1
129,0,0,1
129,0,1,1
129,0,2,3
129,0,3,3
129,0,4,1
129,0,5,2
129,0,6,1
129,1,0,1
129,1,1,1
129,1,3,4
129,1,5,3
129,2,0,1
129,2,1,1
129,2,3,2
129,2,4,1
129,2,5,5
129,2,6,3
129,3,0,2
129,3,1,1
129,3,2,1
129,3,3,3
129,3,4,6
129,3,5,3
129,3,6,1
129,4,0,2
129,4,1,2
129,4,2,2
129,4,3,5
129,4,4,2
129,4,5,8
129,5,0,5
129,5,1,5
129,5,2,2
129,5,3,3
129,5,4,7
129,5,5,5
129,5,6,2
129,6,0,9
129,6,1,11
129,6,2,5
129,6,3,9
129,6,4,13
129,6,5,4
129,6,6,6
129,7,0,13
129,7,1,10
129,7,2,15
129,7,3,13
129,7,4,11
129,7,5,8
129,7,6,4
129,8,0,9
129,8,1,10
129,8,2,6
129,8,3,23
129,8,4,17
129,8,5,14
129,8,6,4
129,9,0,7
129,9,1,12
129,9,2,7
129,9,3,14
129,9,4,11
129,9,5,10
129,9,6,7
129,10,0,6
129,10,1,11
129,10,2,8
129,10,3,8
129,10,4,8
129,10,5,3
129,10,6,7
129,11,0,6
129,11,1,11
129,11,2,11
129,11,3,14
129,11,4,6
129,11,5,6
129,11,6,6
129,12,0,7
129,12,1,2
129,12,2,8
129,12,3,15
129,12,4,14
129,12,5,6
129,12,6,4
129,13,0,9
129,13,1,7
129,13,2,5
129,13,3,13
129,13,4,7
129,13,5,4
129,13,6,5
129,14,0,6
129,14,1,5
129,14,2,6
129,14,3,13
129,14,4,9
129,14,5,13
129,14,6,11
129,15,0,11
129,15,1,8
129,15,2,6
129,15,3,7
129,15,4,9
129,15,5,5
129,15,6,5
129,16,0,5
129,16,1,8
129,16,2,7
129,16,3,3
129,16,4,8
129,16,5,3
129,16,6,6
129,17,0,12
129,17,1,13
129,17,2,5
129,17,3,8
129,17,4,10
129,17,5,4
129,17,6,11
129,18,0,4
129,18,1,4
129,18,2,9
129,18,3,9
129,18,4,7
129,18,5,5
129,18,6,2
129,19,0,3
129,19,1,3
129,19,2,6
129,19,3,4
129,19,4,2
129,19,5,3
129,19,6,1
129,20,0,4
129,20,1,1
129,20,2,2
129,20,3,2
129,20,4,5
129,20,5,4
129,20,6,4
129,21,1,1
129,21,2,1
129,21,4,4
129,21,5,1
129,22,0,4
129,22,1,2
129,22,3,3
129,22,5,3
129,22,6,3
129,23,0,2
129,23,1,3
129,23,3,1
129,23,4,4
129,23,5,2
129,23,6,1
130,0,0,1
130,0,1,2
130,0,2,1
130,0,3,1
130,0,4,3
130,0,5,2
130,0,6,1
130,1,0,2
130,1,1,3
130,1,2,1
130,1,3,2
130,1,4,1
130,1,5,5
130,1,6,2
130,2,2,2
130,2,3,1
130,3,1,2
130,3,2,1
130,3,3,2
130,3,5,1
130,4,0,1
130,4,2,1
130,4,4,1
130,4,5,1
130,4,6,1
130,5,0,7
130,5,1,11
130,5,2,5
130,5,3,8
130,5,4,5
130,5,5,5
130,6,0,6
130,6,1,11
130,6,2,13
130,6,3,23
130,6,4,18
130,6,5,4
130,6,6,2
130,7,0,7
130,7,1,10
130,7,2,19
130,7,3,16
130,7,4,14
130,7,5,4
130,7,6,1
130,8,0,8
130,8,1,13
130,8,2,9
130,8,3,6
130,8,4,16
130,8,5,13
130,9,0,3
130,9,1,8
130,9,2,13
130,9,3,8
130,9,4,11
130,9,5,7
130,9,6,3
130,10,0,7
130,10,1,9
130,10,2,9
130,10,3,11
130,10,4,5
130,10,5,4
130,10,6,3
130,11,0,8
130,11,1,8
130,11,2,12
130,11,3,17
130,11,4,10
130,11,5,5
130,11,6,4
130,12,0,6
130,12,1,8
130,12,2,12
130,12,3,14
130,12,4,10
130,12,5,8
130,12,6,7
130,13,0,10
130,13,1,8
130,13,2,8
130,13,3,11
130,13,4,17
130,13,5,11
130,13,6,6
130,14,0,7
130,14,1,7
130,14,2,5
130,14,3,13
130,14,4,18
130,14,5,3
130,14,6,7
130,15,0,10
130,15,1,11
130,15,2,14
130,15,3,14
130,15,4,21
130,15,5,4
130,15,6,3
130,16,0,13
130,16,1,18
130,16,2,19
130,16,3,25
130,16,4,24
130,16,5,10
130,16,6,4
130,17,0,12
130,17,1,14
130,17,2,18
130,17,3,18
130,17,4,15
130,17,5,1
130,17,6,3
130,18,0,1
130,18,1,7
130,18,2,6
130,18,3,6
130,18,4,13
130,18,5,3
130,18,6,5
130,19,0,6
130,19,1,5
130,19,2,1
130,19,3,5
130,19,4,3
130,19,5,4
130,19,6,1
130,20,0,3
130,20,1,1
130,20,2,6
130,20,3,4
130,20,5,4
130,20,6,2
130,21,0,2
130,21,1,3
130,21,2,4
130,21,3,4
130,21,4,6
130,21,5,2
130,21,6,4
130,22,0,4
130,22,1,3
130,22,2,2
130,22,3,2
130,22,4,3
130,22,5,6
130,22,6,1
130,23,1,2
130,23,2,5
130,23,3,2
130,23,4,3
130,23,5,1
130,23,6,5
131,0,4,1
131,4,0,2
131,4,1,2
131,4,3,1
131,4,4,1
131,5,0,2
131,5,2,1
131,5,3,1
131,5,4,1
131,6,0,2
131,6,1,1
131,6,2,4
131,6,3,6
131,6,4,3
131,6,5,1
131,7,0,4
131,7,1,3
131,7,2,4
131,7,3,4
131,7,4,7
131,7,5,2
131,7,6,1
131,8,0,4
131,8,1,4
131,8,2,5
131,8,3,1
131,8,4,3
131,8,5,2
131,8,6,1
131,9,0,5
131,9,1,1
131,9,2,5
131,9,3,3
131,9,4,1
131,9,5,2
131,9,6,1
131,10,0,3
131,10,1,4
131,10,2,2
131,10,3,3
131,10,4,6
131,10,5,3
131,10,6,2
131,11,0,2
131,11,1,3
131,11,2,2
131,11,3,4
131,11,4,3
131,11,5,2
131,12,0,3
131,12,1,1
131,12,2,1
131,12,3,3
131,12,4,3
131,12,5,2
131,12,6,2
131,13,1,4
131,13,2,3
131,13,3,5
131,13,4,5
131,13,5,3
131,14,0,2
131,14,1,3
131,14,2,2
131,14,3,3
131,14,4,2
131,14,5,2
131,15,0,2
131,15,1,2
131,15,3,1
131,15,4,2
131,15,5,3
131,15,6,1
131,16,0,2
131,16,1,1
131,16,4,1
131,17,0,1
131,17,1,3
131,17,4,2
131,18,1,2
131,18,2,3
131,18,3,1
131,18,4,1
131,18,5,1
131,18,6,1
131,19,0,1
131,20,5,2
131,20,6,1
131,21,1,1
131,21,4,2
131,22,3,1
131,22,4,1
132,0,0,555
132,0,1,645
132,0,2,296
132,0,3,340
132,0,4,517
132,0,5,556
132,0,6,431
132,1,0,246
132,1,1,322
132,1,2,197
132,1,3,165
132,1,4,181
132,1,5,305
132,1,6,194
132,2,0,121
132,2,1,170
132,2,2,51
132,2,3,68
132,2,4,123
132,2,5,70
132,2,6,73
132,3,0,54
132,3,1,146
132,3,2,21
132,3,3,47
132,3,4,57
132,3,5,54
132,3,6,85
132,4,0,33
132,4,1,70
132,4,2,38
132,4,3,33
132,4,4,53
132,4,5,60
132,4,6,33
132,5,0,258
132,5,1,269
132,5,2,178
132,5,3,297
132,5,4,363
132,5,5,284
132,5,6,150
132,6,0,277
132,6,1,264
132,6,2,253
132,6,3,374
132,6,4,421
132,6,5,380
132,6,6,337
132,7,0,238
132,7,1,223
132,7,2,177
132,7,3,353
132,7,4,342
132,7,5,388
132,7,6,355
132,8,0,189
132,8,1,215
132,8,2,204
132,8,3,213
132,8,4,246
132,8,5,433
132,8,6,289
132,9,0,217
132,9,1,276
132,9,2,226
132,9,3,277
132,9,4,322
132,9,5,434
132,9,6,322
132,10,0,241
132,10,1,245
132,10,2,252
132,10,3,362
132,10,4,254
132,10,5,342
132,10,6,301
132,11,0,200
132,11,1,227
132,11,2,192
132,11,3,288
132,11,4,239
132,11,5,283
132,11,6,189
132,12,0,278
132,12,1,243
132,12,2,231
132,12,3,333
132,12,4,330
132,12,5,348
132,12,6,303
132,13,0,286
132,13,1,340
132,13,2,292
132,13,3,319
132,13,4,343
132,13,5,381
132,13,6,278
132,14,0,406
132,14,1,377
132,14,2,363
132,14,3,456
132,14,4,509
132,14,5,472
132,14,6,413
132,15,0,545
132,15,1,475
132,15,2,456
132,15,3,622
132,15,4,632
132,15,5,588
132,15,6,443
132,16,0,511
132,16,1,463
132,16,2,477
132,16,3,618
132,16,4,617
132,16,5,578
132,16,6,420
132,17,0,449
132,17,1,401
132,17,2,358
132,17,3,465
132,17,4,456
132,17,5,557
132,17,6,319
132,18,0,510
132,18,1,404
132,18,2,462
132,18,3,569
132,18,4,563
132,18,5,514
132,18,6,383
132,19,0,593
132,19,1,599
132,19,2,553
132,19,3,747
132,19,4,689
132,19,5,622
132,19,6,490
132,20,0,763
132,20,1,679
132,20,2,642
132,20,3,813
132,20,4,736
132,20,5,880
132,20,6,591
132,21,0,662
132,21,1,652
132,21,2,691
132,21,3,856
132,21,4,732
132,21,5,751
132,21,6,598
132,22,0,725
132,22,1,661
132,22,2,550
132,22,3,793
132,22,4,785
132,22,5,733
132,22,6,645
132,23,0,844
132,23,1,516
132,23,2,474
132,23,3,783
132,23,4,625
132,23,5,647
132,23,6,649
133,0,0,1
133,1,6,1
133,2,3,1
133,2,4,1
133,2,5,1
133,4,2,1
133,4,3,1
133,4,6,1
133,5,1,1
133,5,3,2
133,5,4,2
133,5,5,2
133,6,0,4
133,6,1,2
133,6,2,3
133,6,3,4
133,6,4,3
133,6,5,4
133,7,0,1
133,7,1,5
133,7,2,2
133,7,3,5
133,7,4,7
133,7,6,2
133,8,0,5
133,8,1,4
133,8,2,3
133,8,3,4
133,8,4,8
133,8,5,2
133,9,0,4
133,9,1,7
133,9,2,1
133,9,3,4
133,9,4,6
133,9,5,2
133,9,6,4
133,10,0,2
133,10,1,1
133,10,2,3
133,10,3,5
133,10,4,8
133,10,5,1
133,10,6,1
133,11,0,1
133,11,1,1
133,11,2,2
133,11,3,7
133,11,4,5
133,11,5,2
133,11,6,3
133,12,0,3
133,12,1,3
133,12,2,2
133,12,3,6
133,12,4,5
133,12,5,1
133,12,6,3
133,13,1,5
133,13,2,6
133,13,3,3
133,13,4,5
133,13,5,3
133,14,0,2
133,14,1,2
133,14,2,1
133,14,3,3
133,14,4,3
133,14,5,1
133,14,6,1
133,15,0,2
133,15,1,2
133,15,2,1
133,15,3,2
133,15,4,5
133,15,5,1
133,16,1,2
133,16,2,2
133,16,3,3
133,16,4,3
133,16,5,2
133,16,6,1
133,17,1,1
133,17,2,2
133,17,3,1
133,17,4,3
133,17,5,2
133,17,6,1
133,18,0,1
133,18,1,2
133,18,3,1
133,18,4,1
133,19,1,1
133,19,2,1
133,19,4,1
133,19,5,1
133,20,5,2
133,21,1,1
133,22,2,1
133,23,1,1
133,23,4,1
134,0,0,2
134,0,5,1
134,1,4,1
134,2,3,1
134,3,4,1
134,3,6,1
134,4,5,1
134,5,2,1
134,5,3,2
134,5,4,1
134,6,0,2
134,6,1,5
134,6,4,4
134,6,5,1
134,7,0,5
134,7,1,3
134,7,2,7
134,7,3,10
134,7,4,9
134,7,5,2
134,7,6,2
134,8,0,3
134,8,1,5
134,8,2,3
134,8,3,5
134,8,4,1
134,8,5,1
134,9,0,2
134,9,1,3
134,9,2,5
134,9,3,5
134,9,4,4
134,10,0,3
134,10,1,3
134,10,2,3
134,10,3,2
134,10,4,4
134,10,5,2
134,10,6,1
134,11,0,3
134,11,1,3
134,11,2,4
134,11,3,7
134,11,4,2
134,11,5,1
134,12,0,5
134,12,1,5
134,12,2,8
134,12,3,10
134,12,4,6
134,12,5,3
134,12,6,2
134,13,0,1
134,13,1,3
134,13,2,6
134,13,3,5
134,13,4,5
134,13,5,5
134,14,0,4
134,14,1,3
134,14,2,2
134,14,3,2
134,14,4,3
134,14,5,5
134,14,6,2
134,15,0,2
134,15,1,5
134,15,2,5
134,15,3,6
134,15,4,5
134,15,5,3
134,15,6,4
134,16,0,3
134,16,1,5
134,16,2,3
134,16,3,6
134,16,4,5
134,16,5,4
134,16,6,6
134,17,0,4
134,17,1,2
134,17,2,3
134,17,3,4
134,17,4,5
134,17,5,4
134,17,6,2
134,18,0,1
134,18,1,1
134,18,2,3
134,18,3,2
134,18,4,2
134,18,5,1
134,18,6,2
134,19,0,1
134,19,1,2
134,19,2,1
134,19,4,1
134,19,5,1
134,19,6,3
134,20,3,1
134,20,5,1
134,21,0,1
134,21,4,1
134,21,5,1
134,22,2,1
134,22,5,2
134,23,4,1
135,0,5,2
135,2,1,1
135,4,4,1
135,5,0,4
135,5,1,4
135,5,2,5
135,5,3,5
135,5,4,3
135,5,5,3
135,6,0,3
135,6,1,2
135,6,2,5
135,6,3,9
135,6,4,4
135,7,0,1
135,7,2,3
135,7,3,3
135,7,4,2
135,8,0,1
135,8,1,3
135,8,2,5
135,8,3,1
135,8,4,6
135,8,5,3
135,8,6,2
135,9,0,3
135,9,1,3
135,9,2,3
135,9,3,4
135,9,4,3
135,9,5,2
135,10,0,4
135,10,1,2
135,10,2,1
135,10,4,3
135,10,6,2
135,11,1,2
135,11,3,2
135,11,4,2
135,11,5,4
135,12,0,4
135,12,1,2
135,12,2,3
135,12,4,1
135,12,5,1
135,13,0,2
135,13,1,2
135,13,2,2
135,13,3,3
135,13,4,3
135,13,5,1
135,13,6,1
135,14,1,1
135,14,2,1
135,14,6,2
135,15,0,2
135,15,2,1
135,15,3,3
135,15,4,2
135,16,0,3
135,16,2,2
135,16,3,2
135,16,4,1
135,16,5,2
135,17,1,1
135,17,4,2
135,17,6,2
135,18,1,1
135,18,4,1
135,18,5,1
135,19,3,1
135,19,4,2
135,19,5,2
135,21,0,1
135,22,1,2
135,22,4,1
135,23,3,1
136,1,3,1
136,1,6,1
136,2,2,1
136,2,3,1
136,2,4,1
136,3,1,1
136,3,2,1
136,3,3,1
136,4,0,1
136,4,1,1
136,4,2,1
136,4,3,2
136,5,0,2
136,5,2,2
136,5,3,5
136,5,4,3
136,6,1,1
136,6,2,3
136,6,6,1
136,7,0,5
136,7,1,7
136,7,2,5
136,7,3,7
136,7,4,9
136,7,5,2
136,7,6,4
136,8,0,3
136,8,1,10
136,8,2,6
136,8,3,5
136,8,4,12
136,8,5,3
136,8,6,8
136,9,0,8
136,9,1,4
136,9,2,7
136,9,3,4
136,9,4,7
136,9,5,4
136,9,6,2
136,10,0,2
136,10,1,8
136,10,2,6
136,10,3,6
136,10,4,7
136,10,5,3
136,10,6,2
136,11,0,4
136,11,1,4
136,11,2,9
136,11,3,7
136,11,4,4
136,11,5,4
136,12,0,5
136,12,1,2
136,12,2,5
136,12,3,6
136,12,4,3
136,12,5,6
136,12,6,1
136,13,0,4
136,13,1,2
136,13,2,2
136,13,3,6
136,13,4,7
136,13,5,1
136,13,6,2
136,14,0,3
136,14,1,4
136,14,2,6
136,14,3,3
136,14,4,4
136,14,5,3
136,14,6,2
136,15,0,1
136,15,1,4
136,15,2,6
136,15,3,8
136,15,4,6
136,15,5,2
136,16,0,1
136,16,1,6
136,16,2,3
136,16,3,3
136,16,4,4
136,16,6,1
136,17,0,3
136,17,1,2
136,17,2,2
136,17,3,2
136,17,4,1
136,17,5,1
136,18,0,1
136,18,1,3
136,18,3,2
136,18,4,1
136,19,0,1
136,19,2,1
136,19,3,3
136,19,4,1
136,19,5,1
136,19,6,1
136,20,0,1
136,20,1,1
136,20,2,1
136,20,3,1
136,21,3,2
136,22,3,3
136,22,4,1
136,22,5,1
136,23,5,2
137,0,0,47
137,0,1,42
137,0,2,50
137,0,3,135
137,0,4,94
137,0,5,213
137,0,6,177
137,1,0,23
137,1,1,17
137,1,2,10
137,1,3,118
137,1,4,53
137,1,5,145
137,1,6,160
137,2,0,16
137,2,1,11
137,2,2,12
137,2,3,91
137,2,4,41
137,2,5,123
137,2,6,116
137,3,0,9
137,3,1,10
137,3,2,6
137,3,3,52
137,3,4,26
137,3,5,70
137,3,6,103
137,4,0,17
137,4,1,12
137,4,2,12
137,4,3,41
137,4,4,16
137,4,5,47
137,4,6,64
137,5,0,11
137,5,1,12
137,5,2,10
137,5,3,42
137,5,4,25
137,5,5,36
137,5,6,29
137,6,0,37
137,6,1,45
137,6,2,50
137,6,3,59
137,6,4,48
137,6,5,51
137,6,6,44
137,7,0,86
137,7,1,97
137,7,2,125
137,7,3,145
137,7,4,169
137,7,5,109
137,7,6,82
137,8,0,84
137,8,1,164
137,8,2,186
137,8,3,151
137,8,4,187
137,8,5,108
137,8,6,61
137,9,0,130
137,9,1,166
137,9,2,201
137,9,3,196
137,9,4,209
137,9,5,129
137,9,6,55
137,10,0,136
137,10,1,190
137,10,2,208
137,10,3,232
137,10,4,223
137,10,5,125
137,10,6,56
137,11,0,157
137,11,1,245
137,11,2,243
137,11,3,244
137,11,4,277
137,11,5,175
137,11,6,99
137,12,0,169
137,12,1,228
137,12,2,230
137,12,3,281
137,12,4,288
137,12,5,188
137,12,6,93
137,13,0,192
137,13,1,247
137,13,2,248
137,13,3,270
137,13,4,314
137,13,5,188
137,13,6,109
137,14,0,219
137,14,1,273
137,14,2,276
137,14,3,340
137,14,4,280
137,14,5,191
137,14,6,102
137,15,0,244
137,15,1,297
137,15,2,345
137,15,3,335
137,15,4,385
137,15,5,202
137,15,6,113
137,16,0,260
137,16,1,357
137,16,2,337
137,16,3,377
137,16,4,392
137,16,5,257
137,16,6,122
137,17,0,208
137,17,1,334
137,17,2,353
137,17,3,416
137,17,4,363
137,17,5,233
137,17,6,133
137,18,0,208
137,18,1,306
137,18,2,300
137,18,3,345
137,18,4,361
137,18,5,298
137,18,6,113
137,19,0,191
137,19,1,262
137,19,2,292
137,19,3,315
137,19,4,368
137,19,5,285
137,19,6,129
137,20,0,137
137,20,1,171
137,20,2,208
137,20,3,225
137,20,4,281
137,20,5,258
137,20,6,93
137,21,0,113
137,21,1,192
137,21,2,144
137,21,3,185
137,21,4,255
137,21,5,242
137,21,6,76
137,22,0,76
137,22,1,101
137,22,2,110
137,22,3,178
137,22,4,251
137,22,5,247
137,22,6,78
137,23,0,60
137,23,1,87
137,23,2,85
137,23,3,146
137,23,4,254
137,23,5,240
137,23,6,47
138,0,0,633
138,0,1,560
138,0,2,311
138,0,3,304
138,0,4,388
138,0,5,364
138,0,6,315
138,1,0,125
138,1,1,167
138,1,2,71
138,1,3,29
138,1,4,59
138,1,5,65
138,1,6,58
138,2,0,21
138,2,1,49
138,2,2,24
138,2,3,8
138,2,4,15
138,2,5,25
138,2,6,46
138,3,0,11
138,3,1,1
138,3,2,9
138,3,3,13
138,3,4,3
138,3,5,13
138,4,0,4
138,4,1,5
138,4,2,2
138,4,3,4
138,4,4,3
138,4,5,1
138,4,6,3
138,5,0,3
138,5,1,3
138,5,2,3
138,5,3,3
138,5,4,2
138,5,5,2
138,5,6,3
138,6,0,12
138,6,1,5
138,6,2,11
138,6,3,9
138,6,4,7
138,6,5,3
138,6,6,8
138,7,0,112
138,7,1,183
138,7,2,169
138,7,3,91
138,7,4,88
138,7,5,28
138,7,6,17
138,8,0,183
138,8,1,293
138,8,2,257
138,8,3,220
138,8,4,236
138,8,5,151
138,8,6,72
138,9,0,368
138,9,1,615
138,9,2,556
138,9,3,532
138,9,4,580
138,9,5,373
138,9,6,245
138,10,0,530
138,10,1,772
138,10,2,645
138,10,3,627
138,10,4,780
138,10,5,491
138,10,6,394
138,11,0,440
138,11,1,577
138,11,2,525
138,11,3,600
138,11,4,729
138,11,5,512
138,11,6,346
138,12,0,575
138,12,1,696
138,12,2,621
138,12,3,807
138,12,4,797
138,12,5,537
138,12,6,442
138,13,0,487
138,13,1,507
138,13,2,554
138,13,3,704
138,13,4,799
138,13,5,554
138,13,6,510
138,14,0,850
138,14,1,986
138,14,2,966
138,14,3,1125
138,14,4,1149
138,14,5,579
138,14,6,609
138,15,0,877
138,15,1,768
138,15,2,832
138,15,3,990
138,15,4,1168
138,15,5,773
138,15,6,595
138,16,0,791
138,16,1,657
138,16,2,640
138,16,3,860
138,16,4,890
138,16,5,830
138,16,6,600
138,17,0,713
138,17,1,680
138,17,2,609
138,17,3,896
138,17,4,961
138,17,5,697
138,17,6,561
138,18,0,759
138,18,1,744
138,18,2,719
138,18,3,971
138,18,4,873
138,18,5,625
138,18,6,490
138,19,0,763
138,19,1,771
138,19,2,758
138,19,3,808
138,19,4,891
138,19,5,647
138,19,6,607
138,20,0,821
138,20,1,736
138,20,2,770
138,20,3,1059
138,20,4,898
138,20,5,608
138,20,6,631
138,21,0,877
138,21,1,820
138,21,2,810
138,21,3,1045
138,21,4,812
138,21,5,505
138,21,6,670
138,22,0,983
138,22,1,738
138,22,2,514
138,22,3,744
138,22,4,628
138,22,5,393
138,22,6,717
138,23,0,854
138,23,1,562
138,23,2,700
138,23,3,839
138,23,4,659
138,23,5,460
138,23,6,873
139,0,0,1
139,0,4,1
139,3,0,1
139,3,1,1
139,3,4,2
139,4,0,1
139,4,2,1
139,4,3,1
139,4,4,2
139,4,5,1
139,5,1,2
139,5,2,3
139,5,3,7
139,5,4,4
139,6,0,3
139,6,1,15
139,6,2,7
139,6,3,4
139,6,4,16
139,6,5,1
139,7,0,4
139,7,1,4
139,7,2,7
139,7,3,9
139,7,4,4
139,7,5,2
139,7,6,1
139,8,0,5
139,8,1,3
139,8,2,9
139,8,3,9
139,8,4,9
139,8,5,2
139,8,6,4
139,9,0,6
139,9,1,5
139,9,2,4
139,9,3,8
139,9,4,7
139,9,5,5
139,9,6,3
139,10,0,4
139,10,1,6
139,10,2,8
139,10,3,3
139,10,4,8
139,10,6,3
139,11,0,2
139,11,1,2
139,11,2,7
139,11,3,4
139,11,4,5
139,11,5,1
139,11,6,1
139,12,0,2
139,12,1,1
139,12,2,2
139,12,3,3
139,12,4,2
139,12,5,2
139,12,6,1
139,13,0,3
139,13,1,1
139,13,2,3
139,13,4,4
139,14,0,1
139,14,1,1
139,14,3,2
139,14,4,1
139,14,5,2
139,14,6,1
139,15,0,2
139,15,1,1
139,15,2,3
139,15,3,2
139,15,4,1
139,15,6,1
139,16,0,3
139,16,1,5
139,16,2,5
139,16,3,7
139,16,4,7
139,16,5,1
139,16,6,1
139,17,0,3
139,17,1,3
139,17,2,2
139,17,3,3
139,17,4,1
139,18,1,1
139,18,2,1
139,18,3,2
139,18,4,5
139,18,5,2
139,19,1,1
139,19,3,1
139,19,4,1
139,19,5,3
139,19,6,1
139,20,4,1
139,21,2,1
139,22,2,1
140,0,0,26
140,0,1,31
140,0,2,44
140,0,3,103
140,0,4,61
140,0,5,87
140,0,6,73
140,1,0,14
140,1,1,14
140,1,2,15
140,1,3,62
140,1,4,31
140,1,5,44
140,1,6,52
140,2,0,10
140,2,1,10
140,2,2,13
140,2,3,38
140,2,4,18
140,2,5,39
140,2,6,16
140,3,0,4
140,3,1,8
140,3,2,10
140,3,3,27
140,3,4,24
140,3,5,19
140,3,6,15
140,4,0,12
140,4,1,11
140,4,2,5
140,4,3,15
140,4,4,12
140,4,5,30
140,4,6,14
140,5,0,23
140,5,1,21
140,5,2,23
140,5,3,39
140,5,4,34
140,5,5,19
140,5,6,16
140,6,0,56
140,6,1,114
140,6,2,118
140,6,3,130
140,6,4,111
140,6,5,41
140,6,6,21
140,7,0,202
140,7,1,378
140,7,2,390
140,7,3,400
140,7,4,426
140,7,5,148
140,7,6,73
140,8,0,370
140,8,1,591
140,8,2,598
140,8,3,609
140,8,4,596
140,8,5,233
140,8,6,105
140,9,0,347
140,9,1,565
140,9,2,540
140,9,3,644
140,9,4,577
140,9,5,309
140,9,6,118
140,10,0,378
140,10,1,618
140,10,2,568
140,10,3,642
140,10,4,633
140,10,5,393
140,10,6,178
140,11,0,437
140,11,1,582
140,11,2,586
140,11,3,657
140,11,4,639
140,11,5,437
140,11,6,212
140,12,0,517
140,12,1,611
140,12,2,604
140,12,3,705
140,12,4,692
140,12,5,467
140,12,6,212
140,13,0,506
140,13,1,579
140,13,2,578
140,13,3,649
140,13,4,645
140,13,5,431
140,13,6,243
140,14,0,547
140,14,1,663
140,14,2,656
140,14,3,729
140,14,4,752
140,14,5,416
140,14,6,231
140,15,0,636
140,15,1,775
140,15,2,775
140,15,3,787
140,15,4,777
140,15,5,438
140,15,6,258
140,16,0,612
140,16,1,741
140,16,2,809
140,16,3,810
140,16,4,818
140,16,5,424
140,16,6,235
140,17,0,505
140,17,1,679
140,17,2,752
140,17,3,771
140,17,4,772
140,17,5,416
140,17,6,214
140,18,0,430
140,18,1,572
140,18,2,692
140,18,3,703
140,18,4,678
140,18,5,392
140,18,6,175
140,19,0,355
140,19,1,488
140,19,2,486
140,19,3,530
140,19,4,515
140,19,5,384
140,19,6,164
140,20,0,249
140,20,1,342
140,20,2,353
140,20,3,386
140,20,4,346
140,20,5,316
140,20,6,138
140,21,0,166
140,21,1,196
140,21,2,191
140,21,3,278
140,21,4,247
140,21,5,224
140,21,6,81
140,22,0,129
140,22,1,106
140,22,2,145
140,22,3,155
140,22,4,200
140,22,5,194
140,22,6,48
140,23,0,58
140,23,1,71
140,23,2,88
140,23,3,115
140,23,4,160
140,23,5,114
140,23,6,33
141,0,0,43
141,0,1,42
141,0,2,42
141,0,3,201
141,0,4,96
141,0,5,246
141,0,6,212
141,1,0,16
141,1,1,17
141,1,2,16
141,1,3,163
141,1,4,42
141,1,5,139
141,1,6,110
141,2,0,10
141,2,1,15
141,2,2,15
141,2,3,120
141,2,4,25
141,2,5,103
141,2,6,81
141,3,0,18
141,3,1,5
141,3,2,8
141,3,3,74
141,3,4,22
141,3,5,71
141,3,6,50
141,4,0,11
141,4,1,11
141,4,2,14
141,4,3,44
141,4,4,32
141,4,5,51
141,4,6,41
141,5,0,26
141,5,1,41
141,5,2,47
141,5,3,51
141,5,4,47
141,5,5,28
141,5,6,27
141,6,0,81
141,6,1,110
141,6,2,153
141,6,3,168
141,6,4,136
141,6,5,62
141,6,6,41
141,7,0,229
141,7,1,370
141,7,2,403
141,7,3,419
141,7,4,422
141,7,5,165
141,7,6,72
141,8,0,349
141,8,1,433
141,8,2,495
141,8,3,498
141,8,4,548
141,8,5,311
141,8,6,136
141,9,0,328
141,9,1,495
141,9,2,496
141,9,3,521
141,9,4,581
141,9,5,453
141,9,6,212
141,10,0,413
141,10,1,495
141,10,2,518
141,10,3,546
141,10,4,621
141,10,5,587
141,10,6,297
141,11,0,419
141,11,1,523
141,11,2,532
141,11,3,563
141,11,4,653
141,11,5,626
141,11,6,317
141,12,0,481
141,12,1,536
141,12,2,546
141,12,3,645
141,12,4,697
141,12,5,703
141,12,6,381
141,13,0,443
141,13,1,535
141,13,2,515
141,13,3,604
141,13,4,684
141,13,5,696
141,13,6,390
141,14,0,522
141,14,1,539
141,14,2,588
141,14,3,687
141,14,4,740
141,14,5,715
141,14,6,375
141,15,0,539
141,15,1,614
141,15,2,645
141,15,3,791
141,15,4,753
141,15,5,711
141,15,6,381
141,16,0,488
141,16,1,549
141,16,2,533
141,16,3,676
141,16,4,779
141,16,5,671
141,16,6,326
141,17,0,492
141,17,1,649
141,17,2,620
141,17,3,779
141,17,4,801
141,17,5,681
141,17,6,377
141,18,0,464
141,18,1,636
141,18,2,821
141,18,3,732
141,18,4,846
141,18,5,706
141,18,6,337
141,19,0,325
141,19,1,469
141,19,2,547
141,19,3,591
141,19,4,715
141,19,5,625
141,19,6,316
141,20,0,316
141,20,1,462
141,20,2,450
141,20,3,534
141,20,4,593
141,20,5,558
141,20,6,271
141,21,0,238
141,21,1,346
141,21,2,374
141,21,3,514
141,21,4,522
141,21,5,482
141,21,6,185
141,22,0,145
141,22,1,211
141,22,2,237
141,22,3,323
141,22,4,516
141,22,5,483
141,22,6,141
141,23,0,65
141,23,1,95
141,23,2,118
141,23,3,190
141,23,4,381
141,23,5,373
141,23,6,79
142,0,0,66
142,0,1,43
142,0,2,64
142,0,3,333
142,0,4,154
142,0,5,367
142,0,6,296
142,1,0,14
142,1,1,12
142,1,2,11
142,1,3,189
142,1,4,55
142,1,5,118
142,1,6,101
142,2,0,9
142,2,1,6
142,2,2,8
142,2,3,84
142,2,4,15
142,2,5,49
142,2,6,42
142,3,0,3
142,3,1,4
142,3,2,5
142,3,3,37
142,3,4,12
142,3,5,25
142,3,6,16
142,4,0,5
142,4,1,10
142,4,2,7
142,4,3,27
142,4,4,15
142,4,5,19
142,4,6,16
142,5,0,21
142,5,1,29
142,5,2,22
142,5,3,41
142,5,4,39
142,5,5,19
142,5,6,17
142,6,0,62
142,6,1,82
142,6,2,85
142,6,3,101
142,6,4,86
142,6,5,41
142,6,6,38
142,7,0,200
142,7,1,283
142,7,2,340
142,7,3,338
142,7,4,366
142,7,5,120
142,7,6,61
142,8,0,348
142,8,1,438
142,8,2,512
142,8,3,516
142,8,4,493
142,8,5,278
142,8,6,132
142,9,0,371
142,9,1,461
142,9,2,469
142,9,3,554
142,9,4,587
142,9,5,437
142,9,6,209
142,10,0,397
142,10,1,531
142,10,2,566
142,10,3,605
142,10,4,653
142,10,5,603
142,10,6,304
142,11,0,422
142,11,1,535
142,11,2,547
142,11,3,621
142,11,4,668
142,11,5,669
142,11,6,384
142,12,0,438
142,12,1,565
142,12,2,599
142,12,3,731
142,12,4,810
142,12,5,834
142,12,6,461
142,13,0,505
142,13,1,556
142,13,2,681
142,13,3,721
142,13,4,902
142,13,5,978
142,13,6,467
142,14,0,577
142,14,1,683
142,14,2,754
142,14,3,834
142,14,4,913
142,14,5,878
142,14,6,540
142,15,0,574
142,15,1,695
142,15,2,714
142,15,3,919
142,15,4,951
142,15,5,995
142,15,6,526
142,16,0,505
142,16,1,594
142,16,2,694
142,16,3,856
142,16,4,963
142,16,5,1272
142,16,6,530
142,17,0,574
142,17,1,779
142,17,2,880
142,17,3,1047
142,17,4,976
142,17,5,1229
142,17,6,440
142,18,0,627
142,18,1,807
142,18,2,937
142,18,3,1015
142,18,4,1071
142,18,5,1110
142,18,6,879
142,19,0,495
142,19,1,653
142,19,2,709
142,19,3,837
142,19,4,851
142,19,5,847
142,19,6,502
142,20,0,456
142,20,1,743
142,20,2,631
142,20,3,948
142,20,4,857
142,20,5,951
142,20,6,427
142,21,0,576
142,21,1,885
142,21,2,910
142,21,3,1560
142,21,4,1211
142,21,5,1312
142,21,6,385
142,22,0,318
142,22,1,1239
142,22,2,1025
142,22,3,1441
142,22,4,1236
142,22,5,1454
142,22,6,267
142,23,0,204
142,23,1,332
142,23,2,673
142,23,3,647
142,23,4,1104
142,23,5,1335
142,23,6,146
143,0,0,9
143,0,1,11
143,0,2,5
143,0,3,58
143,0,4,20
143,0,5,47
143,0,6,33
143,1,1,1
143,1,2,3
143,1,3,56
143,1,4,10
143,1,5,23
143,1,6,15
143,2,0,2
143,2,1,1
143,2,2,1
143,2,3,29
143,2,4,2
143,2,5,7
143,2,6,11
143,3,0,1
143,3,1,1
143,3,2,1
143,3,3,8
143,3,4,5
143,3,5,5
143,3,6,13
143,4,0,5
143,4,1,1
143,4,2,3
143,4,3,7
143,4,4,8
143,4,5,8
143,4,6,5
143,5,0,12
143,5,1,22
143,5,2,11
143,5,3,12
143,5,4,29
143,5,5,8
143,5,6,4
143,6,0,40
143,6,1,64
143,6,2,73
143,6,3,73
143,6,4,67
143,6,5,22
143,6,6,10
143,7,0,116
143,7,1,172
143,7,2,171
143,7,3,183
143,7,4,189
143,7,5,46
143,7,6,27
143,8,0,167
143,8,1,250
143,8,2,233
143,8,3,290
143,8,4,312
143,8,5,135
143,8,6,45
143,9,0,161
143,9,1,242
143,9,2,270
143,9,3,324
143,9,4,327
143,9,5,212
143,9,6,107
143,10,0,188
143,10,1,282
143,10,2,283
143,10,3,301
143,10,4,314
143,10,5,243
143,10,6,154
143,11,0,164
143,11,1,267
143,11,2,203
143,11,3,299
143,11,4,321
143,11,5,304
143,11,6,161
143,12,0,225
143,12,1,277
143,12,2,255
143,12,3,266
143,12,4,325
143,12,5,316
143,12,6,199
143,13,0,184
143,13,1,244
143,13,2,239
143,13,3,259
143,13,4,349
143,13,5,334
143,13,6,170
143,14,0,207
143,14,1,237
143,14,2,252
143,14,3,282
143,14,4,345
143,14,5,240
143,14,6,183
143,15,0,212
143,15,1,282
143,15,2,261
143,15,3,344
143,15,4,376
143,15,5,275
143,15,6,152
143,16,0,205
143,16,1,292
143,16,2,298
143,16,3,340
143,16,4,311
143,16,5,247
143,16,6,142
143,17,0,209
143,17,1,329
143,17,2,335
143,17,3,400
143,17,4,304
143,17,5,243
143,17,6,123
143,18,0,159
143,18,1,233
143,18,2,271
143,18,3,353
143,18,4,323
143,18,5,257
143,18,6,121
143,19,0,107
143,19,1,164
143,19,2,198
143,19,3,240
143,19,4,232
143,19,5,226
143,19,6,95
143,20,0,105
143,20,1,125
143,20,2,127
143,20,3,207
143,20,4,184
143,20,5,126
143,20,6,58
143,21,0,72
143,21,1,108
143,21,2,112
143,21,3,156
143,21,4,138
143,21,5,133
143,21,6,57
143,22,0,34
143,22,1,66
143,22,2,69
143,22,3,112
143,22,4,154
143,22,5,154
143,22,6,49
143,23,0,16
143,23,1,30
143,23,2,40
143,23,3,63
143,23,4,109
143,23,5,115
143,23,6,20
144,0,0,31
144,0,1,28
144,0,2,60
144,0,3,120
144,0,4,155
144,0,5,409
144,0,6,335
144,1,0,26
144,1,1,14
144,1,2,33
144,1,3,87
144,1,4,120
144,1,5,422
144,1,6,356
144,2,0,11
144,2,1,3
144,2,2,7
144,2,3,87
144,2,4,65
144,2,5,408
144,2,6,345
144,3,0,8
144,3,1,2
144,3,2,3
144,3,3,93
144,3,4,58
144,3,5,348
144,3,6,302
144,4,0,6
144,4,1,3
144,4,2,2
144,4,3,58
144,4,4,27
144,4,5,163
144,4,6,163
144,5,0,1
144,5,2,1
144,5,3,28
144,5,4,3
144,5,5,8
144,5,6,4
144,6,0,3
144,6,1,3
144,6,2,5
144,6,3,6
144,6,4,7
144,6,5,1
144,7,0,6
144,7,1,11
144,7,2,14
144,7,3,11
144,7,4,19
144,7,5,10
144,7,6,9
144,8,0,22
144,8,1,29
144,8,2,31
144,8,3,34
144,8,4,31
144,8,5,13
144,8,6,10
144,9,0,29
144,9,1,42
144,9,2,51
144,9,3,42
144,9,4,51
144,9,5,47
144,9,6,22
144,10,0,39
144,10,1,51
144,10,2,58
144,10,3,60
144,10,4,88
144,10,5,78
144,10,6,44
144,11,0,83
144,11,1,62
144,11,2,69
144,11,3,86
144,11,4,103
144,11,5,119
144,11,6,59
144,12,0,90
144,12,1,96
144,12,2,93
144,12,3,104
144,12,4,145
144,12,5,227
144,12,6,104
144,13,0,113
144,13,1,118
144,13,2,158
144,13,3,152
144,13,4,161
144,13,5,277
144,13,6,153
144,14,0,136
144,14,1,119
144,14,2,132
144,14,3,159
144,14,4,231
144,14,5,310
144,14,6,170
144,15,0,161
144,15,1,143
144,15,2,165
144,15,3,224
144,15,4,222
144,15,5,385
144,15,6,212
144,16,0,152
144,16,1,143
144,16,2,169
144,16,3,245
144,16,4,270
144,16,5,392
144,16,6,208
144,17,0,128
144,17,1,150
144,17,2,138
144,17,3,203
144,17,4,263
144,17,5,331
144,17,6,179
144,18,0,136
144,18,1,173
144,18,2,186
144,18,3,246
144,18,4,328
144,18,5,327
144,18,6,136
144,19,0,150
144,19,1,176
144,19,2,198
144,19,3,275
144,19,4,326
144,19,5,309
144,19,6,137
144,20,0,124
144,20,1,154
144,20,2,208
144,20,3,258
144,20,4,301
144,20,5,346
144,20,6,145
144,21,0,119
144,21,1,142
144,21,2,183
144,21,3,297
144,21,4,283
144,21,5,311
144,21,6,121
144,22,0,83
144,22,1,105
144,22,2,142
144,22,3,217
144,22,4,341
144,22,5,305
144,22,6,89
144,23,0,38
144,23,1,75
144,23,2,121
144,23,3,200
144,23,4,376
144,23,5,331
144,23,6,53
145,0,0,2
145,0,1,4
145,0,2,13
145,0,3,6
145,0,4,8
145,0,5,4
145,0,6,5
145,1,0,2
145,1,1,3
145,1,2,6
145,1,3,3
145,1,4,2
145,1,5,7
145,1,6,5
145,2,1,3
145,2,2,1
145,2,3,1
145,2,5,4
145,2,6,2
145,3,0,1
145,3,1,1
145,3,2,2
145,3,3,5
145,3,5,4
145,3,6,4
145,4,0,2
145,4,3,2
145,4,4,5
145,4,5,4
145,4,6,4
145,5,0,4
145,5,1,2
145,5,2,6
145,5,3,3
145,5,4,5
145,5,5,8
145,5,6,6
145,6,0,6
145,6,1,4
145,6,2,7
145,6,3,6
145,6,4,7
145,6,5,6
145,6,6,1
145,7,0,13
145,7,1,6
145,7,2,5
145,7,3,8
145,7,4,10
145,7,5,10
145,7,6,4
145,8,0,6
145,8,1,10
145,8,2,11
145,8,3,10
145,8,4,14
145,8,5,8
145,8,6,5
145,9,0,12
145,9,1,8
145,9,2,9
145,9,3,8
145,9,4,9
145,9,5,8
145,9,6,3
145,10,0,4
145,10,1,10
145,10,2,13
145,10,3,20
145,10,4,8
145,10,5,10
145,10,6,5
145,11,0,11
145,11,1,12
145,11,2,4
145,11,3,16
145,11,4,9
145,11,5,6
145,11,6,8
145,12,0,8
145,12,1,8
145,12,2,9
145,12,3,10
145,12,4,9
145,12,5,3
145,12,6,5
145,13,0,11
145,13,1,9
145,13,2,5
145,13,3,17
145,13,4,15
145,13,5,12
145,13,6,9
145,14,0,12
145,14,1,3
145,14,2,11
145,14,3,19
145,14,4,21
145,14,5,12
145,14,6,6
145,15,0,11
145,15,1,12
145,15,2,15
145,15,3,13
145,15,4,17
145,15,5,10
145,15,6,10
145,16,0,11
145,16,1,21
145,16,2,18
145,16,3,25
145,16,4,7
145,16,5,10
145,16,6,6
145,17,0,12
145,17,1,13
145,17,2,13
145,17,3,7
145,17,4,12
145,17,5,10
145,17,6,6
145,18,0,9
145,18,1,13
145,18,2,13
145,18,3,13
145,18,4,8
145,18,5,8
145,18,6,3
145,19,0,5
145,19,1,3
145,19,2,5
145,19,3,11
145,19,4,7
145,19,5,7
145,19,6,4
145,20,0,4
145,20,1,10
145,20,2,9
145,20,3,9
145,20,4,16
145,20,5,4
145,20,6,6
145,21,0,2
145,21,1,6
145,21,2,9
145,21,3,3
145,21,4,4
145,21,5,8
145,21,6,5
145,22,0,4
145,22,1,2
145,22,2,5
145,22,3,9
145,22,4,6
145,22,5,13
145,22,6,6
145,23,0,4
145,23,1,16
145,23,2,4
145,23,3,5
145,23,4,9
145,23,5,6
145,23,6,5
146,0,1,1
146,0,2,6
146,0,3,3
146,0,4,1
146,0,5,4
146,0,6,4
146,1,0,1
146,1,2,1
146,1,4,2
146,1,5,7
146,1,6,2
146,2,1,1
146,2,2,1
146,2,3,6
146,2,4,2
146,2,5,2
146,2,6,5
146,3,0,2
146,3,2,2
146,3,3,3
146,3,5,2
146,3,6,2
146,4,0,6
146,4,1,3
146,4,2,2
146,4,3,2
146,4,4,4
146,4,5,2
146,4,6,7
146,5,0,4
146,5,1,4
146,5,2,1
146,5,3,3
146,5,4,3
146,5,5,4
146,5,6,1
146,6,0,5
146,6,1,6
146,6,2,12
146,6,3,7
146,6,4,9
146,6,5,8
146,6,6,5
146,7,0,6
146,7,1,14
146,7,2,14
146,7,3,10
146,7,4,18
146,7,5,5
146,7,6,3
146,8,0,9
146,8,1,5
146,8,2,10
146,8,3,6
146,8,4,4
146,8,5,8
146,8,6,4
146,9,0,8
146,9,1,1
146,9,2,7
146,9,3,7
146,9,4,10
146,9,5,6
146,9,6,2
146,10,0,9
146,10,1,10
146,10,2,9
146,10,3,12
146,10,4,13
146,10,5,12
146,10,6,7
146,11,0,4
146,11,1,3
146,11,2,7
146,11,3,10
146,11,4,10
146,11,5,8
146,11,6,5
146,12,0,8
146,12,1,5
146,12,2,8
146,12,3,7
146,12,4,14
146,12,5,2
146,12,6,2
146,13,0,10
146,13,1,9
146,13,2,6
146,13,3,4
146,13,4,13
146,13,5,7
146,13,6,3
146,14,0,5
146,14,1,11
146,14,2,8
146,14,3,9
146,14,4,10
146,14,5,9
146,14,6,5
146,15,0,5
146,15,1,7
146,15,2,8
146,15,3,10
146,15,4,11
146,15,5,9
146,15,6,5
146,16,0,19
146,16,1,19
146,16,2,11
146,16,3,11
146,16,4,29
146,16,5,7
146,16,6,3
146,17,0,5
146,17,1,14
146,17,2,8
146,17,3,9
146,17,4,10
146,17,5,7
146,17,6,2
146,18,0,7
146,18,1,10
146,18,2,6
146,18,3,7
146,18,4,8
146,18,5,8
146,18,6,5
146,19,0,4
146,19,1,4
146,19,2,5
146,19,3,4
146,19,4,2
146,19,5,10
146,19,6,5
146,20,0,1
146,20,1,3
146,20,3,4
146,20,4,1
146,20,5,9
146,20,6,3
146,21,0,4
146,21,1,3
146,21,2,4
146,21,3,2
146,21,4,1
146,21,5,4
146,21,6,5
146,22,0,4
146,22,1,1
146,22,2,5
146,22,3,7
146,22,4,4
146,22,5,8
146,22,6,1
146,23,0,4
146,23,1,3
146,23,2,3
146,23,3,4
146,23,4,3
146,23,6,3
147,0,0,1
147,0,3,1
147,0,5,1
147,1,3,2
147,4,1,2
147,4,2,1
147,4,3,5
147,4,4,1
147,4,5,1
147,5,0,1
147,5,1,3
147,5,2,1
147,5,3,1
147,5,4,3
147,5,6,2
147,6,0,5
147,6,1,10
147,6,2,5
147,6,3,9
147,6,4,8
147,6,5,4
147,7,0,4
147,7,1,5
147,7,2,5
147,7,3,7
147,7,4,4
147,8,0,3
147,8,1,2
147,8,2,4
147,8,3,5
147,8,4,5
147,8,5,1
147,8,6,6
147,9,0,2
147,9,1,2
147,9,2,3
147,9,3,8
147,9,4,6
147,9,5,1
147,9,6,2
147,10,0,1
147,10,1,8
147,10,2,5
147,10,3,3
147,10,4,5
147,10,5,1
147,10,6,1
147,11,0,1
147,11,1,2
147,11,2,6
147,11,3,6
147,11,4,6
147,11,5,2
147,11,6,1
147,12,0,1
147,12,1,5
147,12,2,1
147,12,3,3
147,12,4,1
147,12,5,2
147,12,6,2
147,13,0,1
147,13,1,3
147,13,2,2
147,13,3,4
147,13,4,3
147,13,5,5
147,13,6,2
147,14,0,2
147,14,1,1
147,14,2,3
147,14,3,2
147,14,4,3
147,14,5,1
147,14,6,2
147,15,0,2
147,15,1,2
147,15,2,1
147,15,3,4
147,15,4,3
147,15,5,1
147,15,6,3
147,16,0,3
147,16,1,2
147,16,2,1
147,16,4,1
147,16,6,1
147,17,0,2
147,17,2,2
147,17,3,3
147,17,4,2
147,17,6,1
147,18,3,1
147,18,4,2
147,18,6,1
147,19,2,1
147,19,3,1
147,19,4,2
147,20,0,1
147,20,3,1
147,21,4,3
148,0,0,47
148,0,1,28
148,0,2,58
148,0,3,214
148,0,4,237
148,0,5,810
148,0,6,685
148,1,0,38
148,1,1,22
148,1,2,33
148,1,3,195
148,1,4,177
148,1,5,840
148,1,6,730
148,2,0,22
148,2,1,16
148,2,2,18
148,2,3,171
148,2,4,148
148,2,5,758
148,2,6,657
148,3,0,17
148,3,1,10
148,3,2,3
148,3,3,156
148,3,4,102
148,3,5,538
148,3,6,445
148,4,0,19
148,4,1,2
148,4,2,12
148,4,3,113
148,4,4,37
148,4,5,251
148,4,6,250
148,5,0,5
148,5,1,7
148,5,2,4
148,5,3,36
148,5,4,13
148,5,5,32
148,5,6,22
148,6,0,7
148,6,1,13
148,6,2,12
148,6,3,22
148,6,4,5
148,6,5,11
148,6,6,14
148,7,0,15
148,7,1,21
148,7,2,26
148,7,3,33
148,7,4,20
148,7,5,30
148,7,6,14
148,8,0,27
148,8,1,38
148,8,2,42
148,8,3,38
148,8,4,37
148,8,5,20
148,8,6,14
148,9,0,41
148,9,1,47
148,9,2,42
148,9,3,44
148,9,4,50
148,9,5,48
148,9,6,34
148,10,0,31
148,10,1,42
148,10,2,27
148,10,3,42
148,10,4,38
148,10,5,74
148,10,6,47
148,11,0,44
148,11,1,44
148,11,2,48
148,11,3,58
148,11,4,79
148,11,5,115
148,11,6,63
148,12,0,60
148,12,1,45
148,12,2,58
148,12,3,75
148,12,4,79
148,12,5,126
148,12,6,97
148,13,0,65
148,13,1,44
148,13,2,61
148,13,3,78
148,13,4,102
148,13,5,136
148,13,6,79
148,14,0,69
148,14,1,53
148,14,2,71
148,14,3,89
148,14,4,113
148,14,5,181
148,14,6,69
148,15,0,72
148,15,1,69
148,15,2,52
148,15,3,98
148,15,4,127
148,15,5,209
148,15,6,93
148,16,0,66
148,16,1,44
148,16,2,65
148,16,3,108
148,16,4,140
148,16,5,202
148,16,6,84
148,17,0,74
148,17,1,75
148,17,2,76
148,17,3,103
148,17,4,154
148,17,5,209
148,17,6,93
148,18,0,83
148,18,1,77
148,18,2,104
148,18,3,129
148,18,4,173
148,18,5,227
148,18,6,103
148,19,0,83
148,19,1,104
148,19,2,137
148,19,3,195
148,19,4,221
148,19,5,256
148,19,6,88
148,20,0,75
148,20,1,138
148,20,2,174
148,20,3,229
148,20,4,271
148,20,5,298
148,20,6,79
148,21,0,88
148,21,1,155
148,21,2,211
148,21,3,254
148,21,4,310
148,21,5,378
148,21,6,72
148,22,0,79
148,22,1,129
148,22,2,191
148,22,3,300
148,22,4,446
148,22,5,503
148,22,6,91
148,23,0,75
148,23,1,106
148,23,2,136
148,23,3,273
148,23,4,678
148,23,5,663
148,23,6,85
149,3,0,1
149,5,1,2
149,5,2,4
149,5,3,8
149,5,4,10
149,6,0,5
149,6,1,4
149,6,2,2
149,6,3,4
149,6,4,2
149,6,5,2
149,6,6,1
149,7,0,3
149,7,1,6
149,7,2,7
149,7,3,2
149,7,4,2
149,7,5,3
149,7,6,1
149,8,0,4
149,8,1,5
149,8,2,6
149,8,3,9
149,8,4,3
149,8,5,2
149,8,6,2
149,9,0,4
149,9,1,4
149,9,2,6
149,9,3,5
149,9,4,10
149,9,5,2
149,10,0,6
149,10,1,4
149,10,2,5
149,10,3,3
149,10,4,7
149,10,5,3
149,10,6,5
149,11,0,1
149,11,1,6
149,11,2,9
149,11,3,6
149,11,4,4
149,11,5,2
149,12,0,6
149,12,1,3
149,12,2,4
149,12,3,7
149,12,4,9
149,12,5,2
149,12,6,2
149,13,0,4
149,13,1,6
149,13,2,5
149,13,3,9
149,13,4,5
149,13,5,4
149,14,0,4
149,14,1,3
149,14,2,8
149,14,3,12
149,14,4,4
149,14,5,3
149,15,0,5
149,15,1,6
149,15,2,8
149,15,3,3
149,15,4,6
149,15,5,1
149,16,1,4
149,16,2,1
149,16,3,6
149,16,4,4
149,16,5,3
149,17,1,1
149,17,2,2
149,17,3,1
149,17,5,1
149,18,3,2
149,18,4,1
149,18,5,1
149,18,6,3
149,19,2,3
149,19,3,2
149,19,6,1
149,20,1,1
149,21,3,2
149,21,4,1
149,23,6,1
150,1,3,1
150,1,5,1
150,5,2,1
150,5,5,1
150,6,0,2
150,6,1,2
150,6,2,2
150,6,3,2
150,6,4,3
150,6,5,1
150,6,6,1
150,7,0,2
150,7,1,1
150,7,2,3
150,7,4,4
150,8,0,5
150,8,1,2
150,8,2,5
150,8,3,2
150,8,4,1
150,8,5,2
150,8,6,1
150,9,0,2
150,9,1,1
150,9,2,3
150,9,3,1
150,9,4,3
150,9,5,1
150,9,6,1
150,10,0,2
150,10,1,4
150,10,2,2
150,10,3,5
150,10,4,2
150,10,5,2
150,10,6,1
150,11,0,1
150,11,1,1
150,11,3,2
150,11,4,1
150,11,6,1
150,12,0,2
150,12,1,3
150,12,2,3
150,12,3,3
150,12,4,4
150,12,6,1
150,13,0,3
150,13,1,3
150,13,2,2
150,13,3,9
150,13,4,4
150,13,5,3
150,13,6,1
150,14,1,2
150,14,2,2
150,14,3,1
150,14,4,4
150,14,5,2
150,15,0,3
150,15,1,4
150,15,2,6
150,15,3,6
150,15,4,3
150,15,5,2
150,15,6,1
150,16,1,2
150,16,2,2
150,16,3,4
150,16,4,4
150,16,5,2
150,16,6,1
150,17,0,3
150,17,1,2
150,17,2,1
150,17,3,2
150,17,4,2
150,18,0,2
150,18,3,3
150,18,4,1
150,18,6,2
150,19,5,1
150,19,6,1
150,20,1,1
150,20,3,2
150,21,3,1
151,0,0,9
151,0,1,9
151,0,2,11
151,0,3,52
151,0,4,13
151,0,5,37
151,0,6,23
151,1,1,3
151,1,2,3
151,1,3,47
151,1,4,7
151,1,5,11
151,1,6,10
151,2,1,1
151,2,2,1
151,2,3,17
151,2,4,2
151,2,5,9
151,2,6,9
151,3,0,3
151,3,1,1
151,3,2,1
151,3,3,13
151,3,4,3
151,3,5,5
151,3,6,3
151,4,0,3
151,4,1,2
151,4,2,3
151,4,3,10
151,4,4,4
151,4,5,13
151,4,6,6
151,5,0,10
151,5,1,11
151,5,2,18
151,5,3,14
151,5,4,12
151,5,5,5
151,5,6,9
151,6,0,37
151,6,1,45
151,6,2,46
151,6,3,48
151,6,4,36
151,6,5,22
151,6,6,16
151,7,0,63
151,7,1,131
151,7,2,144
151,7,3,140
151,7,4,138
151,7,5,64
151,7,6,36
151,8,0,110
151,8,1,199
151,8,2,206
151,8,3,227
151,8,4,207
151,8,5,125
151,8,6,69
151,9,0,135
151,9,1,171
151,9,2,193
151,9,3,219
151,9,4,222
151,9,5,195
151,9,6,98
151,10,0,132
151,10,1,189
151,10,2,190
151,10,3,219
151,10,4,224
151,10,5,221
151,10,6,126
151,11,0,166
151,11,1,167
151,11,2,196
151,11,3,179
151,11,4,217
151,11,5,213
151,11,6,110
151,12,0,152
151,12,1,171
151,12,2,193
151,12,3,238
151,12,4,227
151,12,5,262
151,12,6,107
151,13,0,176
151,13,1,191
151,13,2,208
151,13,3,240
151,13,4,216
151,13,5,237
151,13,6,121
151,14,0,174
151,14,1,166
151,14,2,224
151,14,3,233
151,14,4,248
151,14,5,240
151,14,6,125
151,15,0,152
151,15,1,173
151,15,2,150
151,15,3,209
151,15,4,264
151,15,5,234
151,15,6,137
151,16,0,148
151,16,1,171
151,16,2,178
151,16,3,217
151,16,4,225
151,16,5,222
151,16,6,116
151,17,0,131
151,17,1,182
151,17,2,219
151,17,3,221
151,17,4,280
151,17,5,208
151,17,6,122
151,18,0,132
151,18,1,203
151,18,2,179
151,18,3,215
151,18,4,259
151,18,5,214
151,18,6,92
151,19,0,85
151,19,1,100
151,19,2,138
151,19,3,160
151,19,4,181
151,19,5,150
151,19,6,73
151,20,0,65
151,20,1,82
151,20,2,92
151,20,3,96
151,20,4,124
151,20,5,127
151,20,6,62
151,21,0,53
151,21,1,53
151,21,2,76
151,21,3,95
151,21,4,127
151,21,5,106
151,21,6,50
151,22,0,29
151,22,1,30
151,22,2,41
151,22,3,57
151,22,4,86
151,22,5,70
151,22,6,38
151,23,0,13
151,23,1,16
151,23,2,24
151,23,3,33
151,23,4,53
151,23,5,66
151,23,6,15
152,0,0,2
152,0,2,1
152,0,3,5
152,0,4,3
152,0,5,6
152,0,6,2
152,1,2,2
152,1,3,8
152,1,4,1
152,1,5,2
152,1,6,2
152,2,2,2
152,2,3,6
152,2,4,5
152,2,5,2
152,2,6,1
152,3,0,1
152,3,3,2
152,3,4,1
152,3,5,1
152,4,2,1
152,4,3,3
152,4,4,1
152,4,5,3
152,4,6,1
152,5,0,1
152,5,1,5
152,5,2,2
152,5,3,2
152,5,4,3
152,5,5,1
152,5,6,2
152,6,0,5
152,6,1,7
152,6,2,5
152,6,3,13
152,6,4,11
152,6,5,1
152,6,6,4
152,7,0,8
152,7,1,19
152,7,2,11
152,7,3,16
152,7,4,20
152,7,5,8
152,7,6,3
152,8,0,14
152,8,1,20
152,8,2,18
152,8,3,19
152,8,4,12
152,8,5,1
152,8,6,1
152,9,0,13
152,9,1,12
152,9,2,12
152,9,3,16
152,9,4,13
152,9,5,12
152,9,6,11
152,10,0,10
152,10,1,11
152,10,2,14
152,10,3,16
152,10,4,15
152,10,5,14
152,10,6,6
152,11,0,8
152,11,1,10
152,11,2,9
152,11,3,6
152,11,4,12
152,11,5,14
152,11,6,3
152,12,0,4
152,12,1,9
152,12,2,6
152,12,3,15
152,12,4,7
152,12,5,16
152,12,6,6
152,13,0,10
152,13,1,6
152,13,2,17
152,13,3,19
152,13,4,18
152,13,5,14
152,13,6,7
152,14,0,8
152,14,1,20
152,14,2,15
152,14,3,11
152,14,4,13
152,14,5,13
152,14,6,8
152,15,0,6
152,15,1,20
152,15,2,12
152,15,3,17
152,15,4,16
152,15,5,7
152,15,6,5
152,16,0,13
152,16,1,14
152,16,2,13
152,16,3,23
152,16,4,12
152,16,5,7
152,16,6,5
152,17,0,4
152,17,1,13
152,17,2,20
152,17,3,20
152,17,4,26
152,17,5,8
152,17,6,8
152,18,0,8
152,18,1,11
152,18,2,17
152,18,3,18
152,18,4,13
152,18,5,10
152,18,6,4
152,19,0,8
152,19,1,8
152,19,2,2
152,19,3,6
152,19,4,13
152,19,5,8
152,19,6,3
152,20,0,5
152,20,1,5
152,20,2,6
152,20,3,12
152,20,4,9
152,20,5,10
152,20,6,1
152,21,0,3
152,21,1,10
152,21,2,7
152,21,3,4
152,21,4,7
152,21,5,5
152,21,6,2
152,22,0,2
152,22,1,5
152,22,2,8
152,22,3,4
152,22,4,9
152,22,5,6
152,22,6,2
152,23,0,1
152,23,1,2
152,23,2,6
152,23,3,6
152,23,4,4
152,23,5,2
152,23,6,2
153,3,1,1
153,4,0,1
153,4,1,3
153,4,4,1
153,4,5,1
153,5,1,3
153,5,2,1
153,5,3,3
153,5,4,2
153,5,5,1
153,6,1,3
153,6,2,2
153,6,3,2
153,6,4,1
153,7,0,2
153,7,1,5
153,7,2,6
153,7,3,4
153,7,4,3
153,7,5,1
153,8,0,2
153,8,1,3
153,8,2,2
153,8,3,2
153,8,4,2
153,8,5,1
153,8,6,1
153,9,0,2
153,9,1,2
153,9,2,3
153,9,3,4
153,9,4,6
153,9,6,1
153,10,0,2
153,10,1,3
153,10,2,3
153,10,3,3
153,10,5,1
153,10,6,1
153,11,1,1
153,11,3,1
153,11,5,1
153,12,0,1
153,12,5,2
153,13,2,2
153,13,4,3
153,13,5,1
153,14,0,1
153,14,1,2
153,14,2,4
153,14,3,3
153,14,5,1
153,15,3,1
153,15,5,1
153,15,6,2
153,17,1,1
153,17,3,1
153,18,5,2
153,19,2,1
153,19,5,3
153,20,4,1
154,0,4,1
154,1,5,1
154,5,5,1
154,7,1,1
154,8,0,1
154,8,4,1
154,9,1,1
154,9,3,1
154,9,6,1
154,10,3,1
154,11,2,1
154,11,3,1
154,11,4,1
154,12,0,1
154,12,4,1
154,13,0,1
154,13,1,1
154,13,3,1
154,14,1,1
154,14,2,2
154,14,3,1
154,14,4,2
154,15,1,1
154,15,2,1
154,15,5,1
154,16,6,1
154,18,0,1
154,19,0,1
154,19,3,2
154,19,4,1
154,19,5,1
154,20,2,2
154,20,3,2
154,20,4,1
154,21,2,1
154,21,5,2
154,22,3,1
154,23,6,1
155,0,6,1
155,2,0,1
155,5,1,2
155,5,2,3
155,5,3,2
155,5,4,6
155,5,5,1
155,5,6,1
155,6,0,1
155,6,1,8
155,6,2,8
155,6,3,9
155,6,4,11
155,7,0,2
155,7,1,7
155,7,2,14
155,7,3,5
155,7,4,15
155,7,5,2
155,8,0,6
155,8,1,6
155,8,2,5
155,8,3,7
155,8,4,10
155,8,5,3
155,8,6,3
155,9,0,6
155,9,1,7
155,9,2,8
155,9,3,12
155,9,4,10
155,9,5,5
155,9,6,5
155,10,0,7
155,10,1,4
155,10,2,15
155,10,3,7
155,10,4,16
155,10,5,2
155,10,6,4
155,11,0,6
155,11,1,8
155,11,2,6
155,11,3,9
155,11,4,16
155,11,5,9
155,11,6,3
155,12,0,6
155,12,1,11
155,12,2,6
155,12,3,9
155,12,4,15
155,12,5,3
155,12,6,2
155,13,0,6
155,13,1,2
155,13,2,12
155,13,3,8
155,13,4,8
155,13,5,7
155,14,0,4
155,14,1,3
155,14,2,5
155,14,3,2
155,14,4,10
155,14,5,4
155,14,6,3
155,15,0,3
155,15,1,3
155,15,2,7
155,15,3,8
155,15,4,17
155,15,5,6
155,15,6,1
155,16,0,3
155,16,1,5
155,16,2,5
155,16,3,4
155,16,4,8
155,16,5,1
155,16,6,2
155,17,0,1
155,17,1,4
155,17,2,5
155,17,3,8
155,17,4,4
155,17,5,2
155,17,6,2
155,18,1,2
155,18,2,1
155,18,3,1
155,18,4,5
155,18,5,1
155,18,6,1
155,19,1,3
155,19,2,4
155,19,3,5
155,19,4,1
155,19,5,1
155,19,6,1
155,20,3,3
155,20,4,3
155,20,5,1
155,20,6,1
155,21,3,1
155,21,4,1
155,21,5,3
155,22,2,1
155,22,4,1
155,23,2,1
156,2,4,1
156,12,0,1
156,14,4,2
157,0,1,2
157,0,4,1
157,0,5,2
157,0,6,1
157,1,0,1
157,1,3,1
157,1,4,1
157,1,5,2
157,1,6,2
157,2,4,1
157,2,5,1
157,3,1,1
157,3,3,1
157,3,5,4
157,3,6,4
157,4,4,1
157,4,5,8
157,4,6,6
157,5,1,1
157,5,4,2
157,5,5,5
157,5,6,8
157,6,0,2
157,6,1,2
157,6,2,1
157,6,3,8
157,6,4,2
157,6,6,4
157,7,0,1
157,7,1,3
157,7,2,5
157,7,3,8
157,7,4,6
157,7,5,1
157,7,6,2
157,8,0,1
157,8,1,2
157,8,2,4
157,8,3,1
157,8,4,4
157,8,5,1
157,8,6,1
157,9,1,5
157,9,2,2
157,9,3,3
157,9,4,5
157,9,5,1
157,9,6,1
157,10,0,2
157,10,1,4
157,10,6,1
157,11,0,2
157,11,1,1
157,11,2,2
157,11,3,1
157,11,4,2
157,11,5,1
157,12,2,1
157,12,3,2
157,12,4,2
157,12,6,4
157,13,0,3
157,13,1,3
157,13,2,1
157,13,3,3
157,13,4,4
157,13,6,2
157,14,0,4
157,14,1,3
157,14,2,1
157,14,3,3
157,14,4,3
157,15,0,1
157,15,1,2
157,15,2,3
157,15,3,4
157,15,4,4
157,15,5,2
157,15,6,1
157,16,0,2
157,16,1,3
157,16,3,4
157,16,4,6
157,16,6,1
157,17,0,1
157,17,1,1
157,17,2,1
157,17,3,2
157,17,4,2
157,17,5,2
157,17,6,1
157,18,1,1
157,18,2,1
157,18,3,1
157,18,4,1
157,18,5,2
157,18,6,3
157,19,1,1
157,19,2,1
157,19,4,1
157,19,5,1
157,19,6,1
157,20,0,3
157,20,1,1
157,20,2,1
157,20,3,3
157,20,5,1
157,20,6,2
157,21,0,2
157,21,2,2
157,21,3,1
157,21,5,8
157,21,6,1
157,22,1,3
157,22,3,6
157,22,4,9
157,22,5,1
157,23,0,1
157,23,1,1
157,23,2,1
157,23,4,3
158,0,0,25
158,0,1,13
158,0,2,52
158,0,3,135
158,0,4,156
158,0,5,361
158,0,6,308
158,1,0,14
158,1,1,3
158,1,2,20
158,1,3,55
158,1,4,105
158,1,5,310
158,1,6,290
158,2,0,5
158,2,1,9
158,2,2,10
158,2,3,64
158,2,4,52
158,2,5,254
158,2,6,222
158,3,0,2
158,3,1,6
158,3,2,6
158,3,3,61
158,3,4,36
158,3,5,155
158,3,6,94
158,4,0,2
158,4,1,3
158,4,2,1
158,4,3,24
158,4,4,7
158,4,5,33
158,4,6,20
158,5,0,4
158,5,1,2
158,5,2,2
158,5,3,8
158,5,4,4
158,5,5,3
158,5,6,1
158,6,0,7
158,6,1,17
158,6,2,13
158,6,3,12
158,6,4,9
158,6,5,3
158,6,6,3
158,7,0,27
158,7,1,40
158,7,2,50
158,7,3,41
158,7,4,39
158,7,5,11
158,7,6,4
158,8,0,43
158,8,1,80
158,8,2,95
158,8,3,84
158,8,4,76
158,8,5,24
158,8,6,15
158,9,0,57
158,9,1,71
158,9,2,87
158,9,3,73
158,9,4,70
158,9,5,41
158,9,6,27
158,10,0,43
158,10,1,80
158,10,2,67
158,10,3,81
158,10,4,81
158,10,5,59
158,10,6,39
158,11,0,44
158,11,1,56
158,11,2,89
158,11,3,82
158,11,4,101
158,11,5,111
158,11,6,77
158,12,0,63
158,12,1,65
158,12,2,80
158,12,3,99
158,12,4,109
158,12,5,154
158,12,6,86
158,13,0,80
158,13,1,75
158,13,2,102
158,13,3,124
158,13,4,105
158,13,5,157
158,13,6,117
158,14,0,94
158,14,1,90
158,14,2,116
158,14,3,148
158,14,4,153
158,14,5,205
158,14,6,127
158,15,0,94
158,15,1,89
158,15,2,121
158,15,3,145
158,15,4,167
158,15,5,224
158,15,6,138
158,16,0,98
158,16,1,113
158,16,2,125
158,16,3,177
158,16,4,157
158,16,5,268
158,16,6,114
158,17,0,108
158,17,1,121
158,17,2,133
158,17,3,217
158,17,4,180
158,17,5,231
158,17,6,148
158,18,0,88
158,18,1,127
158,18,2,167
158,18,3,180
158,18,4,226
158,18,5,214
158,18,6,98
158,19,0,87
158,19,1,126
158,19,2,145
158,19,3,198
158,19,4,247
158,19,5,245
158,19,6,87
158,20,0,94
158,20,1,163
158,20,2,174
158,20,3,198
158,20,4,272
158,20,5,205
158,20,6,93
158,21,0,71
158,21,1,134
158,21,2,181
158,21,3,223
158,21,4,279
158,21,5,245
158,21,6,74
158,22,0,61
158,22,1,125
158,22,2,139
158,22,3,185
158,22,4,259
158,22,5,266
158,22,6,66
158,23,0,38
158,23,1,92
158,23,2,121
158,23,3,173
158,23,4,353
158,23,5,310
158,23,6,39
159,0,1,1
159,0,3,1
159,0,5,1
159,2,0,1
159,2,3,1
159,3,6,1
159,4,2,1
159,4,4,1
159,4,6,1
159,5,0,2
159,5,1,5
159,5,2,4
159,5,3,9
159,5,4,5
159,5,5,4
159,6,0,8
159,6,1,7
159,6,2,6
159,6,3,7
159,6,4,9
159,7,0,15
159,7,1,18
159,7,2,15
159,7,3,13
159,7,4,3
159,7,5,2
159,7,6,1
159,8,0,7
159,8,1,14
159,8,2,10
159,8,3,6
159,8,4,6
159,8,5,7
159,8,6,6
159,9,0,5
159,9,1,13
159,9,2,12
159,9,3,13
159,9,4,18
159,9,5,12
159,9,6,7
159,10,0,9
159,10,1,9
159,10,2,20
159,10,3,11
159,10,4,8
159,10,5,6
159,10,6,5
159,11,0,5
159,11,1,8
159,11,2,11
159,11,3,9
159,11,4,9
159,11,5,7
159,11,6,1
159,12,0,4
159,12,1,3
159,12,2,7
159,12,3,5
159,12,4,13
159,12,5,7
159,12,6,3
159,13,0,1
159,13,1,2
159,13,2,5
159,13,3,10
159,13,4,5
159,13,5,5
159,13,6,6
159,14,0,5
159,14,1,8
159,14,2,5
159,14,3,10
159,14,4,10
159,14,5,9
159,14,6,5
159,15,0,9
159,15,1,8
159,15,2,2
159,15,3,9
159,15,4,10
159,15,5,6
159,15,6,3
159,16,0,6
159,16,1,17
159,16,2,17
159,16,3,18
159,16,4,13
159,16,5,2
159,16,6,4
159,17,0,6
159,17,1,9
159,17,2,8
159,17,3,6
159,17,4,11
159,17,5,4
159,17,6,1
159,18,1,3
159,18,2,2
159,18,3,5
159,18,4,8
159,18,5,3
159,18,6,2
159,19,0,1
159,19,1,3
159,19,2,2
159,19,3,2
159,19,4,7
159,19,5,2
159,19,6,2
159,20,1,2
159,20,2,2
159,20,3,5
159,20,4,3
159,20,5,1
159,20,6,1
159,21,1,1
159,21,2,1
159,21,3,2
159,21,4,1
159,21,5,1
159,22,1,2
159,22,3,1
159,22,4,3
159,23,5,1
160,3,4,1
160,4,0,1
160,4,3,1
160,4,4,2
160,5,0,1
160,5,4,1
160,6,0,3
160,6,1,2
160,6,3,3
160,6,4,5
160,7,0,2
160,7,1,3
160,7,2,2
160,7,3,1
160,7,4,2
160,7,5,2
160,7,6,1
160,8,0,4
160,8,1,4
160,8,2,5
160,8,3,4
160,8,4,6
160,8,6,2
160,9,0,2
160,9,1,1
160,9,2,3
160,9,4,6
160,9,5,2
160,10,0,1
160,10,1,4
160,10,2,1
160,10,3,1
160,10,4,2
160,10,5,1
160,10,6,1
160,11,0,2
160,11,1,2
160,11,2,3
160,11,3,2
160,11,5,1
160,11,6,1
160,12,0,3
160,12,1,3
160,12,2,3
160,12,4,1
160,12,5,1
160,13,0,1
160,13,1,1
160,13,2,1
160,13,3,4
160,13,4,2
160,13,5,2
160,14,0,1
160,14,1,2
160,14,2,2
160,14,3,2
160,14,4,2
160,14,5,3
160,14,6,1
160,15,0,2
160,15,2,1
160,15,3,4
160,15,4,2
160,15,5,2
160,15,6,2
160,16,0,1
160,16,1,2
160,16,3,1
160,16,4,1
160,16,5,3
160,16,6,3
160,17,1,1
160,17,2,1
160,17,3,1
160,17,5,1
160,18,1,2
160,18,3,1
160,18,5,3
160,19,3,2
160,19,4,2
160,20,2,1
160,20,3,1
160,20,4,1
160,21,5,1
160,22,2,1
160,23,1,1
161,0,0,42
161,0,1,73
161,0,2,133
161,0,3,373
161,0,4,239
161,0,5,295
161,0,6,169
161,1,0,21
161,1,1,27
161,1,2,45
161,1,3,225
161,1,4,100
161,1,5,104
161,1,6,111
161,2,0,7
161,2,1,10
161,2,2,16
161,2,3,130
161,2,4,30
161,2,5,58
161,2,6,49
161,3,0,10
161,3,1,10
161,3,2,9
161,3,3,50
161,3,4,20
161,3,5,39
161,3,6,29
161,4,0,16
161,4,1,18
161,4,2,8
161,4,3,22
161,4,4,17
161,4,5,19
161,4,6,37
161,5,0,30
161,5,1,27
161,5,2,23
161,5,3,31
161,5,4,39
161,5,5,23
161,5,6,23
161,6,0,109
161,6,1,134
161,6,2,111
161,6,3,156
161,6,4,128
161,6,5,49
161,6,6,37
161,7,0,179
161,7,1,248
161,7,2,292
161,7,3,265
161,7,4,240
161,7,5,81
161,7,6,83
161,8,0,291
161,8,1,490
161,8,2,468
161,8,3,516
161,8,4,425
161,8,5,185
161,8,6,148
161,9,0,400
161,9,1,597
161,9,2,654
161,9,3,674
161,9,4,585
161,9,5,362
161,9,6,244
161,10,0,497
161,10,1,656
161,10,2,739
161,10,3,877
161,10,4,770
161,10,5,589
161,10,6,343
161,11,0,595
161,11,1,797
161,11,2,902
161,11,3,936
161,11,4,1026
161,11,5,842
161,11,6,527
161,12,0,730
161,12,1,997
161,12,2,994
161,12,3,1088
161,12,4,1136
161,12,5,1023
161,12,6,573
161,13,0,770
161,13,1,1032
161,13,2,1128
161,13,3,1252
161,13,4,1280
161,13,5,1119
161,13,6,644
161,14,0,913
161,14,1,1216
161,14,2,1218
161,14,3,1456
161,14,4,1377
161,14,5,1137
161,14,6,587
161,15,0,955
161,15,1,1235
161,15,2,1250
161,15,3,1542
161,15,4,1437
161,15,5,1283
161,15,6,614
161,16,0,1108
161,16,1,1338
161,16,2,1544
161,16,3,1714
161,16,4,1642
161,16,5,1429
161,16,6,686
161,17,0,1265
161,17,1,1737
161,17,2,1839
161,17,3,2026
161,17,4,1901
161,17,5,1301
161,17,6,675
161,18,0,1294
161,18,1,1835
161,18,2,1961
161,18,3,2230
161,18,4,1880
161,18,5,1233
161,18,6,649
161,19,0,1039
161,19,1,1773
161,19,2,1778
161,19,3,1957
161,19,4,1453
161,19,5,945
161,19,6,390
161,20,0,833
161,20,1,1496
161,20,2,1670
161,20,3,1824
161,20,4,990
161,20,5,678
161,20,6,362
161,21,0,644
161,21,1,1197
161,21,2,1322
161,21,3,1675
161,21,4,1006
161,21,5,632
161,21,6,251
161,22,0,361
161,22,1,720
161,22,2,859
161,22,3,1162
161,22,4,882
161,22,5,880
161,22,6,201
161,23,0,166
161,23,1,292
161,23,2,411
161,23,3,546
161,23,4,529
161,23,5,541
161,23,6,91
162,0,0,56
162,0,1,52
162,0,2,74
162,0,3,198
162,0,4,170
162,0,5,230
162,0,6,174
162,1,0,28
162,1,1,33
162,1,2,40
162,1,3,177
162,1,4,72
162,1,5,123
162,1,6,94
162,2,0,9
162,2,1,11
162,2,2,21
162,2,3,100
162,2,4,38
162,2,5,54
162,2,6,57
162,3,0,9
162,3,1,2
162,3,2,11
162,3,3,49
162,3,4,17
162,3,5,39
162,3,6,31
162,4,0,9
162,4,1,13
162,4,2,15
162,4,3,19
162,4,4,26
162,4,5,19
162,4,6,25
162,5,0,41
162,5,1,70
162,5,2,75
162,5,3,71
162,5,4,84
162,5,5,16
162,5,6,13
162,6,0,171
162,6,1,234
162,6,2,246
162,6,3,268
162,6,4,260
162,6,5,75
162,6,6,62
162,7,0,292
162,7,1,475
162,7,2,516
162,7,3,503
162,7,4,485
162,7,5,118
162,7,6,87
162,8,0,443
162,8,1,642
162,8,2,692
162,8,3,702
162,8,4,524
162,8,5,206
162,8,6,144
162,9,0,460
162,9,1,778
162,9,2,795
162,9,3,775
162,9,4,639
162,9,5,366
162,9,6,227
162,10,0,475
162,10,1,705
162,10,2,665
162,10,3,772
162,10,4,756
162,10,5,575
162,10,6,313
162,11,0,485
162,11,1,629
162,11,2,714
162,11,3,876
162,11,4,821
162,11,5,907
162,11,6,411
162,12,0,540
162,12,1,694
162,12,2,722
162,12,3,845
162,12,4,827
162,12,5,802
162,12,6,449
162,13,0,556
162,13,1,675
162,13,2,755
162,13,3,878
162,13,4,839
162,13,5,813
162,13,6,388
162,14,0,625
162,14,1,819
162,14,2,773
162,14,3,929
162,14,4,977
162,14,5,709
162,14,6,427
162,15,0,577
162,15,1,808
162,15,2,868
162,15,3,1004
162,15,4,1034
162,15,5,752
162,15,6,298
162,16,0,729
162,16,1,1051
162,16,2,1043
162,16,3,1158
162,16,4,1178
162,16,5,792
162,16,6,397
162,17,0,981
162,17,1,1421
162,17,2,1433
162,17,3,1515
162,17,4,1442
162,17,5,920
162,17,6,398
162,18,0,1040
162,18,1,1571
162,18,2,1586
162,18,3,1739
162,18,4,1426
162,18,5,954
162,18,6,428
162,19,0,825
162,19,1,1235
162,19,2,1378
162,19,3,1400
162,19,4,1191
162,19,5,830
162,19,6,329
162,20,0,663
162,20,1,1071
162,20,2,1183
162,20,3,1304
162,20,4,664
162,20,5,553
162,20,6,306
162,21,0,442
162,21,1,833
162,21,2,966
162,21,3,948
162,21,4,637
162,21,5,485
162,21,6,215
162,22,0,257
162,22,1,488
162,22,2,543
162,22,3,687
162,22,4,532
162,22,5,427
162,22,6,135
162,23,0,142
162,23,1,189
162,23,2,258
162,23,3,404
162,23,4,325
162,23,5,313
162,23,6,99
163,0,0,59
163,0,1,62
163,0,2,83
163,0,3,243
163,0,4,186
163,0,5,221
163,0,6,182
163,1,0,15
163,1,1,29
163,1,2,35
163,1,3,116
163,1,4,77
163,1,5,80
163,1,6,91
163,2,0,14
163,2,1,12
163,2,2,18
163,2,3,90
163,2,4,39
163,2,5,42
163,2,6,43
163,3,0,6
163,3,1,5
163,3,2,15
163,3,3,54
163,3,4,17
163,3,5,34
163,3,6,41
163,4,0,11
163,4,1,15
163,4,2,8
163,4,3,39
163,4,4,23
163,4,5,30
163,4,6,24
163,5,0,19
163,5,1,18
163,5,2,24
163,5,3,47
163,5,4,40
163,5,5,29
163,5,6,27
163,6,0,37
163,6,1,49
163,6,2,68
163,6,3,54
163,6,4,68
163,6,5,44
163,6,6,43
163,7,0,120
163,7,1,168
163,7,2,166
163,7,3,232
163,7,4,187
163,7,5,96
163,7,6,76
163,8,0,191
163,8,1,291
163,8,2,298
163,8,3,305
163,8,4,289
163,8,5,168
163,8,6,116
163,9,0,253
163,9,1,414
163,9,2,375
163,9,3,386
163,9,4,403
163,9,5,301
163,9,6,185
163,10,0,401
163,10,1,361
163,10,2,464
163,10,3,511
163,10,4,535
163,10,5,486
163,10,6,329
163,11,0,430
163,11,1,473
163,11,2,476
163,11,3,599
163,11,4,645
163,11,5,608
163,11,6,337
163,12,0,465
163,12,1,506
163,12,2,560
163,12,3,637
163,12,4,704
163,12,5,699
163,12,6,372
163,13,0,492
163,13,1,605
163,13,2,627
163,13,3,733
163,13,4,764
163,13,5,783
163,13,6,390
163,14,0,530
163,14,1,632
163,14,2,650
163,14,3,812
163,14,4,816
163,14,5,707
163,14,6,432
163,15,0,519
163,15,1,676
163,15,2,677
163,15,3,800
163,15,4,796
163,15,5,783
163,15,6,393
163,16,0,519
163,16,1,697
163,16,2,755
163,16,3,940
163,16,4,868
163,16,5,824
163,16,6,427
163,17,0,714
163,17,1,959
163,17,2,941
163,17,3,1097
163,17,4,985
163,17,5,783
163,17,6,443
163,18,0,728
163,18,1,1096
163,18,2,1123
163,18,3,1268
163,18,4,1091
163,18,5,820
163,18,6,425
163,19,0,538
163,19,1,838
163,19,2,918
163,19,3,1007
163,19,4,830
163,19,5,742
163,19,6,366
163,20,0,472
163,20,1,722
163,20,2,798
163,20,3,881
163,20,4,572
163,20,5,513
163,20,6,251
163,21,0,476
163,21,1,744
163,21,2,788
163,21,3,867
163,21,4,687
163,21,5,671
163,21,6,285
163,22,0,354
163,22,1,547
163,22,2,570
163,22,3,849
163,22,4,588
163,22,5,470
163,22,6,194
163,23,0,146
163,23,1,200
163,23,2,260
163,23,3,384
163,23,4,416
163,23,5,375
163,23,6,110
164,0,0,44
164,0,1,57
164,0,2,119
164,0,3,214
164,0,4,231
164,0,5,370
164,0,6,279
164,1,0,26
164,1,1,33
164,1,2,53
164,1,3,183
164,1,4,139
164,1,5,255
164,1,6,166
164,2,0,19
164,2,1,28
164,2,2,24
164,2,3,148
164,2,4,81
164,2,5,141
164,2,6,135
164,3,0,14
164,3,1,4
164,3,2,16
164,3,3,64
164,3,4,34
164,3,5,113
164,3,6,89
164,4,0,14
164,4,1,13
164,4,2,14
164,4,3,43
164,4,4,21
164,4,5,81
164,4,6,75
164,5,0,11
164,5,1,10
164,5,2,17
164,5,3,20
164,5,4,27
164,5,5,28
164,5,6,32
164,6,0,25
164,6,1,37
164,6,2,51
164,6,3,63
164,6,4,61
164,6,5,20
164,6,6,17
164,7,0,78
164,7,1,95
164,7,2,126
164,7,3,145
164,7,4,108
164,7,5,52
164,7,6,47
164,8,0,146
164,8,1,228
164,8,2,228
164,8,3,277
164,8,4,211
164,8,5,127
164,8,6,89
164,9,0,193
164,9,1,272
164,9,2,288
164,9,3,320
164,9,4,309
164,9,5,187
164,9,6,120
164,10,0,211
164,10,1,264
164,10,2,311
164,10,3,340
164,10,4,322
164,10,5,327
164,10,6,163
164,11,0,240
164,11,1,288
164,11,2,316
164,11,3,385
164,11,4,388
164,11,5,398
164,11,6,207
164,12,0,255
164,12,1,305
164,12,2,322
164,12,3,425
164,12,4,428
164,12,5,421
164,12,6,256
164,13,0,283
164,13,1,364
164,13,2,383
164,13,3,432
164,13,4,487
164,13,5,484
164,13,6,256
164,14,0,303
164,14,1,406
164,14,2,420
164,14,3,521
164,14,4,479
164,14,5,424
164,14,6,254
164,15,0,320
164,15,1,387
164,15,2,430
164,15,3,505
164,15,4,511
164,15,5,465
164,15,6,239
164,16,0,343
164,16,1,413
164,16,2,473
164,16,3,584
164,16,4,570
164,16,5,497
164,16,6,242
164,17,0,371
164,17,1,582
164,17,2,573
164,17,3,722
164,17,4,611
164,17,5,496
164,17,6,227
164,18,0,428
164,18,1,635
164,18,2,683
164,18,3,751
164,18,4,676
164,18,5,570
164,18,6,300
164,19,0,373
164,19,1,524
164,19,2,533
164,19,3,661
164,19,4,563
164,19,5,515
164,19,6,227
164,20,0,329
164,20,1,463
164,20,2,549
164,20,3,620
164,20,4,458
164,20,5,452
164,20,6,162
164,21,0,256
164,21,1,387
164,21,2,588
164,21,3,659
164,21,4,501
164,21,5,423
164,21,6,140
164,22,0,270
164,22,1,338
164,22,2,463
164,22,3,702
164,22,4,711
164,22,5,675
164,22,6,121
164,23,0,129
164,23,1,149
164,23,2,234
164,23,3,373
164,23,4,467
164,23,5,496
164,23,6,94
165,4,0,1
165,4,2,2
165,4,3,1
165,4,4,2
165,5,0,2
165,5,1,5
165,5,2,3
165,5,3,6
165,5,4,1
165,5,5,1
165,5,6,1
165,6,0,1
165,6,1,6
165,6,2,5
165,6,3,8
165,6,4,11
165,7,0,3
165,7,1,5
165,7,2,5
165,7,3,10
165,7,4,3
165,7,5,3
165,7,6,3
165,8,0,7
165,8,1,13
165,8,2,8
165,8,3,11
165,8,4,11
165,8,6,3
165,9,0,10
165,9,1,11
165,9,2,11
165,9,3,17
165,9,4,11
165,9,5,4
165,9,6,3
165,10,0,9
165,10,1,13
165,10,2,11
165,10,3,13
165,10,4,10
165,10,5,6
165,10,6,5
165,11,0,5
165,11,1,7
165,11,2,13
165,11,3,18
165,11,4,11
165,11,5,5
165,11,6,1
165,12,0,9
165,12,1,11
165,12,2,11
165,12,3,12
165,12,4,13
165,12,5,2
165,12,6,3
165,13,0,9
165,13,1,15
165,13,2,14
165,13,3,17
165,13,4,15
165,13,5,2
165,13,6,1
165,14,0,6
165,14,1,8
165,14,2,13
165,14,3,10
165,14,4,9
165,14,5,3
165,14,6,4
165,15,0,4
165,15,1,4
165,15,2,7
165,15,3,9
165,15,4,13
165,15,5,3
165,15,6,2
165,16,0,1
165,16,1,2
165,16,2,3
165,16,3,12
165,16,4,6
165,16,5,1
165,16,6,1
165,17,0,1
165,17,1,4
165,17,2,6
165,17,3,1
165,17,4,1
165,17,5,1
165,17,6,3
165,18,0,1
165,18,1,5
165,18,2,2
165,18,3,3
165,18,4,2
165,18,5,1
165,19,3,2
165,19,5,1
165,20,2,1
165,20,3,1
165,20,4,1
165,21,3,1
165,21,4,2
165,21,6,2
165,22,1,1
165,22,4,1
166,0,0,8
166,0,1,9
166,0,2,11
166,0,3,34
166,0,4,12
166,0,5,22
166,0,6,15
166,1,0,1
166,1,1,6
166,1,2,6
166,1,3,23
166,1,4,4
166,1,5,11
166,1,6,8
166,2,0,2
166,2,1,3
166,2,2,3
166,2,3,14
166,2,4,2
166,2,5,9
166,2,6,1
166,3,0,1
166,3,1,1
166,3,2,1
166,3,3,8
166,3,4,1
166,3,5,8
166,3,6,4
166,4,0,4
166,4,1,1
166,4,2,1
166,4,3,9
166,4,4,3
166,4,5,6
166,4,6,5
166,5,0,8
166,5,1,17
166,5,2,6
166,5,3,10
166,5,4,8
166,5,5,7
166,6,0,11
166,6,1,17
166,6,2,18
166,6,3,19
166,6,4,11
166,6,5,6
166,6,6,12
166,7,0,40
166,7,1,71
166,7,2,79
166,7,3,69
166,7,4,66
166,7,5,18
166,7,6,22
166,8,0,50
166,8,1,106
166,8,2,106
166,8,3,97
166,8,4,89
166,8,5,44
166,8,6,27
166,9,0,49
166,9,1,72
166,9,2,80
166,9,3,98
166,9,4,79
166,9,5,65
166,9,6,34
166,10,0,53
166,10,1,71
166,10,2,84
166,10,3,103
166,10,4,103
166,10,5,83
166,10,6,57
166,11,0,50
166,11,1,80
166,11,2,95
166,11,3,91
166,11,4,107
166,11,5,89
166,11,6,45
166,12,0,77
166,12,1,95
166,12,2,105
166,12,3,98
166,12,4,98
166,12,5,93
166,12,6,55
166,13,0,73
166,13,1,74
166,13,2,119
166,13,3,116
166,13,4,87
166,13,5,89
166,13,6,65
166,14,0,77
166,14,1,108
166,14,2,106
166,14,3,120
166,14,4,97
166,14,5,77
166,14,6,42
166,15,0,91
166,15,1,105
166,15,2,126
166,15,3,134
166,15,4,139
166,15,5,94
166,15,6,49
166,16,0,85
166,16,1,120
166,16,2,127
166,16,3,152
166,16,4,122
166,16,5,112
166,16,6,39
166,17,0,83
166,17,1,124
166,17,2,163
166,17,3,152
166,17,4,152
166,17,5,90
166,17,6,39
166,18,0,75
166,18,1,94
166,18,2,97
166,18,3,134
166,18,4,115
166,18,5,105
166,18,6,34
166,19,0,46
166,19,1,77
166,19,2,82
166,19,3,105
166,19,4,81
166,19,5,60
166,19,6,33
166,20,0,49
166,20,1,60
166,20,2,70
166,20,3,78
166,20,4,77
166,20,5,62
166,20,6,24
166,21,0,15
166,21,1,66
166,21,2,56
166,21,3,72
166,21,4,81
166,21,5,58
166,21,6,31
166,22,0,16
166,22,1,25
166,22,2,43
166,22,3,46
166,22,4,48
166,22,5,46
166,22,6,16
166,23,0,17
166,23,1,19
166,23,2,18
166,23,3,24
166,23,4,38
166,23,5,29
166,23,6,11
167,0,3,2
167,2,3,3
167,2,6,1
167,4,0,1
167,4,2,2
167,4,3,7
167,4,4,3
167,5,1,4
167,5,2,1
167,5,3,4
167,5,4,7
167,5,6,3
167,6,0,5
167,6,1,13
167,6,2,17
167,6,3,13
167,6,4,22
167,6,5,4
167,7,0,8
167,7,1,12
167,7,2,9
167,7,3,15
167,7,4,13
167,7,5,5
167,7,6,4
167,8,0,7
167,8,1,11
167,8,2,11
167,8,3,10
167,8,4,17
167,8,5,5
167,8,6,2
167,9,0,10
167,9,1,11
167,9,2,13
167,9,3,11
167,9,4,9
167,9,5,7
167,9,6,5
167,10,0,8
167,10,1,7
167,10,2,7
167,10,3,9
167,10,4,7
167,10,5,8
167,10,6,1
167,11,0,6
167,11,1,1
167,11,2,8
167,11,3,8
167,11,4,10
167,11,5,7
167,11,6,6
167,12,0,4
167,12,1,3
167,12,2,5
167,12,3,12
167,12,4,13
167,12,5,1
167,13,0,3
167,13,1,3
167,13,2,10
167,13,3,11
167,13,4,2
167,13,5,6
167,13,6,4
167,14,0,2
167,14,1,4
167,14,2,9
167,14,3,3
167,14,4,5
167,14,5,2
167,14,6,3
167,15,0,4
167,15,1,8
167,15,2,5
167,15,3,6
167,15,4,4
167,15,5,3
167,15,6,6
167,16,0,3
167,16,1,2
167,16,2,2
167,16,3,3
167,16,4,5
167,16,5,2
167,17,0,2
167,17,1,3
167,17,3,3
167,17,4,4
167,17,5,2
167,17,6,2
167,18,2,4
167,18,3,4
167,18,4,8
167,18,5,2
167,19,1,3
167,19,2,1
167,19,3,6
167,19,4,8
167,19,5,1
167,20,3,2
167,20,4,2
167,20,5,2
167,20,6,1
167,21,1,1
167,21,2,1
167,21,3,2
167,21,4,3
167,21,5,1
167,21,6,1
167,22,4,3
167,22,5,1
167,23,0,2
167,23,3,1
167,23,5,1
168,0,2,2
168,0,3,3
168,0,5,1
168,0,6,2
168,1,0,1
168,1,3,3
168,1,4,1
168,1,5,2
168,2,3,1
168,2,5,2
168,2,6,1
168,3,0,1
168,3,1,2
168,3,2,2
168,3,3,2
168,3,4,1
168,4,0,2
168,4,1,2
168,4,2,5
168,4,3,4
168,4,4,3
168,4,5,4
168,4,6,1
168,5,0,3
168,5,1,2
168,5,2,5
168,5,3,6
168,5,4,10
168,5,5,2
168,5,6,4
168,6,0,3
168,6,1,3
168,6,2,11
168,6,3,2
168,6,4,6
168,6,5,4
168,6,6,3
168,7,0,14
168,7,1,14
168,7,2,23
168,7,3,8
168,7,4,19
168,7,5,7
168,7,6,3
168,8,0,7
168,8,1,14
168,8,2,19
168,8,3,15
168,8,4,12
168,8,5,13
168,8,6,10
168,9,0,7
168,9,1,11
168,9,2,11
168,9,3,16
168,9,4,13
168,9,5,13
168,9,6,2
168,10,0,5
168,10,1,10
168,10,2,11
168,10,3,9
168,10,4,16
168,10,5,5
168,10,6,5
168,11,0,8
168,11,1,5
168,11,2,9
168,11,3,10
168,11,4,8
168,11,5,9
168,12,0,10
168,12,1,10
168,12,2,15
168,12,3,16
168,12,4,11
168,12,5,6
168,12,6,1
168,13,0,9
168,13,1,7
168,13,2,9
168,13,3,12
168,13,4,10
168,13,5,8
168,13,6,5
168,14,0,5
168,14,1,11
168,14,2,8
168,14,3,7
168,14,4,9
168,14,5,5
168,14,6,6
168,15,0,7
168,15,1,4
168,15,2,8
168,15,3,8
168,15,4,9
168,15,5,4
168,15,6,1
168,16,0,7
168,16,1,14
168,16,2,10
168,16,3,12
168,16,4,12
168,16,5,5
168,16,6,5
168,17,0,8
168,17,1,4
168,17,2,7
168,17,3,13
168,17,4,17
168,17,5,7
168,17,6,2
168,18,0,2
168,18,1,2
168,18,2,6
168,18,3,2
168,18,4,5
168,18,5,4
168,18,6,3
168,19,0,2
168,19,1,2
168,19,2,4
168,19,3,2
168,19,4,3
168,19,5,4
168,19,6,4
168,20,0,1
168,20,2,1
168,20,4,3
168,20,5,3
168,21,0,1
168,21,1,1
168,21,2,1
168,21,3,1
168,21,4,2
168,21,5,2
168,21,6,1
168,22,3,2
168,22,4,2
168,22,5,1
168,23,1,1
168,23,2,1
168,23,3,2
168,23,4,2
168,23,5,4
169,0,3,1
169,1,0,1
169,1,3,2
169,1,5,2
169,2,2,1
169,3,2,1
169,3,4,1
169,5,0,1
169,5,1,1
169,5,2,3
169,5,3,1
169,5,4,2
169,6,0,2
169,6,1,3
169,6,2,3
169,6,3,6
169,6,4,7
169,6,5,1
169,7,0,6
169,7,1,9
169,7,2,5
169,7,3,3
169,7,4,5
169,7,5,4
169,7,6,2
169,8,0,10
169,8,1,6
169,8,2,6
169,8,3,9
169,8,4,12
169,8,5,1
169,8,6,5
169,9,0,7
169,9,1,10
169,9,2,6
169,9,3,6
169,9,4,6
169,9,5,7
169,9,6,3
169,10,0,2
169,10,1,5
169,10,2,9
169,10,3,6
169,10,4,3
169,10,5,8
169,10,6,3
169,11,0,2
169,11,1,6
169,11,2,5
169,11,3,9
169,11,4,11
169,11,5,6
169,11,6,4
169,12,0,5
169,12,1,4
169,12,2,9
169,12,3,3
169,12,4,8
169,12,5,1
169,13,0,5
169,13,1,3
169,13,2,5
169,13,3,7
169,13,4,10
169,13,5,2
169,13,6,1
169,14,0,3
169,14,1,8
169,14,2,7
169,14,3,10
169,14,4,6
169,14,5,5
169,14,6,2
169,15,0,3
169,15,1,4
169,15,2,9
169,15,3,6
169,15,4,8
169,15,5,3
169,16,1,2
169,16,2,6
169,16,3,5
169,16,4,1
169,16,5,1
169,17,0,3
169,17,1,2
169,17,3,3
169,17,4,5
169,17,5,1
169,17,6,2
169,18,3,5
169,18,4,5
169,18,5,3
169,19,0,1
169,19,2,2
169,19,4,4
169,19,5,3
169,20,0,3
169,20,1,1
169,20,3,3
169,20,4,2
169,20,5,1
169,21,1,1
169,21,4,3
169,21,5,2
169,21,6,2
169,22,0,1
170,0,0,56
170,0,1,61
170,0,2,81
170,0,3,237
170,0,4,177
170,0,5,252
170,0,6,239
170,1,0,24
170,1,1,33
170,1,2,34
170,1,3,228
170,1,4,90
170,1,5,184
170,1,6,152
170,2,0,17
170,2,1,16
170,2,2,20
170,2,3,155
170,2,4,37
170,2,5,100
170,2,6,76
170,3,0,12
170,3,1,5
170,3,2,6
170,3,3,82
170,3,4,24
170,3,5,62
170,3,6,45
170,4,0,9
170,4,1,9
170,4,2,11
170,4,3,67
170,4,4,12
170,4,5,41
170,4,6,44
170,5,0,17
170,5,1,34
170,5,2,41
170,5,3,47
170,5,4,42
170,5,5,40
170,5,6,23
170,6,0,75
170,6,1,157
170,6,2,144
170,6,3,161
170,6,4,129
170,6,5,49
170,6,6,38
170,7,0,167
170,7,1,282
170,7,2,306
170,7,3,319
170,7,4,296
170,7,5,118
170,7,6,64
170,8,0,247
170,8,1,471
170,8,2,453
170,8,3,498
170,8,4,415
170,8,5,172
170,8,6,128
170,9,0,378
170,9,1,526
170,9,2,603
170,9,3,609
170,9,4,552
170,9,5,326
170,9,6,169
170,10,0,380
170,10,1,545
170,10,2,597
170,10,3,590
170,10,4,573
170,10,5,505
170,10,6,255
170,11,0,425
170,11,1,574
170,11,2,625
170,11,3,671
170,11,4,637
170,11,5,575
170,11,6,322
170,12,0,452
170,12,1,642
170,12,2,681
170,12,3,707
170,12,4,681
170,12,5,642
170,12,6,341
170,13,0,466
170,13,1,641
170,13,2,655
170,13,3,765
170,13,4,726
170,13,5,683
170,13,6,359
170,14,0,509
170,14,1,664
170,14,2,702
170,14,3,706
170,14,4,726
170,14,5,618
170,14,6,343
170,15,0,529
170,15,1,677
170,15,2,714
170,15,3,833
170,15,4,794
170,15,5,621
170,15,6,317
170,16,0,511
170,16,1,686
170,16,2,814
170,16,3,856
170,16,4,854
170,16,5,646
170,16,6,338
170,17,0,541
170,17,1,720
170,17,2,928
170,17,3,894
170,17,4,811
170,17,5,643
170,17,6,275
170,18,0,506
170,18,1,829
170,18,2,864
170,18,3,878
170,18,4,844
170,18,5,593
170,18,6,250
170,19,0,410
170,19,1,697
170,19,2,724
170,19,3,862
170,19,4,765
170,19,5,597
170,19,6,259
170,20,0,387
170,20,1,618
170,20,2,698
170,20,3,784
170,20,4,586
170,20,5,532
170,20,6,191
170,21,0,288
170,21,1,466
170,21,2,632
170,21,3,673
170,21,4,502
170,21,5,509
170,21,6,153
170,22,0,184
170,22,1,326
170,22,2,372
170,22,3,519
170,22,4,436
170,22,5,424
170,22,6,144
170,23,0,90
170,23,1,161
170,23,2,213
170,23,3,312
170,23,4,325
170,23,5,395
170,23,6,86
171,2,3,1
171,3,0,2
171,3,1,3
171,3,2,3
171,3,3,2
171,3,4,2
171,4,6,1
171,5,3,1
171,5,4,1
171,6,3,1
171,7,0,1
171,7,1,2
171,7,2,1
171,7,3,3
171,7,4,1
171,8,1,2
171,8,3,1
171,8,4,1
171,8,5,7
171,8,6,1
171,9,0,3
171,9,1,2
171,9,2,5
171,9,3,1
171,9,4,1
171,9,5,3
171,9,6,2
171,10,0,1
171,10,3,2
171,10,4,4
171,10,5,2
171,11,0,2
171,11,1,4
171,11,2,1
171,11,3,4
171,11,4,2
171,11,5,1
171,12,0,1
171,12,1,1
171,12,2,1
171,12,4,4
171,12,6,2
171,13,0,1
171,13,1,1
171,13,2,3
171,13,4,1
171,13,5,1
171,14,2,1
171,14,3,3
171,14,4,2
171,15,0,1
171,15,1,3
171,15,2,2
171,15,3,1
171,15,5,1
171,15,6,1
171,16,0,3
171,16,1,1
171,16,3,2
171,16,4,4
171,17,2,1
171,17,3,2
171,17,5,2
171,17,6,2
171,18,1,2
171,18,2,2
171,18,3,1
171,18,4,1
171,18,5,1
171,18,6,1
171,19,2,1
171,20,4,1
171,21,4,1
172,0,5,1
172,4,5,1
172,16,4,1
173,1,3,1
173,2,3,1
173,3,5,1
173,4,6,2
173,5,1,1
173,5,2,2
173,5,3,3
173,5,4,1
173,6,0,1
173,6,1,1
173,6,4,4
173,7,1,5
173,7,2,1
173,7,3,2
173,7,4,1
173,8,1,4
173,8,3,2
173,8,4,1
173,8,5,1
173,8,6,1
173,9,0,2
173,9,1,2
173,9,2,1
173,9,3,1
173,9,5,1
173,9,6,1
173,10,3,1
173,10,4,2
173,11,0,1
173,11,1,2
173,11,3,1
173,11,4,1
173,11,5,1
173,11,6,1
173,12,1,3
173,12,2,2
173,12,3,4
173,12,4,6
173,12,5,1
173,12,6,1
173,13,0,2
173,13,1,1
173,13,3,1
173,13,4,3
173,13,5,3
173,13,6,1
173,14,1,1
173,14,4,2
173,14,5,1
173,15,4,3
173,16,1,1
173,16,3,3
173,16,5,1
173,17,1,1
173,17,2,1
173,17,4,1
173,17,5,2
173,18,3,3
173,19,0,1
173,19,4,1
173,19,5,1
173,21,0,1
173,21,2,1
173,22,1,1
173,23,4,1
174,0,1,1
174,1,3,1
174,4,1,1
174,4,2,2
174,4,4,3
174,5,0,1
174,5,1,3
174,5,2,3
174,5,3,4
174,5,4,5
174,6,0,2
174,6,1,7
174,6,2,9
174,6,3,5
174,6,4,6
174,6,5,2
174,6,6,1
174,7,1,5
174,7,2,4
174,7,3,5
174,7,4,9
174,7,5,1
174,7,6,2
174,8,0,1
174,8,1,4
174,8,2,5
174,8,3,2
174,8,4,9
174,8,5,5
174,8,6,6
174,9,0,4
174,9,1,3
174,9,2,8
174,9,3,6
174,9,4,9
174,9,5,3
174,9,6,2
174,10,0,5
174,10,1,3
174,10,2,8
174,10,3,5
174,10,4,5
174,10,5,4
174,10,6,2
174,11,0,4
174,11,1,9
174,11,2,5
174,11,3,6
174,11,4,8
174,11,5,3
174,11,6,4
174,12,0,4
174,12,1,8
174,12,2,9
174,12,3,6
174,12,4,10
174,12,5,5
174,12,6,1
174,13,0,4
174,13,1,5
174,13,2,9
174,13,3,3
174,13,4,8
174,13,5,2
174,13,6,1
174,14,0,7
174,14,1,11
174,14,2,8
174,14,3,14
174,14,4,10
174,14,5,3
174,14,6,4
174,15,0,4
174,15,1,11
174,15,2,6
174,15,3,5
174,15,4,4
174,15,5,2
174,15,6,2
174,16,0,1
174,16,1,3
174,16,2,3
174,16,3,4
174,16,4,5
174,16,5,2
174,17,1,2
174,17,2,4
174,17,3,2
174,17,4,6
174,17,5,3
174,17,6,3
174,18,0,3
174,18,2,6
174,18,3,2
174,18,4,8
174,18,5,4
174,18,6,1
174,19,3,2
174,19,6,1
174,20,2,2
174,20,3,1
174,20,5,1
174,21,3,1
174,21,5,1
174,22,0,1
174,22,1,1
174,22,2,3
174,22,3,5
174,22,4,1
174,23,0,1
174,23,1,2
174,23,3,1
174,23,4,1
174,23,5,2
174,23,6,1
175,3,0,1
175,6,0,2
175,6,1,2
175,6,2,2
175,6,3,1
175,6,4,5
175,7,0,1
175,7,1,1
175,7,2,2
175,7,3,2
175,7,5,1
175,8,0,1
175,8,1,2
175,8,2,6
175,8,3,2
175,8,4,1
175,9,4,1
175,9,5,1
175,10,0,1
175,10,2,1
175,10,3,2
175,10,4,1
175,11,0,1
175,11,4,1
175,12,1,1
175,12,4,1
175,12,6,1
175,13,2,1
175,13,4,1
175,14,1,1
175,14,2,1
175,14,3,1
175,15,2,1
175,15,3,3
175,16,0,1
175,17,1,2
175,18,1,1
175,18,3,2
175,19,3,1
175,19,5,1
175,19,6,1
175,20,5,1
176,1,3,1
176,1,5,1
176,2,3,1
176,3,6,1
177,0,3,3
177,0,5,1
177,0,6,2
177,1,3,2
177,1,6,1
177,2,1,1
177,2,2,2
177,3,3,1
177,3,4,2
177,4,0,1
177,4,2,1
177,4,5,1
177,5,0,4
177,5,1,4
177,5,2,3
177,5,3,10
177,5,4,7
177,5,5,3
177,5,6,1
177,6,0,8
177,6,1,13
177,6,2,12
177,6,3,17
177,6,4,10
177,6,5,5
177,6,6,1
177,7,0,7
177,7,1,9
177,7,2,11
177,7,3,18
177,7,4,19
177,7,5,4
177,8,0,11
177,8,1,14
177,8,2,22
177,8,3,20
177,8,4,24
177,8,5,12
177,8,6,6
177,9,0,7
177,9,1,24
177,9,2,21
177,9,3,21
177,9,4,26
177,9,5,17
177,9,6,10
177,10,0,13
177,10,1,19
177,10,2,25
177,10,3,24
177,10,4,21
177,10,5,6
177,10,6,11
177,11,0,7
177,11,1,9
177,11,2,10
177,11,3,19
177,11,4,19
177,11,5,13
177,11,6,7
177,12,0,6
177,12,1,9
177,12,2,10
177,12,3,17
177,12,4,8
177,12,5,8
177,12,6,5
177,13,0,7
177,13,1,6
177,13,2,7
177,13,3,14
177,13,4,15
177,13,5,10
177,13,6,8
177,14,0,5
177,14,1,4
177,14,2,11
177,14,3,10
177,14,4,12
177,14,5,7
177,14,6,6
177,15,1,1
177,15,2,7
177,15,3,10
177,15,4,13
177,15,5,5
177,15,6,6
177,16,0,8
177,16,1,11
177,16,2,10
177,16,3,7
177,16,4,12
177,16,5,4
177,16,6,2
177,17,0,2
177,17,1,7
177,17,2,15
177,17,3,12
177,17,4,10
177,17,5,3
177,17,6,2
177,18,0,2
177,18,1,3
177,18,2,6
177,18,3,4
177,18,4,10
177,18,5,4
177,18,6,3
177,19,0,1
177,19,1,2
177,19,2,2
177,19,3,3
177,19,4,5
177,19,5,5
177,19,6,2
177,20,0,3
177,20,1,1
177,20,2,1
177,20,3,2
177,20,4,4
177,20,5,1
177,20,6,1
177,21,1,3
177,21,4,4
177,21,5,1
177,21,6,1
177,22,2,1
177,22,4,2
177,22,5,3
177,23,0,1
177,23,2,1
177,23,4,1
178,4,3,1
178,5,1,2
178,5,3,1
178,6,0,1
178,6,1,1
178,6,2,1
178,6,3,1
178,6,4,4
178,7,0,1
178,7,1,1
178,7,2,2
178,7,3,1
178,7,4,2
178,7,5,1
178,7,6,1
178,8,0,1
178,8,1,3
178,8,2,7
178,8,3,1
178,8,4,4
178,8,5,1
178,8,6,1
178,9,0,5
178,9,1,3
178,9,2,6
178,9,3,4
178,9,4,4
178,9,5,1
178,9,6,1
178,10,1,1
178,10,2,4
178,10,3,3
178,10,4,3
178,10,5,1
178,11,0,1
178,11,1,4
178,11,2,4
178,11,3,2
178,11,4,2
178,11,6,3
178,12,0,2
178,12,1,1
178,12,2,1
178,12,3,2
178,12,4,3
178,12,6,1
178,13,1,4
178,13,2,1
178,13,3,3
178,13,4,2
178,14,0,2
178,14,1,1
178,14,2,1
178,14,3,1
178,14,4,3
178,15,0,2
178,15,1,3
178,15,2,3
178,15,3,2
178,15,4,2
178,15,6,1
178,16,0,3
178,16,2,5
178,16,3,5
178,16,4,1
178,16,5,1
178,17,1,2
178,18,2,1
178,20,1,1
178,23,3,1
179,0,4,2
179,0,5,3
179,0,6,2
179,1,0,1
179,1,2,1
179,1,3,1
179,1,4,1
179,1,5,5
179,2,3,1
179,2,5,2
179,2,6,1
179,3,1,1
179,4,3,1
179,4,6,3
179,5,1,3
179,5,2,2
179,5,3,2
179,5,4,1
179,5,5,4
179,5,6,2
179,6,0,6
179,6,1,6
179,6,2,7
179,6,3,11
179,6,4,6
179,6,5,1
179,6,6,1
179,7,0,5
179,7,1,4
179,7,2,5
179,7,3,7
179,7,4,6
179,7,5,2
179,7,6,7
179,8,0,4
179,8,1,11
179,8,2,13
179,8,3,5
179,8,4,8
179,8,5,6
179,8,6,1
179,9,0,7
179,9,1,4
179,9,2,10
179,9,3,9
179,9,4,7
179,9,5,6
179,9,6,8
179,10,0,6
179,10,1,4
179,10,2,12
179,10,3,10
179,10,4,10
179,10,5,5
179,10,6,3
179,11,0,5
179,11,1,8
179,11,2,9
179,11,3,5
179,11,4,8
179,11,5,4
179,11,6,3
179,12,0,4
179,12,1,7
179,12,2,2
179,12,3,9
179,12,4,7
179,12,5,3
179,12,6,2
179,13,0,3
179,13,1,2
179,13,2,9
179,13,3,8
179,13,4,8
179,13,5,3
179,13,6,3
179,14,0,9
179,14,1,8
179,14,2,9
179,14,3,3
179,14,4,8
179,14,5,3
179,14,6,3
179,15,0,3
179,15,1,7
179,15,2,6
179,15,3,9
179,15,4,11
179,15,5,2
179,15,6,2
179,16,0,2
179,16,1,3
179,16,2,3
179,16,3,8
179,16,4,11
179,16,5,3
179,16,6,1
179,17,0,2
179,17,1,3
179,17,2,3
179,17,3,3
179,17,4,1
179,17,5,1
179,17,6,3
179,18,0,1
179,18,1,5
179,18,2,2
179,18,3,5
179,18,4,5
179,18,5,3
179,19,0,3
179,19,2,1
179,19,3,1
179,19,4,3
179,19,5,1
179,19,6,3
179,20,0,1
179,20,1,2
179,20,2,1
179,20,3,2
179,20,4,1
179,21,0,2
179,21,1,1
179,21,2,1
179,21,3,3
179,21,4,1
179,21,5,4
179,21,6,2
179,22,0,1
179,22,1,1
179,22,2,1
179,22,3,1
179,22,5,3
179,23,1,3
179,23,3,1
179,23,4,2
179,23,5,3
180,0,5,2
180,1,3,1
180,4,5,1
180,5,0,4
180,5,4,1
180,5,5,1
180,5,6,1
180,6,1,2
180,6,2,3
180,6,3,3
180,7,0,2
180,7,1,1
180,7,2,2
180,7,3,5
180,7,4,4
180,8,0,1
180,8,1,3
180,8,2,6
180,8,3,5
180,8,4,1
180,8,5,3
180,9,1,2
180,9,2,3
180,9,3,3
180,9,4,2
180,9,5,1
180,10,0,1
180,10,1,2
180,10,2,2
180,10,3,4
180,10,4,1
180,10,5,1
180,11,1,1
180,11,2,4
180,11,3,5
180,11,4,6
180,12,0,2
180,12,1,3
180,12,2,1
180,12,3,4
180,12,4,2
180,12,5,1
180,13,0,2
180,13,2,2
180,13,3,4
180,13,4,1
180,13,5,2
180,13,6,1
180,14,0,2
180,14,2,1
180,14,3,2
180,14,4,1
180,14,5,1
180,14,6,1
180,15,1,1
180,15,2,1
180,15,3,2
180,15,4,2
180,15,5,2
180,16,0,1
180,16,1,2
180,16,3,2
180,16,4,1
180,16,5,2
180,16,6,2
180,17,2,3
180,17,3,1
180,17,5,1
180,18,0,1
180,18,1,4
180,18,2,1
180,19,1,1
180,19,5,1
180,20,3,1
180,20,4,3
180,20,5,2
180,21,4,1
180,21,5,2
180,22,1,3
180,22,4,2
181,0,1,2
181,0,2,1
181,0,3,3
181,0,4,3
181,0,5,5
181,0,6,5
181,1,3,3
181,1,5,4
181,1,6,2
181,2,1,1
181,2,3,3
181,2,5,2
181,2,6,1
181,3,3,2
181,3,5,1
181,4,0,1
181,4,4,1
181,4,6,2
181,6,0,2
181,6,1,4
181,6,2,5
181,6,3,3
181,6,4,6
181,6,5,3
181,6,6,1
181,7,0,2
181,7,1,3
181,7,2,4
181,7,3,4
181,7,4,7
181,7,5,6
181,7,6,1
181,8,0,6
181,8,1,12
181,8,2,7
181,8,3,8
181,8,4,11
181,8,5,5
181,8,6,1
181,9,0,7
181,9,1,9
181,9,2,10
181,9,3,11
181,9,4,12
181,9,5,10
181,9,6,3
181,10,0,7
181,10,1,4
181,10,2,12
181,10,3,10
181,10,4,18
181,10,5,7
181,10,6,8
181,11,0,9
181,11,1,14
181,11,2,10
181,11,3,25
181,11,4,18
181,11,5,15
181,11,6,2
181,12,0,8
181,12,1,11
181,12,2,11
181,12,3,10
181,12,4,17
181,12,5,8
181,12,6,1
181,13,0,9
181,13,1,13
181,13,2,12
181,13,3,11
181,13,4,14
181,13,5,8
181,13,6,5
181,14,0,9
181,14,1,8
181,14,2,11
181,14,3,11
181,14,4,11
181,14,5,5
181,14,6,2
181,15,0,9
181,15,1,13
181,15,2,14
181,15,3,16
181,15,4,14
181,15,5,4
181,15,6,4
181,16,0,9
181,16,1,7
181,16,2,16
181,16,3,9
181,16,4,13
181,16,5,7
181,16,6,4
181,17,0,5
181,17,1,11
181,17,2,9
181,17,3,11
181,17,4,12
181,17,5,6
181,17,6,7
181,18,0,8
181,18,1,3
181,18,2,5
181,18,3,10
181,18,4,13
181,18,5,2
181,18,6,8
181,19,0,1
181,19,1,6
181,19,2,3
181,19,3,14
181,19,4,14
181,19,5,6
181,19,6,2
181,20,0,2
181,20,1,4
181,20,2,3
181,20,3,12
181,20,4,4
181,20,5,4
181,20,6,5
181,21,0,4
181,21,1,4
181,21,2,2
181,21,3,9
181,21,4,21
181,21,5,4
181,22,0,9
181,22,1,2
181,22,2,5
181,22,3,5
181,22,4,18
181,22,5,4
181,22,6,2
181,23,0,4
181,23,2,4
181,23,3,2
181,23,4,8
181,23,5,8
181,23,6,1
182,0,3,1
182,1,3,3
182,2,5,1
182,3,1,1
182,4,0,8
182,4,1,7
182,4,2,9
182,4,3,11
182,4,4,4
182,4,5,1
182,5,0,7
182,5,1,7
182,5,2,13
182,5,3,12
182,5,4,11
182,5,5,2
182,5,6,1
182,6,0,12
182,6,1,16
182,6,2,13
182,6,3,23
182,6,4,14
182,6,5,2
182,6,6,2
182,7,0,12
182,7,1,22
182,7,2,11
182,7,3,16
182,7,4,14
182,7,5,3
182,7,6,5
182,8,0,10
182,8,1,11
182,8,2,16
182,8,3,10
182,8,4,26
182,8,5,8
182,8,6,8
182,9,0,6
182,9,1,11
182,9,2,10
182,9,3,15
182,9,4,12
182,9,5,12
182,9,6,10
182,10,0,5
182,10,1,6
182,10,2,8
182,10,3,5
182,10,4,10
182,10,5,10
182,10,6,5
182,11,0,4
182,11,1,7
182,11,2,4
182,11,3,7
182,11,4,13
182,11,5,5
182,11,6,1
182,12,0,6
182,12,1,9
182,12,2,9
182,12,3,4
182,12,4,5
182,12,5,2
182,12,6,3
182,13,0,4
182,13,1,11
182,13,2,5
182,13,3,5
182,13,4,7
182,13,5,8
182,13,6,4
182,14,0,7
182,14,1,6
182,14,2,5
182,14,3,6
182,14,4,10
182,14,5,3
182,14,6,3
182,15,0,1
182,15,1,2
182,15,2,3
182,15,3,4
182,15,4,1
182,15,5,3
182,16,0,2
182,16,1,1
182,16,2,5
182,16,3,3
182,16,4,6
182,16,5,4
182,16,6,1
182,17,0,1
182,17,1,1
182,17,2,1
182,17,3,4
182,17,4,3
182,17,5,1
182,18,0,5
182,18,1,2
182,18,2,3
182,18,3,3
182,18,4,6
182,18,5,5
182,18,6,1
182,19,1,2
182,19,2,2
182,19,3,1
182,19,4,2
182,19,5,1
182,19,6,1
182,20,1,2
182,20,2,1
182,20,3,5
182,20,5,4
182,20,6,1
182,21,0,2
182,21,1,3
182,21,2,3
182,21,3,3
182,21,4,2
182,21,5,1
182,21,6,2
182,22,0,3
182,22,4,2
182,22,5,2
182,22,6,1
182,23,4,1
182,23,6,1
183,4,2,1
183,5,0,1
183,5,1,3
183,5,2,1
183,5,3,2
183,5,4,2
183,6,0,4
183,6,1,4
183,6,2,2
183,6,3,3
183,6,4,4
183,7,0,1
183,7,1,4
183,7,2,4
183,7,3,2
183,7,4,4
183,7,5,1
183,7,6,1
183,8,0,3
183,8,2,1
183,8,3,2
183,8,4,3
183,8,6,1
183,9,1,2
183,9,2,1
183,9,3,1
183,9,4,1
183,9,6,1
183,10,0,1
183,10,1,2
183,10,2,2
183,10,4,4
183,11,2,3
183,11,3,1
183,11,4,1
183,12,1,1
183,12,5,1
183,13,2,2
183,13,4,3
183,13,6,1
183,14,2,2
183,14,3,3
183,14,4,1
183,14,6,1
183,15,2,2
183,15,5,2
183,15,6,1
183,16,0,1
183,16,3,1
183,16,4,2
183,17,1,2
183,17,2,1
183,17,3,1
183,17,5,2
183,18,1,1
183,18,2,2
183,18,3,2
183,18,4,1
183,19,4,1
183,19,5,1
183,19,6,1
183,20,0,1
183,21,4,1
184,6,2,2
184,7,1,1
184,7,2,1
184,8,1,1
184,8,4,1
184,8,5,2
184,11,5,1
184,16,2,1
184,19,5,1
184,23,1,1
185,0,0,1
185,0,5,1
185,1,3,1
185,4,2,1
185,4,4,1
185,5,0,2
185,5,1,4
185,5,2,4
185,5,3,7
185,5,4,2
185,5,5,1
185,6,0,3
185,6,1,11
185,6,2,13
185,6,3,14
185,6,4,18
185,6,5,1
185,6,6,1
185,7,0,5
185,7,1,5
185,7,2,7
185,7,3,5
185,7,4,4
185,7,5,2
185,7,6,3
185,8,0,3
185,8,1,7
185,8,2,7
185,8,3,4
185,8,4,4
185,8,5,1
185,8,6,2
185,9,0,4
185,9,1,4
185,9,2,4
185,9,3,6
185,9,4,5
185,9,5,1
185,10,0,3
185,10,1,5
185,10,2,6
185,10,3,4
185,10,4,7
185,11,0,1
185,11,1,5
185,11,2,4
185,11,3,12
185,11,4,5
185,11,5,2
185,11,6,1
185,12,0,1
185,12,1,6
185,12,3,6
185,12,4,6
185,12,5,3
185,12,6,3
185,13,0,2
185,13,1,4
185,13,2,3
185,13,3,3
185,13,4,4
185,13,5,2
185,13,6,1
185,14,0,1
185,14,1,4
185,14,2,6
185,14,3,1
185,14,4,2
185,14,5,3
185,15,0,2
185,15,1,4
185,15,2,2
185,15,3,2
185,15,4,4
185,15,5,1
185,16,0,3
185,16,2,3
185,16,3,4
185,16,4,6
185,16,5,2
185,16,6,1
185,17,0,3
185,17,1,4
185,17,2,2
185,17,3,5
185,17,4,2
185,17,5,1
185,17,6,1
185,18,0,1
185,18,1,1
185,18,2,1
185,18,3,4
185,18,4,1
185,18,5,3
185,19,2,1
185,19,3,3
185,19,5,1
185,20,1,1
185,20,3,4
185,20,4,2
185,20,5,2
185,21,1,1
185,21,3,1
185,22,4,1
185,22,6,1
185,23,4,1
185,23,6,1
186,0,0,160
186,0,1,144
186,0,2,124
186,0,3,212
186,0,4,298
186,0,5,399
186,0,6,346
186,1,0,62
186,1,1,63
186,1,2,70
186,1,3,127
186,1,4,122
186,1,5,209
186,1,6,161
186,2,0,24
186,2,1,27
186,2,2,16
186,2,3,117
186,2,4,43
186,2,5,87
186,2,6,90
186,3,0,31
186,3,1,15
186,3,2,20
186,3,3,91
186,3,4,39
186,3,5,81
186,3,6,90
186,4,0,36
186,4,1,26
186,4,2,32
186,4,3,62
186,4,4,50
186,4,5,64
186,4,6,57
186,5,0,135
186,5,1,207
186,5,2,218
186,5,3,219
186,5,4,268
186,5,5,141
186,5,6,55
186,6,0,277
186,6,1,451
186,6,2,479
186,6,3,539
186,6,4,436
186,6,5,249
186,6,6,115
186,7,0,459
186,7,1,744
186,7,2,760
186,7,3,742
186,7,4,587
186,7,5,189
186,7,6,116
186,8,0,499
186,8,1,831
186,8,2,864
186,8,3,847
186,8,4,601
186,8,5,227
186,8,6,145
186,9,0,534
186,9,1,884
186,9,2,932
186,9,3,873
186,9,4,731
186,9,5,454
186,9,6,205
186,10,0,525
186,10,1,817
186,10,2,725
186,10,3,781
186,10,4,784
186,10,5,769
186,10,6,404
186,11,0,510
186,11,1,712
186,11,2,797
186,11,3,902
186,11,4,971
186,11,5,1161
186,11,6,629
186,12,0,523
186,12,1,616
186,12,2,639
186,12,3,868
186,12,4,918
186,12,5,1324
186,12,6,640
186,13,0,632
186,13,1,604
186,13,2,678
186,13,3,784
186,13,4,1053
186,13,5,1323
186,13,6,748
186,14,0,534
186,14,1,537
186,14,2,561
186,14,3,753
186,14,4,999
186,14,5,1262
186,14,6,685
186,15,0,623
186,15,1,633
186,15,2,588
186,15,3,894
186,15,4,944
186,15,5,1161
186,15,6,587
186,16,0,520
186,16,1,552
186,16,2,569
186,16,3,772
186,16,4,861
186,16,5,1079
186,16,6,675
186,17,0,606
186,17,1,723
186,17,2,738
186,17,3,1048
186,17,4,1102
186,17,5,1296
186,17,6,654
186,18,0,690
186,18,1,618
186,18,2,760
186,18,3,977
186,18,4,1132
186,18,5,1251
186,18,6,602
186,19,0,886
186,19,1,657
186,19,2,633
186,19,3,892
186,19,4,1039
186,19,5,1027
186,19,6,514
186,20,0,686
186,20,1,700
186,20,2,692
186,20,3,792
186,20,4,699
186,20,5,715
186,20,6,461
186,21,0,956
186,21,1,623
186,21,2,1068
186,21,3,852
186,21,4,950
186,21,5,900
186,21,6,380
186,22,0,605
186,22,1,528
186,22,2,897
186,22,3,874
186,22,4,1159
186,22,5,1208
186,22,6,400
186,23,0,297
186,23,1,240
186,23,2,297
186,23,3,548
186,23,4,605
186,23,5,560
186,23,6,245
187,9,4,1
187,14,3,1
187,14,4,4
187,15,3,1
188,0,0,2
188,0,3,2
188,0,4,1
188,0,6,1
188,1,6,1
188,2,0,1
188,2,3,1
188,2,5,1
188,3,0,1
188,3,3,3
188,3,5,1
188,4,0,3
188,4,1,6
188,4,2,4
188,4,3,7
188,4,4,7
188,4,5,8
188,4,6,1
188,5,0,5
188,5,1,10
188,5,2,4
188,5,3,6
188,5,4,13
188,5,5,1
188,5,6,2
188,6,0,15
188,6,1,19
188,6,2,23
188,6,3,12
188,6,4,30
188,6,5,7
188,6,6,3
188,7,0,11
188,7,1,18
188,7,2,19
188,7,3,24
188,7,4,25
188,7,5,4
188,7,6,2
188,8,0,19
188,8,1,30
188,8,2,28
188,8,3,33
188,8,4,43
188,8,5,8
188,8,6,13
188,9,0,30
188,9,1,19
188,9,2,20
188,9,3,25
188,9,4,34
188,9,5,8
188,9,6,15
188,10,0,15
188,10,1,18
188,10,2,26
188,10,3,27
188,10,4,30
188,10,5,10
188,10,6,15
188,11,0,16
188,11,1,17
188,11,2,17
188,11,3,33
188,11,4,24
188,11,5,14
188,11,6,10
188,12,0,14
188,12,1,22
188,12,2,23
188,12,3,32
188,12,4,22
188,12,5,10
188,12,6,6
188,13,0,15
188,13,1,19
188,13,2,17
188,13,3,28
188,13,4,29
188,13,5,11
188,13,6,8
188,14,0,5
188,14,1,17
188,14,2,29
188,14,3,23
188,14,4,19
188,14,5,7
188,14,6,5
188,15,0,12
188,15,1,6
188,15,2,16
188,15,3,17
188,15,4,15
188,15,5,9
188,15,6,4
188,16,0,15
188,16,1,21
188,16,2,22
188,16,3,19
188,16,4,20
188,16,5,9
188,16,6,2
188,17,0,7
188,17,1,6
188,17,2,10
188,17,3,10
188,17,4,18
188,17,5,3
188,17,6,2
188,18,0,3
188,18,1,4
188,18,2,7
188,18,3,6
188,18,4,12
188,18,5,4
188,18,6,5
188,19,1,1
188,19,2,1
188,19,3,2
188,19,4,5
188,19,5,1
188,19,6,1
188,20,0,1
188,20,1,3
188,20,2,1
188,20,3,3
188,20,4,5
188,20,5,5
188,21,0,1
188,21,2,2
188,21,3,4
188,21,4,4
188,21,5,4
188,22,4,1
188,22,5,2
188,23,2,1
188,23,4,1
188,23,5,3
188,23,6,1
189,0,4,1
189,0,5,3
189,0,6,1
189,1,0,1
189,1,3,2
189,1,5,2
189,1,6,1
189,2,3,2
189,4,0,1
189,4,2,1
189,4,4,2
189,4,5,1
189,5,1,2
189,5,2,2
189,5,3,1
189,5,4,1
189,5,5,2
189,6,0,3
189,6,1,1
189,6,2,2
189,6,3,2
189,6,4,5
189,7,0,2
189,7,1,4
189,7,2,5
189,7,3,3
189,7,4,7
189,7,6,1
189,8,0,4
189,8,1,2
189,8,2,6
189,8,3,6
189,8,4,5
189,8,5,3
189,8,6,5
189,9,0,5
189,9,1,4
189,9,2,6
189,9,3,4
189,9,4,4
189,9,5,2
189,9,6,2
189,10,0,1
189,10,1,7
189,10,2,4
189,10,3,6
189,10,4,3
189,10,5,4
189,10,6,2
189,11,0,3
189,11,1,1
189,11,2,5
189,11,3,5
189,11,4,3
189,11,5,9
189,11,6,3
189,12,0,3
189,12,1,4
189,12,2,4
189,12,3,8
189,12,4,5
189,12,5,3
189,12,6,1
189,13,0,3
189,13,2,6
189,13,3,6
189,13,4,8
189,13,5,2
189,13,6,2
189,14,0,1
189,14,1,1
189,14,2,3
189,14,3,8
189,14,4,3
189,14,6,2
189,15,0,4
189,15,1,2
189,15,2,3
189,15,3,6
189,15,4,5
189,15,5,5
189,15,6,1
189,16,0,1
189,16,1,3
189,16,2,3
189,16,3,6
189,16,4,2
189,16,5,6
189,16,6,1
189,17,0,1
189,17,1,1
189,17,2,1
189,17,3,2
189,17,4,3
189,17,5,5
189,18,0,3
189,18,2,2
189,18,3,2
189,18,4,3
189,18,5,1
189,19,0,2
189,19,1,1
189,19,3,6
189,19,4,5
189,19,5,2
189,19,6,1
189,20,1,1
189,20,2,1
189,20,3,2
189,20,4,4
189,20,6,4
189,21,1,6
189,21,2,7
189,21,3,9
189,21,4,9
189,21,5,1
189,21,6,3
189,22,0,2
189,22,1,1
189,22,2,3
189,22,3,2
189,22,4,3
189,22,6,1
189,23,4,2
189,23,5,2
190,0,3,1
190,0,5,1
190,4,1,1
190,5,0,1
190,5,4,1
190,6,0,1
190,6,3,2
190,6,4,3
190,7,3,2
190,7,4,1
190,7,5,1
190,8,1,2
190,8,3,3
190,9,1,1
190,9,3,1
190,9,4,2
190,9,6,1
190,10,0,2
190,10,2,1
190,10,3,1
190,11,0,1
190,11,1,1
190,11,3,1
190,11,4,1
190,11,5,1
190,11,6,1
190,12,0,1
190,12,2,1
190,12,3,1
190,12,5,1
190,12,6,2
190,13,1,2
190,13,3,2
190,13,4,1
190,13,5,1
190,14,1,1
190,14,2,2
190,14,3,1
190,14,4,2
190,15,1,1
190,15,5,4
190,16,2,2
190,16,4,1
190,16,5,2
190,16,6,2
190,17,1,1
190,17,3,1
190,17,4,4
190,17,5,2
190,17,6,1
190,18,4,1
190,19,1,1
190,19,5,1
190,19,6,1
190,20,1,1
190,20,2,1
190,21,1,1
190,21,2,3
190,21,4,1
190,22,4,1
191,0,3,1
191,1,3,2
191,2,1,1
191,3,0,1
191,3,3,1
191,4,1,1
191,4,2,1
191,4,6,1
191,5,0,7
191,5,1,2
191,5,2,7
191,5,3,10
191,5,4,4
191,5,5,2
191,5,6,1
191,6,0,2
191,6,1,3
191,6,2,11
191,6,3,9
191,6,4,9
191,6,5,2
191,6,6,1
191,7,0,3
191,7,1,6
191,7,2,12
191,7,3,9
191,7,4,6
191,7,5,3
191,8,0,3
191,8,1,9
191,8,2,11
191,8,3,9
191,8,4,5
191,8,5,7
191,8,6,3
191,9,0,7
191,9,1,6
191,9,2,5
191,9,3,5
191,9,4,5
191,9,5,4
191,9,6,2
191,10,0,3
191,10,2,4
191,10,3,1
191,10,4,7
191,10,5,5
191,10,6,5
191,11,0,5
191,11,1,4
191,11,2,5
191,11,3,3
191,11,4,7
191,11,5,1
191,11,6,4
191,12,0,2
191,12,1,4
191,12,2,5
191,12,3,1
191,12,4,1
191,12,5,5
191,12,6,7
191,13,0,1
191,13,1,2
191,13,2,1
191,13,3,1
191,13,5,2
191,13,6,3
191,14,0,3
191,14,1,2
191,14,2,1
191,14,3,6
191,14,4,7
191,14,5,9
191,14,6,2
191,15,0,4
191,15,1,3
191,15,2,3
191,15,3,4
191,15,4,9
191,15,5,5
191,15,6,1
191,16,0,1
191,16,1,2
191,16,2,4
191,16,3,5
191,16,4,13
191,16,5,7
191,16,6,2
191,17,0,7
191,17,1,4
191,17,3,3
191,17,4,9
191,17,5,2
191,18,2,3
191,18,4,3
191,19,1,3
191,19,2,1
191,19,4,1
191,19,5,3
191,20,2,2
191,20,5,1
191,20,6,2
191,21,0,3
191,21,2,2
191,21,3,1
191,21,4,1
191,21,5,1
191,22,0,1
191,22,1,7
191,22,2,3
191,22,3,2
191,22,4,8
191,22,5,4
191,22,6,3
191,23,1,1
191,23,2,6
191,23,4,2
191,23,5,5
192,5,0,1
192,5,1,2
192,5,2,1
192,5,4,1
192,5,5,1
192,6,6,1
192,7,1,1
192,7,2,1
192,7,4,1
192,8,1,1
192,8,2,3
192,8,4,1
192,9,0,3
192,9,1,3
192,9,2,1
192,9,4,2
192,9,6,1
192,10,0,1
192,10,1,1
192,10,2,1
192,10,4,3
192,11,2,1
192,11,3,2
192,11,4,2
192,12,1,3
192,12,3,2
192,12,4,1
192,13,0,1
192,13,1,1
192,13,4,1
192,13,6,3
192,14,1,1
192,14,2,1
192,14,3,3
192,14,4,1
192,14,5,1
192,14,6,1
192,15,3,2
192,15,4,2
192,16,1,2
192,16,2,2
192,16,3,2
192,16,4,4
192,17,1,1
192,17,2,2
192,18,0,1
192,18,3,1
192,18,6,2
192,19,0,1
192,19,4,2
192,19,5,1
192,19,6,1
192,22,2,1
193,0,1,1
193,0,4,1
193,0,5,1
193,0,6,2
193,1,3,1
193,2,0,1
193,2,2,1
193,2,3,1
193,2,5,1
193,2,6,2
193,3,2,1
193,3,3,4
193,3,5,1
193,4,0,1
193,4,1,1
193,4,2,1
193,4,4,1
193,5,1,1
193,5,2,2
193,5,4,3
193,5,6,1
193,6,0,4
193,6,1,5
193,6,2,7
193,6,3,7
193,6,4,8
193,6,5,1
193,6,6,2
193,7,0,8
193,7,1,4
193,7,2,10
193,7,3,10
193,7,4,4
193,7,5,2
193,7,6,5
193,8,0,3
193,8,1,7
193,8,2,4
193,8,3,7
193,8,4,6
193,8,5,5
193,8,6,1
193,9,0,2
193,9,1,5
193,9,2,4
193,9,3,3
193,9,4,6
193,9,5,3
193,10,0,4
193,10,1,9
193,10,2,1
193,10,3,7
193,10,4,11
193,10,5,8
193,10,6,2
193,11,0,5
193,11,1,4
193,11,2,3
193,11,3,7
193,11,4,2
193,11,5,1
193,12,0,2
193,12,1,3
193,12,2,4
193,12,3,5
193,12,4,10
193,12,5,6
193,12,6,2
193,13,0,3
193,13,1,3
193,13,2,4
193,13,3,4
193,13,4,7
193,13,5,4
193,13,6,6
193,14,0,1
193,14,1,5
193,14,2,5
193,14,3,6
193,14,4,8
193,14,5,5
193,14,6,2
193,15,0,2
193,15,1,10
193,15,2,6
193,15,3,7
193,15,4,4
193,15,5,6
193,15,6,2
193,16,0,1
193,16,1,5
193,16,2,3
193,16,3,1
193,16,4,4
193,16,5,3
193,16,6,1
193,17,0,2
193,17,1,4
193,17,2,3
193,17,3,2
193,17,4,2
193,17,5,1
193,17,6,2
193,18,0,3
193,18,1,2
193,18,2,2
193,18,4,3
193,18,5,4
193,18,6,3
193,19,1,1
193,19,2,2
193,19,3,1
193,19,4,2
193,19,5,1
193,20,0,1
193,20,1,2
193,20,3,3
193,20,4,1
193,21,1,2
193,21,3,2
193,21,4,2
193,21,5,1
193,22,0,1
193,22,1,1
193,22,4,3
193,23,0,1
193,23,3,2
193,23,4,1
193,23,5,1
193,23,6,1
194,0,0,1
194,0,1,2
194,2,5,1
194,6,0,1
194,6,5,1
194,7,2,1
194,7,5,1
194,8,0,1
194,8,1,1
194,8,2,1
194,8,4,1
194,8,5,1
194,9,1,1
194,9,2,1
194,9,3,2
194,9,4,2
194,9,5,2
194,10,1,5
194,10,6,1
194,11,1,1
194,11,2,1
194,11,4,1
194,12,0,1
194,12,3,1
194,12,5,1
194,13,4,1
194,14,1,1
194,14,3,1
194,14,4,1
194,14,5,3
194,14,6,1
194,15,1,2
194,15,2,1
194,15,3,1
194,15,4,5
194,15,5,2
194,15,6,2
194,16,0,2
194,16,1,3
194,16,2,1
194,16,3,2
194,16,4,1
194,16,5,1
194,17,1,1
194,17,2,2
194,17,4,1
194,18,1,1
194,18,4,1
194,18,5,1
194,18,6,2
194,19,3,3
194,19,4,1
194,19,5,1
194,19,6,2
194,20,1,2
194,20,2,1
194,21,0,1
194,21,2,1
194,21,4,1
194,22,3,1
194,22,4,1
194,22,6,2
194,23,1,1
194,23,2,3
194,23,3,2
195,0,1,1
195,0,2,1
195,3,3,1
195,4,0,1
195,4,1,3
195,4,2,1
195,4,4,1
195,4,6,1
195,5,0,1
195,5,3,2
195,6,0,4
195,6,1,3
195,6,2,4
195,6,3,2
195,6,4,8
195,6,5,2
195,6,6,2
195,7,0,6
195,7,1,1
195,7,2,3
195,7,3,2
195,7,4,11
195,7,5,4
195,7,6,47
195,8,0,13
195,8,1,5
195,8,2,2
195,8,3,5
195,8,4,7
195,8,5,14
195,8,6,62
195,9,0,31
195,9,1,3
195,9,2,3
195,9,3,5
195,9,4,3
195,9,5,10
195,9,6,44
195,10,0,7
195,10,1,5
195,10,2,7
195,10,3,5
195,10,4,5
195,10,5,6
195,10,6,13
195,11,0,2
195,11,1,2
195,11,2,3
195,11,3,2
195,11,4,5
195,11,5,4
195,11,6,7
195,12,0,2
195,12,1,1
195,12,3,4
195,12,4,8
195,12,5,3
195,12,6,5
195,13,0,1
195,13,2,1
195,13,3,3
195,13,4,1
195,13,5,2
195,13,6,4
195,14,0,3
195,14,1,8
195,14,2,2
195,14,3,2
195,14,4,3
195,14,5,3
195,15,0,2
195,15,1,3
195,15,2,2
195,15,3,1
195,15,4,3
195,15,6,3
195,16,2,3
195,16,3,1
195,16,4,1
195,16,5,4
195,16,6,3
195,17,1,2
195,17,3,1
195,17,4,2
195,17,5,1
195,18,3,2
195,18,4,4
195,18,5,1
195,18,6,1
195,19,0,1
195,19,1,1
195,19,2,2
195,19,3,3
195,19,4,2
195,19,5,1
195,19,6,1
195,20,0,2
195,20,2,3
195,20,3,1
195,20,4,1
195,20,6,1
195,21,0,2
195,21,2,4
195,21,4,1
195,21,5,1
195,21,6,1
195,22,1,1
195,22,4,1
195,22,5,1
196,1,1,1
196,1,2,1
196,2,3,1
196,2,5,1
196,3,1,1
196,3,5,1
196,3,6,1
196,4,2,1
196,5,0,1
196,5,1,2
196,5,2,1
196,5,5,2
196,6,0,1
196,6,1,1
196,6,2,6
196,6,3,2
196,6,4,2
196,7,0,3
196,7,1,4
196,7,2,2
196,7,3,7
196,7,4,6
196,7,5,2
196,8,0,1
196,8,1,7
196,8,2,2
196,8,3,9
196,8,4,7
196,8,5,3
196,8,6,1
196,9,0,3
196,9,1,3
196,9,2,7
196,9,3,10
196,9,4,4
196,9,5,2
196,9,6,3
196,10,0,2
196,10,1,3
196,10,2,7
196,10,3,2
196,10,4,5
196,10,5,2
196,10,6,1
196,11,0,7
196,11,1,5
196,11,2,4
196,11,3,9
196,11,4,7
196,11,5,5
196,11,6,1
196,12,0,6
196,12,1,6
196,12,2,9
196,12,3,7
196,12,4,7
196,12,5,2
196,12,6,3
196,13,0,3
196,13,1,4
196,13,2,2
196,13,3,5
196,13,4,5
196,13,5,3
196,13,6,2
196,14,0,3
196,14,1,1
196,14,2,3
196,14,3,6
196,14,4,9
196,14,5,1
196,14,6,1
196,15,0,3
196,15,1,2
196,15,2,2
196,15,3,4
196,15,4,8
196,15,5,4
196,15,6,1
196,16,0,2
196,16,1,1
196,16,2,2
196,16,3,1
196,16,4,1
196,16,5,1
196,16,6,2
196,17,0,4
196,17,1,4
196,17,2,1
196,17,3,1
196,17,4,5
196,17,5,3
196,18,0,3
196,18,1,4
196,18,2,3
196,18,3,5
196,18,4,6
196,18,5,2
196,19,1,1
196,19,2,4
196,19,4,1
196,20,1,1
196,20,2,1
196,20,3,1
196,20,4,1
196,20,5,1
196,21,0,1
196,21,4,1
196,21,5,2
196,22,2,1
196,22,4,1
196,23,1,1
196,23,4,1
196,23,6,1
197,0,2,1
197,0,5,1
197,1,3,1
197,2,4,1
197,3,0,2
197,3,1,1
197,3,5,1
197,3,6,1
197,4,0,1
197,4,1,3
197,4,2,2
197,4,4,2
197,4,5,1
197,5,0,1
197,5,1,4
197,5,2,12
197,5,3,6
197,5,4,8
197,5,5,1
197,5,6,1
197,6,0,3
197,6,1,10
197,6,2,8
197,6,3,10
197,6,4,12
197,6,5,1
197,7,0,3
197,7,1,4
197,7,2,8
197,7,3,5
197,7,4,6
197,7,5,2
197,7,6,1
197,8,0,4
197,8,1,7
197,8,2,8
197,8,3,8
197,8,4,7
197,8,5,2
197,8,6,3
197,9,0,1
197,9,1,5
197,9,2,7
197,9,3,8
197,9,4,3
197,9,5,2
197,9,6,3
197,10,0,4
197,10,1,6
197,10,2,7
197,10,3,9
197,10,4,6
197,10,5,2
197,10,6,7
197,11,0,3
197,11,1,8
197,11,2,2
197,11,3,8
197,11,4,2
197,11,5,4
197,11,6,3
197,12,0,6
197,12,1,8
197,12,2,8
197,12,3,15
197,12,4,4
197,12,5,8
197,12,6,2
197,13,0,3
197,13,1,9
197,13,2,6
197,13,3,4
197,13,4,12
197,13,5,1
197,13,6,4
197,14,0,2
197,14,1,5
197,14,2,7
197,14,3,10
197,14,4,7
197,14,5,5
197,14,6,2
197,15,0,28
197,15,1,25
197,15,2,21
197,15,3,26
197,15,4,20
197,15,5,3
197,15,6,1
197,16,0,24
197,16,1,26
197,16,2,29
197,16,3,24
197,16,4,20
197,16,5,4
197,16,6,5
197,17,0,3
197,17,1,4
197,17,2,6
197,17,3,2
197,17,4,3
197,17,5,4
197,17,6,2
197,18,0,2
197,18,1,2
197,18,2,2
197,18,3,1
197,18,4,2
197,18,5,2
197,18,6,1
197,19,0,1
197,19,1,2
197,19,2,4
197,19,3,1
197,19,4,1
197,19,5,6
197,19,6,2
197,20,2,1
197,20,3,2
197,20,4,4
197,20,5,2
197,21,2,1
197,21,3,2
197,21,5,2
197,22,1,1
197,22,4,1
197,23,2,1
197,23,4,1
198,0,0,1
198,0,1,1
198,0,4,1
198,0,5,2
198,0,6,1
198,1,5,1
198,2,0,1
198,2,3,1
198,2,5,1
198,2,6,1
198,3,0,1
198,3,1,1
198,3,2,2
198,3,3,1
198,3,5,1
198,3,6,1
198,4,0,1
198,4,1,1
198,4,3,1
198,4,6,2
198,5,2,1
198,5,3,3
198,5,4,1
198,5,5,2
198,6,0,2
198,6,1,2
198,6,2,5
198,6,3,4
198,6,4,5
198,6,5,2
198,7,0,3
198,7,1,5
198,7,2,6
198,7,3,8
198,7,4,6
198,7,6,1
198,8,0,6
198,8,1,3
198,8,2,6
198,8,3,3
198,8,4,4
198,8,5,1
198,8,6,1
198,9,0,1
198,9,1,7
198,9,2,6
198,9,3,5
198,9,4,3
198,9,5,2
198,10,0,3
198,10,1,4
198,10,2,5
198,10,3,3
198,10,4,5
198,10,5,4
198,10,6,2
198,11,0,2
198,11,1,3
198,11,2,6
198,11,3,7
198,11,4,2
198,11,6,3
198,12,0,1
198,12,1,7
198,12,2,5
198,12,3,4
198,12,4,3
198,12,5,6
198,13,0,1
198,13,1,7
198,13,2,5
198,13,3,4
198,13,4,6
198,13,6,2
198,14,0,2
198,14,1,6
198,14,2,2
198,14,3,5
198,14,4,4
198,14,6,1
198,15,0,2
198,15,1,4
198,15,2,1
198,15,3,4
198,15,4,7
198,15,5,1
198,15,6,1
198,16,0,1
198,16,1,1
198,16,2,5
198,16,3,1
198,16,4,5
198,16,5,2
198,17,0,1
198,17,2,1
198,17,3,1
198,17,4,2
198,17,5,2
198,18,0,1
198,18,2,3
198,18,4,6
198,18,5,2
198,18,6,1
198,19,0,1
198,19,2,1
198,19,4,2
198,20,0,1
198,20,6,2
198,21,5,1
198,22,2,1
198,23,4,1
198,23,5,1
199,14,2,1
199,17,4,1
199,23,2,1
200,0,5,1
200,0,6,1
200,3,0,1
200,3,1,1
200,3,4,1
200,3,5,1
200,5,1,1
200,5,2,2
200,5,3,1
200,5,4,2
200,6,0,1
200,6,1,1
200,6,2,2
200,6,3,5
200,6,4,3
200,7,0,3
200,7,1,6
200,7,2,3
200,7,4,2
200,7,5,1
200,8,0,3
200,8,1,4
200,8,2,4
200,8,3,3
200,8,4,6
200,9,0,3
200,9,1,5
200,9,2,4
200,9,3,2
200,9,4,8
200,9,6,3
200,10,0,7
200,10,1,5
200,10,2,4
200,10,3,5
200,10,4,7
200,10,6,2
200,11,0,3
200,11,1,10
200,11,2,7
200,11,3,3
200,11,4,5
200,11,5,2
200,11,6,1
200,12,0,4
200,12,1,3
200,12,2,1
200,12,3,4
200,12,4,3
200,12,5,1
200,12,6,1
200,13,0,2
200,13,1,2
200,13,2,1
200,13,3,6
200,13,4,3
200,13,5,1
200,14,0,1
200,14,1,3
200,14,2,3
200,14,3,3
200,14,4,4
200,14,5,2
200,15,0,2
200,15,1,2
200,15,2,2
200,15,3,3
200,15,4,1
200,15,5,1
200,15,6,1
200,16,1,2
200,16,3,2
200,16,4,2
200,17,0,2
200,17,1,1
200,17,3,3
200,17,4,1
200,17,5,1
200,18,0,1
200,18,1,1
200,18,2,1
200,18,3,1
200,18,4,4
200,18,5,2
200,19,1,2
200,19,2,1
200,19,3,1
200,19,5,3
200,23,4,1
201,0,3,1
201,3,3,1
201,4,3,1
201,5,0,1
201,5,1,2
201,5,2,1
201,5,3,2
201,5,4,5
201,6,0,1
201,6,1,1
201,6,2,3
201,6,3,1
201,6,6,1
201,7,0,1
201,7,1,3
201,7,2,1
201,7,3,5
201,7,5,3
201,8,0,3
201,8,1,2
201,8,2,5
201,8,3,2
201,8,4,1
201,8,6,1
201,9,0,2
201,9,1,4
201,9,2,4
201,9,3,3
201,9,4,3
201,10,0,2
201,10,1,6
201,10,2,5
201,10,3,5
201,10,4,4
201,10,6,1
201,11,0,1
201,11,1,1
201,11,2,6
201,11,3,3
201,11,4,1
201,11,6,3
201,12,0,1
201,12,1,2
201,12,2,7
201,12,3,1
201,12,4,6
201,12,5,2
201,12,6,2
201,13,0,1
201,13,1,1
201,13,2,2
201,13,3,2
201,13,4,2
201,13,5,1
201,13,6,1
201,14,2,1
201,14,3,1
201,14,4,3
201,14,5,1
201,14,6,1
201,15,0,2
201,15,2,2
201,15,3,1
201,15,4,3
201,15,5,2
201,16,0,2
201,16,1,2
201,16,2,2
201,16,3,3
201,16,4,2
201,16,5,1
201,17,2,1
201,17,3,1
201,17,4,2
201,17,6,1
201,18,1,1
201,18,2,4
201,18,3,2
201,18,4,3
201,19,1,1
201,19,2,1
201,19,3,2
201,19,4,3
201,19,5,5
201,20,0,1
201,20,2,1
201,20,4,1
201,21,1,1
201,21,4,1
201,21,6,1
201,22,5,1
201,23,2,2
201,23,4,3
202,1,3,1
202,3,5,2
202,4,3,1
202,5,1,1
202,5,4,1
202,5,5,1
202,6,0,6
202,6,1,3
202,6,2,4
202,6,3,3
202,6,4,3
202,7,0,7
202,7,1,10
202,7,2,4
202,7,3,6
202,7,4,4
202,7,5,1
202,7,6,2
202,8,0,2
202,8,1,7
202,8,2,9
202,8,3,5
202,8,4,5
202,8,5,2
202,8,6,3
202,9,0,3
202,9,1,2
202,9,3,3
202,9,4,2
202,9,5,1
202,10,1,1
202,10,2,5
202,10,3,3
202,10,4,2
202,10,5,5
202,10,6,1
202,11,0,2
202,11,1,1
202,11,2,2
202,11,3,6
202,11,4,3
202,11,5,3
202,12,0,1
202,12,1,2
202,12,2,1
202,12,3,4
202,12,4,3
202,12,5,4
202,13,0,2
202,13,1,2
202,13,2,1
202,13,3,3
202,13,4,4
202,13,6,2
202,14,0,2
202,14,1,1
202,14,2,3
202,14,3,8
202,14,4,4
202,14,6,1
202,15,0,5
202,15,1,6
202,15,2,6
202,15,3,5
202,15,4,3
202,15,5,2
202,15,6,2
202,16,0,2
202,16,1,1
202,16,2,2
202,16,3,1
202,16,4,2
202,16,5,4
202,17,1,3
202,17,3,2
202,17,4,2
202,18,0,2
202,18,1,2
202,18,2,2
202,18,3,2
202,18,4,6
202,18,5,2
202,18,6,2
202,19,1,2
202,19,2,4
202,19,3,2
202,19,4,2
202,19,5,2
202,19,6,1
202,20,0,1
202,20,1,1
202,20,3,2
202,20,4,3
202,21,0,3
202,21,2,1
202,21,3,2
202,21,4,1
202,21,5,1
202,21,6,1
202,22,1,1
202,22,2,1
202,22,3,1
202,22,4,1
202,22,5,2
202,22,6,1
202,23,1,2
202,23,2,1
202,23,4,2
202,23,6,2
203,0,5,1
203,1,6,1
203,3,1,1
203,4,0,2
203,4,1,1
203,4,3,3
203,4,4,2
203,4,5,1
203,4,6,1
203,5,0,5
203,5,1,9
203,5,2,14
203,5,3,15
203,5,4,10
203,5,6,1
203,6,0,7
203,6,1,7
203,6,2,10
203,6,3,7
203,6,4,7
203,6,5,2
203,7,0,2
203,7,1,6
203,7,2,5
203,7,3,5
203,7,4,5
203,7,5,1
203,7,6,1
203,8,0,5
203,8,1,4
203,8,2,6
203,8,3,6
203,8,4,2
203,8,6,1
203,9,0,2
203,9,1,1
203,9,2,5
203,9,3,3
203,9,4,10
203,9,5,5
203,10,1,1
203,10,2,4
203,10,3,6
203,10,4,1
203,10,5,4
203,10,6,2
203,11,0,2
203,11,1,2
203,11,2,1
203,11,4,3
203,11,5,1
203,11,6,2
203,12,0,1
203,12,1,1
203,12,2,3
203,12,3,5
203,12,4,3
203,12,5,2
203,13,3,1
203,13,4,2
203,13,5,1
203,14,0,1
203,14,2,1
203,14,3,1
203,14,4,2
203,14,5,2
203,15,0,1
203,15,2,3
203,15,3,1
203,15,4,2
203,16,2,2
203,16,4,2
203,16,6,2
203,17,0,5
203,17,1,2
203,17,2,1
203,17,3,2
203,17,4,2
203,17,5,2
203,17,6,1
203,18,0,3
203,18,2,4
203,18,3,3
203,18,4,3
203,18,5,1
203,19,2,3
203,19,3,1
203,19,4,3
203,19,6,1
203,20,1,3
203,20,2,2
203,20,3,1
203,20,4,1
203,20,5,2
203,21,5,1
203,21,6,2
203,22,5,2
205,0,3,1
205,0,5,1
205,2,3,2
205,2,4,1
205,3,0,1
205,3,1,1
205,3,2,2
205,3,3,2
205,3,4,2
205,4,0,1
205,4,1,3
205,4,3,1
205,4,4,2
205,4,5,1
205,4,6,1
205,5,0,9
205,5,1,16
205,5,2,13
205,5,3,14
205,5,4,12
205,5,5,2
205,6,0,8
205,6,1,16
205,6,2,13
205,6,3,17
205,6,4,21
205,6,5,4
205,6,6,5
205,7,0,8
205,7,1,10
205,7,2,11
205,7,3,17
205,7,4,17
205,7,5,4
205,7,6,4
205,8,0,6
205,8,1,8
205,8,2,15
205,8,3,14
205,8,4,18
205,8,5,2
205,8,6,3
205,9,0,8
205,9,1,10
205,9,2,8
205,9,3,8
205,9,4,9
205,9,5,7
205,9,6,5
205,10,0,7
205,10,1,9
205,10,2,10
205,10,3,9
205,10,4,9
205,10,5,4
205,10,6,4
205,11,0,3
205,11,1,8
205,11,2,6
205,11,3,9
205,11,4,14
205,11,5,6
205,11,6,1
205,12,0,3
205,12,1,7
205,12,2,7
205,12,3,5
205,12,4,5
205,12,5,7
205,12,6,3
205,13,0,3
205,13,1,3
205,13,2,1
205,13,3,2
205,13,4,2
205,13,5,5
205,14,0,4
205,14,1,1
205,14,2,3
205,14,3,3
205,14,4,5
205,14,5,9
205,14,6,6
205,15,0,5
205,15,1,18
205,15,2,6
205,15,3,8
205,15,4,16
205,15,5,8
205,15,6,8
205,16,0,3
205,16,1,3
205,16,2,7
205,16,3,7
205,16,4,10
205,16,5,6
205,16,6,1
205,17,1,2
205,17,2,3
205,17,3,1
205,17,4,4
205,17,5,2
205,17,6,5
205,18,0,1
205,18,1,1
205,18,2,2
205,18,3,5
205,18,4,5
205,18,5,4
205,18,6,2
205,19,0,1
205,19,1,6
205,19,3,2
205,19,4,4
205,19,5,2
205,19,6,3
205,20,1,3
205,20,2,1
205,20,3,1
205,20,4,1
205,20,5,1
205,21,3,1
205,21,4,1
205,21,5,1
205,21,6,4
205,22,4,1
205,22,5,1
205,23,2,1
206,1,3,1
206,2,3,1
206,3,3,1
206,9,4,1
206,12,4,2
207,0,1,1
207,0,3,1
207,4,1,1
207,6,1,1
207,7,0,1
207,7,2,3
207,7,3,1
207,8,0,2
207,8,1,1
207,8,3,1
207,8,5,1
207,9,0,3
207,9,2,1
207,9,4,1
207,10,0,1
207,10,1,2
207,10,3,1
207,10,4,1
207,10,5,4
207,11,0,1
207,11,3,1
207,11,4,2
207,11,5,2
207,12,1,1
207,12,3,2
207,12,4,1
207,12,5,1
207,12,6,1
207,13,1,2
207,13,2,3
207,13,3,2
207,13,4,3
207,13,5,2
207,13,6,1
207,14,1,1
207,14,3,1
207,14,4,2
207,14,5,3
207,14,6,1
207,15,0,2
207,15,1,4
207,15,2,4
207,15,5,2
207,15,6,3
207,16,0,1
207,16,1,2
207,16,2,3
207,16,3,1
207,16,5,2
207,16,6,3
207,17,0,3
207,17,1,1
207,17,2,3
207,17,5,2
207,17,6,1
207,18,0,1
207,18,1,1
207,18,2,2
207,18,3,1
207,18,6,1
207,19,1,1
207,19,4,2
207,19,5,1
207,20,0,3
207,20,5,1
207,20,6,1
207,21,0,1
207,21,1,1
207,21,4,2
207,22,6,2
207,23,0,1
207,23,2,2
208,0,6,1
208,1,0,1
208,1,3,1
208,2,3,3
208,4,3,2
208,5,0,1
208,5,1,5
208,5,2,3
208,5,3,3
208,5,4,2
208,5,6,2
208,6,0,7
208,6,1,9
208,6,2,9
208,6,3,7
208,6,4,10
208,6,5,4
208,6,6,1
208,7,0,2
208,7,1,1
208,7,2,5
208,7,3,3
208,7,4,3
208,7,5,1
208,8,1,2
208,8,2,6
208,8,3,5
208,8,4,4
208,8,5,4
208,8,6,1
208,9,0,3
208,9,1,9
208,9,2,8
208,9,3,6
208,9,4,5
208,9,5,1
208,9,6,9
208,10,0,4
208,10,3,2
208,10,4,8
208,10,6,2
208,11,0,2
208,11,1,2
208,11,2,2
208,11,3,2
208,11,4,2
208,12,0,1
208,12,1,1
208,12,2,7
208,12,3,3
208,12,4,7
208,12,5,3
208,12,6,1
208,13,0,3
208,13,1,1
208,13,3,1
208,13,4,3
208,13,5,1
208,14,0,2
208,14,1,2
208,14,3,2
208,14,4,2
208,14,5,3
208,15,0,3
208,15,1,5
208,15,2,7
208,15,3,1
208,16,1,3
208,16,2,1
208,16,4,2
208,16,6,1
208,17,1,2
208,17,4,1
208,17,5,1
208,18,0,1
208,18,3,1
208,18,4,1
208,18,5,1
208,18,6,1
208,19,1,1
208,19,2,3
208,19,3,1
208,19,4,2
208,19,5,1
208,20,0,1
208,20,1,2
208,20,2,3
208,20,3,4
208,20,4,3
208,20,5,1
208,20,6,1
208,21,0,1
208,21,2,1
208,21,4,3
208,22,5,1
208,23,4,1
208,23,5,2
209,0,0,5
209,0,2,9
209,0,3,31
209,0,4,32
209,0,5,48
209,0,6,60
209,1,0,2
209,1,1,3
209,1,2,3
209,1,3,18
209,1,4,8
209,1,5,35
209,1,6,45
209,2,1,1
209,2,3,10
209,2,4,6
209,2,5,25
209,2,6,29
209,3,2,1
209,3,3,8
209,3,4,2
209,3,5,20
209,3,6,12
209,4,2,1
209,4,3,3
209,4,4,1
209,4,5,5
209,4,6,3
209,5,4,2
209,5,5,1
209,5,6,3
209,6,0,2
209,6,1,1
209,6,3,4
209,6,4,3
209,6,5,3
209,6,6,3
209,7,0,7
209,7,1,4
209,7,2,8
209,7,3,6
209,7,4,5
209,8,0,4
209,8,1,4
209,8,2,12
209,8,3,20
209,8,4,12
209,8,5,4
209,8,6,5
209,9,0,7
209,9,1,18
209,9,2,13
209,9,3,24
209,9,4,15
209,9,5,8
209,9,6,4
209,10,0,11
209,10,1,15
209,10,2,15
209,10,3,29
209,10,4,18
209,10,5,15
209,10,6,6
209,11,0,13
209,11,1,21
209,11,2,14
209,11,3,25
209,11,4,18
209,11,5,17
209,11,6,11
209,12,0,13
209,12,1,28
209,12,2,18
209,12,3,30
209,12,4,26
209,12,5,30
209,12,6,23
209,13,0,19
209,13,1,20
209,13,2,31
209,13,3,28
209,13,4,34
209,13,5,25
209,13,6,17
209,14,0,19
209,14,1,26
209,14,2,29
209,14,3,46
209,14,4,22
209,14,5,23
209,14,6,24
209,15,0,22
209,15,1,20
209,15,2,21
209,15,3,41
209,15,4,27
209,15,5,33
209,15,6,25
209,16,0,31
209,16,1,34
209,16,2,37
209,16,3,44
209,16,4,40
209,16,5,30
209,16,6,19
209,17,0,24
209,17,1,30
209,17,2,40
209,17,3,48
209,17,4,40
209,17,5,45
209,17,6,14
209,18,0,17
209,18,1,21
209,18,2,38
209,18,3,44
209,18,4,38
209,18,5,26
209,18,6,18
209,19,0,19
209,19,1,19
209,19,2,37
209,19,3,46
209,19,4,38
209,19,5,32
209,19,6,16
209,20,0,12
209,20,1,37
209,20,2,43
209,20,3,55
209,20,4,53
209,20,5,41
209,20,6,20
209,21,0,25
209,21,1,23
209,21,2,44
209,21,3,61
209,21,4,45
209,21,5,56
209,21,6,16
209,22,0,5
209,22,1,17
209,22,2,25
209,22,3,41
209,22,4,47
209,22,5,54
209,22,6,14
209,23,0,8
209,23,1,12
209,23,2,15
209,23,3,23
209,23,4,43
209,23,5,48
209,23,6,10
210,0,4,1
210,1,3,1
210,3,2,2
210,3,3,2
210,3,4,2
210,3,5,2
210,4,0,1
210,4,1,1
210,4,2,3
210,4,3,4
210,4,4,2
210,4,5,2
210,5,0,2
210,5,1,4
210,5,2,3
210,5,3,8
210,5,4,3
210,5,5,1
210,6,0,3
210,6,1,4
210,6,2,5
210,6,3,2
210,6,4,8
210,6,5,1
210,7,0,4
210,7,1,8
210,7,2,9
210,7,3,14
210,7,4,20
210,7,5,8
210,7,6,4
210,8,0,6
210,8,1,6
210,8,2,9
210,8,3,9
210,8,4,12
210,8,6,5
210,9,0,11
210,9,1,6
210,9,2,11
210,9,3,14
210,9,4,12
210,9,5,6
210,9,6,7
210,10,0,14
210,10,1,13
210,10,2,11
210,10,3,11
210,10,4,9
210,10,5,4
210,10,6,9
210,11,0,6
210,11,1,12
210,11,2,14
210,11,3,9
210,11,4,11
210,11,5,7
210,11,6,6
210,12,0,6
210,12,1,10
210,12,2,11
210,12,3,18
210,12,4,18
210,12,5,4
210,12,6,2
210,13,0,5
210,13,1,7
210,13,2,8
210,13,3,13
210,13,4,12
210,13,5,6
210,13,6,4
210,14,0,7
210,14,1,9
210,14,2,7
210,14,3,12
210,14,4,10
210,14,5,5
210,15,0,2
210,15,1,5
210,15,2,1
210,15,3,10
210,15,4,2
210,15,5,2
210,15,6,1
210,16,0,1
210,16,1,2
210,16,2,9
210,16,3,4
210,16,4,4
210,16,6,2
210,17,0,1
210,17,1,2
210,17,2,2
210,17,3,4
210,17,4,4
210,17,6,1
210,18,0,4
210,18,1,2
210,18,2,2
210,18,3,3
210,18,4,2
210,18,5,3
210,19,0,2
210,19,1,2
210,19,2,1
210,19,5,2
210,20,3,1
210,20,4,2
210,20,5,1
210,21,1,1
210,21,3,1
210,21,4,2
210,21,5,1
210,22,4,1
210,22,6,2
211,0,0,15
211,0,1,13
211,0,2,17
211,0,3,84
211,0,4,141
211,0,5,222
211,0,6,186
211,1,0,5
211,1,1,3
211,1,2,11
211,1,3,31
211,1,4,74
211,1,5,207
211,1,6,174
211,2,0,4
211,2,1,1
211,2,2,4
211,2,3,40
211,2,4,30
211,2,5,140
211,2,6,117
211,3,2,2
211,3,3,28
211,3,4,9
211,3,5,92
211,3,6,50
211,4,0,1
211,4,2,3
211,4,3,14
211,4,4,5
211,4,5,26
211,4,6,31
211,5,0,1
211,5,1,1
211,5,2,2
211,5,3,6
211,5,4,5
211,5,5,6
211,5,6,5
211,6,1,6
211,6,2,7
211,6,3,6
211,6,4,5
211,6,5,7
211,6,6,2
211,7,0,8
211,7,1,12
211,7,2,24
211,7,3,21
211,7,4,20
211,7,5,12
211,7,6,3
211,8,0,21
211,8,1,29
211,8,2,35
211,8,3,38
211,8,4,38
211,8,5,25
211,8,6,6
211,9,0,36
211,9,1,46
211,9,2,57
211,9,3,61
211,9,4,59
211,9,5,32
211,9,6,11
211,10,0,39
211,10,1,50
211,10,2,62
211,10,3,78
211,10,4,63
211,10,5,85
211,10,6,26
211,11,0,41
211,11,1,56
211,11,2,70
211,11,3,83
211,11,4,105
211,11,5,130
211,11,6,48
211,12,0,73
211,12,1,71
211,12,2,79
211,12,3,102
211,12,4,126
211,12,5,199
211,12,6,121
211,13,0,82
211,13,1,95
211,13,2,109
211,13,3,148
211,13,4,156
211,13,5,271
211,13,6,140
211,14,0,97
211,14,1,96
211,14,2,119
211,14,3,168
211,14,4,168
211,14,5,289
211,14,6,151
211,15,0,129
211,15,1,117
211,15,2,129
211,15,3,183
211,15,4,220
211,15,5,319
211,15,6,160
211,16,0,138
211,16,1,111
211,16,2,141
211,16,3,172
211,16,4,237
211,16,5,352
211,16,6,174
211,17,0,151
211,17,1,138
211,17,2,150
211,17,3,228
211,17,4,266
211,17,5,349
211,17,6,173
211,18,0,132
211,18,1,133
211,18,2,150
211,18,3,237
211,18,4,252
211,18,5,281
211,18,6,136
211,19,0,106
211,19,1,129
211,19,2,154
211,19,3,199
211,19,4,225
211,19,5,253
211,19,6,83
211,20,0,87
211,20,1,118
211,20,2,140
211,20,3,157
211,20,4,206
211,20,5,187
211,20,6,68
211,21,0,75
211,21,1,133
211,21,2,146
211,21,3,174
211,21,4,187
211,21,5,172
211,21,6,55
211,22,0,51
211,22,1,99
211,22,2,133
211,22,3,182
211,22,4,192
211,22,5,197
211,22,6,49
211,23,0,33
211,23,1,46
211,23,2,82
211,23,3,153
211,23,4,225
211,23,5,203
211,23,6,37
212,0,3,1
212,2,1,1
212,2,3,2
212,2,4,1
212,3,1,2
212,3,4,1
212,4,0,2
212,4,1,2
212,4,3,5
212,4,4,2
212,5,1,2
212,5,2,1
212,5,3,2
212,5,4,2
212,5,6,1
212,6,0,4
212,6,1,3
212,6,2,3
212,6,3,3
212,6,4,4
212,6,5,1
212,7,0,5
212,7,1,5
212,7,2,5
212,7,3,5
212,7,4,3
212,7,5,2
212,8,0,2
212,8,1,9
212,8,2,8
212,8,3,9
212,8,4,7
212,8,5,2
212,8,6,1
212,9,0,5
212,9,1,6
212,9,2,4
212,9,3,6
212,9,4,5
212,9,5,4
212,10,0,1
212,10,1,5
212,10,2,2
212,10,3,6
212,10,4,4
212,10,5,2
212,10,6,3
212,11,0,3
212,11,1,3
212,11,2,5
212,11,3,2
212,11,4,6
212,11,5,3
212,11,6,3
212,12,0,1
212,12,2,4
212,12,3,6
212,12,4,2
212,12,5,3
212,13,0,3
212,13,1,5
212,13,2,3
212,13,3,4
212,13,4,1
212,13,5,4
212,13,6,2
212,14,1,1
212,14,2,2
212,14,3,4
212,14,5,2
212,14,6,1
212,15,0,3
212,15,1,3
212,15,2,2
212,15,3,2
212,15,4,1
212,15,6,2
212,16,0,1
212,16,2,3
212,16,3,1
212,16,4,2
212,16,5,2
212,16,6,1
212,17,0,1
212,17,1,2
212,17,3,1
212,17,5,1
212,17,6,1
212,18,1,3
212,18,2,2
212,18,3,1
212,18,4,2
212,18,5,2
212,18,6,3
212,19,1,2
212,19,3,5
212,19,4,3
212,20,0,1
212,20,1,1
212,20,3,1
212,20,4,1
212,21,3,1
212,21,4,2
212,21,5,1
212,21,6,1
212,22,3,2
212,22,4,2
212,22,5,3
213,0,5,1
213,0,6,1
213,1,3,3
213,1,5,3
213,2,3,1
213,3,2,1
213,3,4,1
213,4,0,1
213,4,1,8
213,4,2,3
213,4,3,1
213,4,4,2
213,4,5,1
213,5,0,6
213,5,1,13
213,5,2,8
213,5,3,9
213,5,4,11
213,5,5,2
213,6,0,11
213,6,1,18
213,6,2,25
213,6,3,19
213,6,4,28
213,6,5,3
213,6,6,2
213,7,0,12
213,7,1,19
213,7,2,18
213,7,3,20
213,7,4,18
213,7,5,8
213,7,6,5
213,8,0,9
213,8,1,11
213,8,2,23
213,8,3,15
213,8,4,18
213,8,5,7
213,8,6,13
213,9,0,6
213,9,1,14
213,9,2,14
213,9,3,26
213,9,4,13
213,9,5,11
213,9,6,5
213,10,0,6
213,10,1,13
213,10,2,10
213,10,3,12
213,10,4,8
213,10,5,13
213,10,6,10
213,11,0,8
213,11,1,17
213,11,2,12
213,11,3,11
213,11,4,8
213,11,5,7
213,11,6,6
213,12,0,12
213,12,1,5
213,12,2,8
213,12,3,8
213,12,4,10
213,12,5,1
213,12,6,3
213,13,0,1
213,13,1,8
213,13,2,1
213,13,3,11
213,13,4,13
213,13,5,7
213,13,6,4
213,14,0,1
213,14,1,1
213,14,2,7
213,14,3,7
213,14,4,5
213,14,5,3
213,14,6,2
213,15,0,9
213,15,1,8
213,15,2,3
213,15,3,6
213,15,4,4
213,15,5,5
213,15,6,1
213,16,0,1
213,16,1,2
213,16,2,1
213,16,3,4
213,16,4,3
213,16,5,4
213,16,6,3
213,17,0,2
213,17,1,2
213,17,2,6
213,17,3,3
213,17,4,1
213,17,5,2
213,17,6,1
213,18,0,1
213,18,1,3
213,18,2,1
213,18,3,2
213,18,4,8
213,18,6,1
213,19,0,3
213,19,1,1
213,19,2,2
213,19,3,1
213,19,4,2
213,19,5,2
213,19,6,1
213,20,0,2
213,20,1,1
213,20,2,1
213,20,3,1
213,20,4,2
213,20,5,2
213,21,0,1
213,21,1,2
213,21,2,2
213,21,3,3
213,21,4,1
213,21,5,2
213,22,2,1
213,22,3,1
213,22,4,2
213,22,5,3
213,23,0,2
213,23,3,1
213,23,6,1
214,4,6,1
214,7,4,1
214,14,3,1
214,15,2,1
214,15,3,1
214,17,0,1
215,0,0,2
215,0,2,1
215,0,3,4
215,0,4,1
215,0,6,2
215,1,3,2
215,1,6,2
215,3,0,1
215,3,3,2
215,4,0,2
215,4,1,2
215,4,2,8
215,4,3,4
215,4,4,4
215,4,5,4
215,5,0,1
215,5,1,11
215,5,2,2
215,5,3,8
215,5,4,10
215,5,5,5
215,5,6,1
215,6,0,9
215,6,1,10
215,6,2,11
215,6,3,16
215,6,4,11
215,6,5,2
215,7,0,5
215,7,1,9
215,7,2,17
215,7,3,10
215,7,4,10
215,7,5,6
215,7,6,3
215,8,0,4
215,8,1,4
215,8,2,9
215,8,3,14
215,8,4,14
215,8,5,7
215,8,6,4
215,9,0,4
215,9,1,12
215,9,2,12
215,9,3,11
215,9,4,10
215,9,5,5
215,9,6,13
215,10,0,5
215,10,1,8
215,10,2,3
215,10,3,7
215,10,4,7
215,10,5,6
215,10,6,8
215,11,0,7
215,11,1,6
215,11,2,6
215,11,3,9
215,11,4,6
215,11,5,3
215,11,6,8
215,12,0,4
215,12,1,7
215,12,2,5
215,12,3,7
215,12,4,12
215,12,5,4
215,12,6,9
215,13,0,5
215,13,1,5
215,13,2,7
215,13,3,3
215,13,4,5
215,13,5,4
215,13,6,10
215,14,0,4
215,14,1,3
215,14,2,1
215,14,3,4
215,14,4,6
215,14,5,7
215,14,6,3
215,15,0,4
215,15,1,1
215,15,2,5
215,15,3,3
215,15,4,2
215,15,5,1
215,15,6,5
215,16,0,6
215,16,1,6
215,16,2,5
215,16,3,7
215,16,4,9
215,16,5,2
215,16,6,2
215,17,0,4
215,17,2,1
215,17,3,4
215,17,4,2
215,17,5,2
215,17,6,4
215,18,0,3
215,18,1,3
215,18,2,8
215,18,3,1
215,18,4,4
215,18,5,7
215,19,0,3
215,19,1,5
215,19,2,7
215,19,3,5
215,19,4,6
215,19,5,5
215,19,6,2
215,20,0,1
215,20,1,4
215,20,2,4
215,20,3,2
215,20,4,5
215,20,5,6
215,20,6,1
215,21,2,3
215,21,3,1
215,21,4,4
215,21,5,1
215,21,6,4
215,22,0,2
215,22,2,2
215,22,3,3
215,22,4,2
215,22,5,2
215,22,6,1
215,23,0,6
215,23,1,1
215,23,2,3
215,23,3,4
215,23,4,3
215,23,6,3
216,0,0,1
216,0,2,2
216,0,4,2
216,0,6,1
216,1,0,1
216,1,1,2
216,1,3,5
216,1,4,2
216,1,5,1
216,1,6,1
216,2,3,2
216,2,5,1
216,2,6,1
216,3,1,1
216,3,2,4
216,3,3,3
216,3,6,1
216,4,0,4
216,4,1,3
216,4,2,2
216,4,3,6
216,4,4,4
216,4,5,5
216,4,6,4
216,5,0,8
216,5,1,11
216,5,2,9
216,5,3,14
216,5,4,14
216,5,5,3
216,5,6,3
216,6,0,10
216,6,1,9
216,6,2,6
216,6,3,10
216,6,4,10
216,6,5,2
216,6,6,4
216,7,0,7
216,7,1,9
216,7,2,12
216,7,3,9
216,7,4,10
216,7,5,6
216,7,6,3
216,8,0,9
216,8,1,10
216,8,2,14
216,8,3,12
216,8,4,12
216,8,5,3
216,8,6,4
216,9,0,6
216,9,1,8
216,9,2,13
216,9,3,8
216,9,4,4
216,9,5,10
216,9,6,4
216,10,0,4
216,10,1,6
216,10,2,5
216,10,3,7
216,10,4,6
216,10,5,4
216,10,6,5
216,11,0,3
216,11,1,2
216,11,2,4
216,11,3,5
216,11,4,10
216,11,5,2
216,11,6,3
216,12,0,6
216,12,1,9
216,12,2,7
216,12,3,12
216,12,4,12
216,12,5,12
216,12,6,2
216,13,0,8
216,13,1,13
216,13,2,8
216,13,3,17
216,13,4,13
216,13,5,11
216,13,6,3
216,14,0,10
216,14,1,5
216,14,2,2
216,14,3,6
216,14,4,11
216,14,5,8
216,14,6,12
216,15,0,7
216,15,1,13
216,15,2,10
216,15,3,10
216,15,4,15
216,15,5,6
216,15,6,10
216,16,0,6
216,16,1,14
216,16,2,8
216,16,3,14
216,16,4,16
216,16,5,13
216,16,6,7
216,17,0,9
216,17,1,8
216,17,2,6
216,17,3,4
216,17,4,20
216,17,5,8
216,17,6,8
216,18,0,10
216,18,1,4
216,18,2,6
216,18,3,9
216,18,4,13
216,18,5,10
216,18,6,4
216,19,0,2
216,19,1,4
216,19,2,6
216,19,3,10
216,19,4,8
216,19,5,8
216,19,6,3
216,20,0,1
216,20,1,3
216,20,2,2
216,20,3,5
216,20,4,4
216,20,5,2
216,20,6,3
216,21,0,1
216,21,1,4
216,21,2,1
216,21,3,1
216,21,4,6
216,21,5,8
216,21,6,1
216,22,1,4
216,22,2,1
216,22,3,2
216,22,4,4
216,22,5,7
216,22,6,5
216,23,1,1
216,23,2,2
216,23,3,3
216,23,4,1
216,23,5,6
216,23,6,1
217,0,0,3
217,0,2,1
217,0,4,2
217,1,4,1
217,2,3,2
217,2,6,2
217,3,6,1
217,4,1,1
217,4,3,1
217,4,6,1
217,5,0,1
217,5,1,1
217,5,2,1
217,5,3,1
217,5,4,1
217,6,1,4
217,6,2,3
217,6,3,2
217,6,4,4
217,6,6,2
217,7,0,4
217,7,1,5
217,7,2,6
217,7,3,3
217,7,4,7
217,8,1,6
217,8,2,4
217,8,3,2
217,8,4,2
217,8,5,1
217,8,6,1
217,9,0,1
217,9,1,4
217,9,2,5
217,9,3,4
217,9,4,5
217,9,5,4
217,9,6,5
217,10,0,7
217,10,1,4
217,10,2,2
217,10,3,3
217,10,4,3
217,10,5,1
217,10,6,2
217,11,0,1
217,11,1,2
217,11,2,1
217,11,3,3
217,11,4,1
217,11,5,1
217,11,6,2
217,12,0,2
217,12,1,3
217,12,2,1
217,12,3,2
217,12,4,1
217,12,5,1
217,12,6,2
217,13,0,1
217,13,1,4
217,13,2,3
217,13,3,6
217,13,4,1
217,13,5,2
217,13,6,1
217,14,2,4
217,14,3,8
217,14,4,2
217,15,0,1
217,15,3,1
217,15,5,1
217,16,0,1
217,16,1,1
217,16,2,4
217,16,3,1
217,16,4,1
217,16,5,1
217,16,6,2
217,17,0,2
217,17,1,3
217,17,2,4
217,17,4,2
217,17,5,1
217,18,1,3
217,18,2,6
217,18,3,2
217,18,4,2
217,18,6,1
217,19,0,1
217,19,1,2
217,19,2,1
217,19,3,1
217,19,5,2
217,20,0,2
217,20,1,1
217,20,3,1
217,20,4,1
217,21,1,1
217,21,5,1
217,21,6,1
217,22,0,1
217,22,3,2
217,22,6,1
217,23,2,1
217,23,3,2
217,23,5,1
217,23,6,1
218,0,2,1
218,0,3,1
218,0,6,3
218,1,1,1
218,1,6,2
218,2,0,1
218,2,1,1
218,2,6,2
218,3,0,1
218,3,2,1
218,3,5,1
218,4,0,3
218,4,1,7
218,4,2,8
218,4,3,11
218,4,4,7
218,4,5,2
218,4,6,1
218,5,0,6
218,5,1,7
218,5,2,8
218,5,3,12
218,5,4,8
218,5,5,1
218,5,6,2
218,6,0,6
218,6,1,21
218,6,2,22
218,6,3,15
218,6,4,18
218,6,5,1
218,6,6,3
218,7,0,8
218,7,1,12
218,7,2,14
218,7,3,11
218,7,4,10
218,7,5,9
218,7,6,3
218,8,0,9
218,8,1,10
218,8,2,13
218,8,3,18
218,8,4,15
218,8,5,2
218,8,6,7
218,9,0,6
218,9,1,1
218,9,2,9
218,9,3,10
218,9,4,7
218,9,5,3
218,9,6,5
218,10,0,1
218,10,1,5
218,10,2,5
218,10,3,10
218,10,4,9
218,10,5,4
218,10,6,6
218,11,0,4
218,11,1,8
218,11,2,5
218,11,3,7
218,11,4,6
218,11,5,7
218,11,6,6
218,12,0,1
218,12,1,5
218,12,2,3
218,12,3,5
218,12,4,8
218,12,5,6
218,12,6,2
218,13,0,2
218,13,1,3
218,13,2,6
218,13,3,8
218,13,4,8
218,13,5,3
218,13,6,3
218,14,0,2
218,14,1,2
218,14,2,4
218,14,3,1
218,14,4,9
218,14,5,4
218,15,1,4
218,15,2,2
218,15,3,5
218,15,4,5
218,15,5,4
218,15,6,1
218,16,0,3
218,16,1,6
218,16,2,2
218,16,3,2
218,16,4,7
218,16,5,3
218,16,6,1
218,17,0,1
218,17,1,1
218,17,2,1
218,17,3,3
218,17,4,3
218,17,5,1
218,18,1,3
218,18,3,1
218,18,4,1
218,18,5,2
218,18,6,4
218,19,0,1
218,19,2,1
218,19,3,1
218,19,4,1
218,19,5,1
218,19,6,3
218,20,0,1
218,20,2,6
218,20,3,1
218,20,5,2
218,21,0,1
218,21,1,4
218,21,2,3
218,21,3,3
218,21,5,3
218,21,6,2
218,22,3,1
218,22,4,2
218,22,5,2
218,22,6,1
218,23,3,1
219,0,0,3
219,0,1,1
219,0,3,1
219,0,4,5
219,0,5,2
219,0,6,1
219,1,0,1
219,1,1,1
219,1,4,2
219,2,0,2
219,2,1,2
219,2,2,1
219,2,5,2
219,3,0,2
219,3,1,5
219,3,2,3
219,3,3,2
219,3,4,2
219,4,0,2
219,4,1,1
219,4,2,2
219,4,3,1
219,4,4,3
219,4,5,2
219,5,0,4
219,5,1,6
219,5,2,8
219,5,3,8
219,5,4,7
219,5,6,1
219,6,0,6
219,6,1,5
219,6,2,4
219,6,3,6
219,6,4,5
219,6,5,3
219,6,6,1
219,7,0,9
219,7,1,7
219,7,2,6
219,7,3,10
219,7,4,6
219,7,5,6
219,7,6,2
219,8,0,1
219,8,1,4
219,8,2,6
219,8,3,11
219,8,4,6
219,8,5,5
219,8,6,3
219,9,0,4
219,9,1,7
219,9,2,5
219,9,3,6
219,9,4,6
219,9,5,4
219,9,6,7
219,10,0,2
219,10,1,5
219,10,2,1
219,10,3,5
219,10,4,1
219,10,5,3
219,10,6,2
219,11,0,1
219,11,1,4
219,11,2,6
219,11,3,7
219,11,4,5
219,11,5,1
219,11,6,4
219,12,0,1
219,12,1,3
219,12,2,5
219,12,3,2
219,12,4,3
219,12,5,7
219,12,6,7
219,13,1,4
219,13,2,1
219,13,3,5
219,13,4,5
219,13,5,5
219,13,6,6
219,14,0,2
219,14,1,1
219,14,2,2
219,14,3,4
219,14,4,1
219,14,5,2
219,14,6,2
219,15,0,3
219,15,1,3
219,15,2,4
219,15,3,7
219,15,4,6
219,15,5,1
219,16,0,4
219,16,1,3
219,16,2,2
219,16,3,5
219,16,4,1
219,16,5,6
219,16,6,3
219,17,0,1
219,17,1,2
219,17,2,2
219,17,3,5
219,17,4,4
219,17,5,1
219,17,6,2
219,18,0,4
219,18,1,2
219,18,2,4
219,18,3,2
219,18,4,4
219,18,5,8
219,18,6,5
219,19,0,1
219,19,1,2
219,19,2,2
219,19,3,4
219,19,4,6
219,19,5,2
219,19,6,4
219,20,0,6
219,20,1,2
219,20,3,5
219,20,4,4
219,20,5,3
219,20,6,2
219,21,0,3
219,21,1,1
219,21,2,6
219,21,3,3
219,21,4,3
219,21,5,1
219,21,6,6
219,22,1,2
219,22,2,1
219,22,3,8
219,22,4,2
219,22,5,1
219,22,6,1
219,23,0,1
219,23,1,2
219,23,2,3
219,23,3,4
219,23,4,3
220,0,4,1
220,4,4,1
220,5,0,2
220,5,1,1
220,5,2,1
220,5,3,5
220,5,4,3
220,5,5,3
220,6,0,4
220,6,1,2
220,6,2,3
220,6,3,6
220,6,4,7
220,6,5,3
220,7,0,2
220,7,1,9
220,7,2,12
220,7,3,10
220,7,4,15
220,7,5,7
220,7,6,3
220,8,0,10
220,8,1,6
220,8,2,4
220,8,3,5
220,8,4,7
220,8,5,2
220,8,6,5
220,9,0,7
220,9,1,3
220,9,2,6
220,9,3,6
220,9,4,11
220,9,5,2
220,9,6,2
220,10,0,1
220,10,1,3
220,10,2,4
220,10,3,8
220,10,4,4
220,10,5,2
220,10,6,1
220,11,0,6
220,11,1,7
220,11,2,7
220,11,3,5
220,11,4,5
220,11,5,3
220,11,6,2
220,12,0,6
220,12,1,4
220,12,2,4
220,12,3,3
220,12,4,8
220,12,5,2
220,12,6,1
220,13,0,3
220,13,1,6
220,13,2,3
220,13,3,7
220,13,4,3
220,13,5,2
220,13,6,1
220,14,0,5
220,14,1,3
220,14,2,4
220,14,3,3
220,14,4,4
220,14,5,6
220,14,6,1
220,15,0,5
220,15,1,3
220,15,2,5
220,15,3,5
220,15,4,4
220,15,5,2
220,15,6,2
220,16,0,2
220,16,1,3
220,16,2,2
220,16,3,4
220,16,4,3
220,16,5,3
220,16,6,2
220,17,0,3
220,17,1,2
220,17,3,5
220,17,4,2
220,17,5,3
220,17,6,2
220,18,0,1
220,18,2,1
220,18,3,2
220,18,4,1
220,18,5,2
220,19,4,1
220,19,5,1
220,19,6,2
220,20,0,1
220,20,3,1
220,20,4,1
220,20,5,2
220,20,6,2
220,21,1,1
220,21,2,3
220,21,3,2
220,21,4,2
220,21,5,1
220,21,6,1
220,22,2,2
220,22,6,1
220,23,3,1
220,23,6,1
221,1,3,1
221,3,4,2
221,9,5,1
221,10,6,1
222,0,3,3
222,1,3,5
222,2,0,1
222,2,3,1
222,3,0,1
222,3,1,1
222,3,3,1
222,3,4,1
222,3,5,1
222,4,0,2
222,4,2,3
222,4,3,3
222,4,4,5
222,5,0,4
222,5,1,4
222,5,2,10
222,5,3,3
222,5,4,4
222,5,6,1
222,6,0,9
222,6,1,13
222,6,2,13
222,6,3,9
222,6,4,14
222,6,6,2
222,7,0,7
222,7,1,14
222,7,2,10
222,7,3,17
222,7,4,13
222,7,5,4
222,7,6,6
222,8,0,5
222,8,1,14
222,8,2,13
222,8,3,16
222,8,4,17
222,8,5,11
222,8,6,4
222,9,0,4
222,9,1,14
222,9,2,23
222,9,3,20
222,9,4,17
222,9,5,13
222,9,6,6
222,10,0,7
222,10,1,12
222,10,2,11
222,10,3,24
222,10,4,18
222,10,5,14
222,10,6,8
222,11,0,7
222,11,1,7
222,11,2,9
222,11,3,11
222,11,4,24
222,11,5,11
222,11,6,12
222,12,0,5
222,12,1,6
222,12,2,12
222,12,3,14
222,12,4,11
222,12,5,4
222,12,6,31
222,13,0,5
222,13,1,8
222,13,2,8
222,13,3,20
222,13,4,9
222,13,5,5
222,13,6,7
222,14,0,4
222,14,1,7
222,14,2,5
222,14,3,7
222,14,4,15
222,14,5,8
222,15,0,4
222,15,1,7
222,15,2,5
222,15,3,3
222,15,4,6
222,15,5,2
222,16,0,3
222,16,1,1
222,16,2,4
222,16,3,4
222,16,4,4
222,16,5,2
222,16,6,2
222,17,0,9
222,17,1,3
222,17,2,2
222,17,3,3
222,17,4,4
222,17,5,2
222,17,6,3
222,18,0,1
222,18,1,1
222,18,2,2
222,18,3,5
222,18,4,4
222,18,6,1
222,19,0,1
222,19,1,1
222,19,2,2
222,19,3,1
222,19,4,4
222,19,5,2
222,20,0,1
222,20,1,3
222,20,2,2
222,20,4,3
222,20,5,2
222,21,1,1
222,21,2,2
222,21,3,1
222,21,4,2
222,22,3,1
222,22,6,2
222,23,5,1
223,0,0,6
223,0,1,3
223,0,2,3
223,0,3,2
223,0,4,2
223,0,5,1
223,1,0,1
223,1,1,3
223,1,4,3
223,1,5,2
223,1,6,1
223,2,0,1
223,2,3,2
223,2,6,2
223,3,4,3
223,3,5,2
223,4,3,1
223,4,5,2
223,5,1,1
223,5,2,1
223,5,3,1
223,5,4,1
223,5,5,1
223,5,6,2
223,6,0,2
223,6,1,2
223,6,2,8
223,6,3,6
223,6,4,3
223,6,6,1
223,7,0,4
223,7,1,4
223,7,2,4
223,7,3,6
223,7,4,10
223,7,5,3
223,7,6,4
223,8,0,3
223,8,1,9
223,8,2,7
223,8,3,7
223,8,4,5
223,8,5,5
223,9,0,3
223,9,1,8
223,9,2,7
223,9,3,9
223,9,4,4
223,9,5,6
223,9,6,5
223,10,0,5
223,10,1,7
223,10,2,5
223,10,3,6
223,10,4,4
223,10,5,9
223,10,6,1
223,11,0,2
223,11,1,6
223,11,2,11
223,11,3,8
223,11,4,9
223,11,5,4
223,11,6,1
223,12,0,7
223,12,1,12
223,12,2,5
223,12,3,6
223,12,4,5
223,12,5,2
223,12,6,4
223,13,0,3
223,13,1,1
223,13,2,6
223,13,3,12
223,13,4,6
223,13,5,7
223,13,6,3
223,14,0,6
223,14,1,6
223,14,2,5
223,14,3,5
223,14,4,15
223,14,5,1
223,14,6,2
223,15,0,9
223,15,1,10
223,15,2,4
223,15,3,7
223,15,4,6
223,15,5,5
223,15,6,4
223,16,0,8
223,16,1,5
223,16,2,3
223,16,3,3
223,16,4,11
223,16,5,8
223,16,6,5
223,17,0,4
223,17,1,5
223,17,2,4
223,17,3,4
223,17,4,6
223,17,5,8
223,17,6,7
223,18,0,4
223,18,1,2
223,18,2,2
223,18,3,11
223,18,4,8
223,18,5,9
223,18,6,4
223,19,0,2
223,19,1,5
223,19,2,5
223,19,3,3
223,19,4,3
223,19,5,2
223,19,6,1
223,20,0,3
223,20,1,2
223,20,2,4
223,20,3,6
223,20,4,2
223,20,5,3
223,20,6,5
223,21,0,4
223,21,1,2
223,21,2,1
223,21,3,2
223,21,4,1
223,21,5,4
223,21,6,3
223,22,0,6
223,22,1,4
223,22,3,4
223,22,4,3
223,22,5,2
223,22,6,4
223,23,0,5
223,23,1,3
223,23,2,4
223,23,3,1
223,23,4,3
223,23,5,2
223,23,6,1
224,0,0,2
224,0,1,4
224,0,2,7
224,0,3,12
224,0,4,5
224,0,5,24
224,0,6,18
224,1,0,2
224,1,1,1
224,1,2,7
224,1,3,18
224,1,4,8
224,1,5,19
224,1,6,14
224,2,0,2
224,2,1,2
224,2,3,16
224,2,4,3
224,2,5,16
224,2,6,21
224,3,0,1
224,3,1,1
224,3,2,1
224,3,3,9
224,3,4,3
224,3,5,10
224,3,6,5
224,4,0,3
224,4,1,3
224,4,2,3
224,4,3,6
224,4,4,4
224,4,5,3
224,5,0,4
224,5,1,7
224,5,2,1
224,5,3,3
224,5,4,6
224,5,5,4
224,5,6,1
224,6,0,2
224,6,1,3
224,6,2,4
224,6,3,11
224,6,4,8
224,6,5,5
224,6,6,1
224,7,0,10
224,7,1,13
224,7,2,16
224,7,3,13
224,7,4,19
224,7,5,7
224,7,6,5
224,8,0,13
224,8,1,20
224,8,2,18
224,8,3,22
224,8,4,26
224,8,5,15
224,8,6,5
224,9,0,18
224,9,1,21
224,9,2,20
224,9,3,26
224,9,4,26
224,9,5,21
224,9,6,11
224,10,0,11
224,10,1,22
224,10,2,18
224,10,3,31
224,10,4,27
224,10,5,27
224,10,6,11
224,11,0,11
224,11,1,23
224,11,2,24
224,11,3,29
224,11,4,24
224,11,5,45
224,11,6,15
224,12,0,8
224,12,1,19
224,12,2,25
224,12,3,24
224,12,4,28
224,12,5,33
224,12,6,18
224,13,0,14
224,13,1,10
224,13,2,18
224,13,3,23
224,13,4,23
224,13,5,21
224,13,6,11
224,14,0,12
224,14,1,8
224,14,2,9
224,14,3,20
224,14,4,13
224,14,5,18
224,14,6,11
224,15,0,8
224,15,1,10
224,15,2,18
224,15,3,15
224,15,4,20
224,15,5,21
224,15,6,12
224,16,0,6
224,16,1,19
224,16,2,18
224,16,3,29
224,16,4,19
224,16,5,29
224,16,6,14
224,17,0,5
224,17,1,11
224,17,2,14
224,17,3,17
224,17,4,22
224,17,5,45
224,17,6,15
224,18,0,8
224,18,1,8
224,18,2,29
224,18,3,38
224,18,4,25
224,18,5,35
224,18,6,12
224,19,0,10
224,19,1,16
224,19,2,15
224,19,3,20
224,19,4,28
224,19,5,24
224,19,6,11
224,20,0,9
224,20,1,9
224,20,2,6
224,20,3,19
224,20,4,31
224,20,5,17
224,20,6,8
224,21,0,3
224,21,1,12
224,21,2,13
224,21,3,18
224,21,4,23
224,21,5,16
224,21,6,5
224,22,0,6
224,22,1,7
224,22,2,12
224,22,3,13
224,22,4,18
224,22,5,18
224,22,6,5
224,23,0,2
224,23,1,3
224,23,3,12
224,23,4,33
224,23,5,28
224,23,6,8
225,0,1,1
225,0,3,10
225,0,4,1
225,0,6,2
225,1,3,2
225,1,5,1
225,2,3,1
225,3,1,1
225,3,3,4
225,3,4,1
225,3,5,4
225,4,1,4
225,4,2,3
225,4,3,3
225,4,4,3
225,4,5,2
225,4,6,1
225,5,0,5
225,5,1,6
225,5,2,6
225,5,3,12
225,5,4,3
225,5,5,1
225,5,6,1
225,6,0,8
225,6,1,18
225,6,2,17
225,6,3,18
225,6,4,16
225,6,5,1
225,6,6,3
225,7,0,17
225,7,1,15
225,7,2,30
225,7,3,23
225,7,4,28
225,7,5,7
225,7,6,2
225,8,0,15
225,8,1,14
225,8,2,17
225,8,3,25
225,8,4,21
225,8,5,12
225,8,6,11
225,9,0,14
225,9,1,28
225,9,2,14
225,9,3,25
225,9,4,28
225,9,5,14
225,9,6,8
225,10,0,9
225,10,1,23
225,10,2,22
225,10,3,28
225,10,4,28
225,10,5,12
225,10,6,9
225,11,0,12
225,11,1,16
225,11,2,17
225,11,3,24
225,11,4,17
225,11,5,11
225,11,6,18
225,12,0,3
225,12,1,8
225,12,2,16
225,12,3,25
225,12,4,15
225,12,5,12
225,12,6,14
225,13,0,9
225,13,1,20
225,13,2,17
225,13,3,15
225,13,4,21
225,13,5,6
225,13,6,19
225,14,0,6
225,14,1,12
225,14,2,11
225,14,3,16
225,14,4,16
225,14,5,2
225,14,6,9
225,15,0,8
225,15,1,7
225,15,2,18
225,15,3,14
225,15,4,18
225,15,5,5
225,15,6,6
225,16,0,8
225,16,1,14
225,16,2,9
225,16,3,17
225,16,4,23
225,16,5,12
225,16,6,6
225,17,0,3
225,17,1,9
225,17,2,12
225,17,3,9
225,17,4,14
225,17,5,5
225,17,6,5
225,18,0,1
225,18,1,10
225,18,2,7
225,18,3,9
225,18,4,9
225,18,5,7
225,18,6,1
225,19,1,4
225,19,2,6
225,19,3,5
225,19,4,3
225,19,5,3
225,19,6,1
225,20,0,1
225,20,2,3
225,20,3,4
225,20,4,1
225,20,5,3
225,20,6,3
225,21,1,1
225,21,2,2
225,21,3,1
225,21,4,2
225,21,5,4
225,21,6,1
225,22,1,3
225,22,2,2
225,22,3,1
225,22,4,3
225,22,5,3
225,23,0,1
225,23,4,2
225,23,5,2
225,23,6,1
226,0,0,4
226,0,1,7
226,0,2,5
226,0,4,10
226,0,5,14
226,0,6,10
226,1,0,4
226,1,1,3
226,1,2,1
226,1,3,3
226,1,4,1
226,1,5,25
226,1,6,19
226,2,0,3
226,2,1,1
226,2,2,1
226,2,3,1
226,2,4,3
226,2,5,28
226,2,6,6
226,3,0,2
226,3,1,3
226,3,3,2
226,3,4,2
226,3,5,6
226,3,6,6
226,4,0,3
226,4,1,1
226,4,2,2
226,4,3,5
226,4,4,4
226,4,5,7
226,4,6,7
226,5,0,3
226,5,1,3
226,5,2,9
226,5,3,5
226,5,4,11
226,5,5,8
226,5,6,1
226,6,0,11
226,6,1,6
226,6,2,10
226,6,3,7
226,6,4,20
226,6,5,7
226,6,6,12
226,7,0,17
226,7,1,16
226,7,2,12
226,7,3,18
226,7,4,10
226,7,5,13
226,7,6,10
226,8,0,15
226,8,1,14
226,8,2,13
226,8,3,18
226,8,4,25
226,8,5,21
226,8,6,18
226,9,0,9
226,9,1,18
226,9,2,12
226,9,3,19
226,9,4,10
226,9,5,13
226,9,6,11
226,10,0,10
226,10,1,15
226,10,2,8
226,10,3,16
226,10,4,19
226,10,5,24
226,10,6,5
226,11,0,11
226,11,1,12
226,11,2,10
226,11,3,27
226,11,4,13
226,11,5,15
226,11,6,13
226,12,0,15
226,12,1,20
226,12,2,19
226,12,3,16
226,12,4,9
226,12,5,11
226,12,6,17
226,13,0,17
226,13,1,17
226,13,2,17
226,13,3,15
226,13,4,18
226,13,5,13
226,13,6,12
226,14,0,17
226,14,1,20
226,14,2,14
226,14,3,23
226,14,4,34
226,14,5,17
226,14,6,9
226,15,0,17
226,15,1,16
226,15,2,22
226,15,3,18
226,15,4,26
226,15,5,24
226,15,6,13
226,16,0,20
226,16,1,30
226,16,2,29
226,16,3,27
226,16,4,24
226,16,5,20
226,16,6,9
226,17,0,15
226,17,1,22
226,17,2,24
226,17,3,15
226,17,4,27
226,17,5,8
226,17,6,8
226,18,0,11
226,18,1,6
226,18,2,15
226,18,3,26
226,18,4,15
226,18,5,6
226,18,6,7
226,19,0,4
226,19,1,7
226,19,2,10
226,19,3,12
226,19,4,15
226,19,5,11
226,19,6,4
226,20,0,7
226,20,2,10
226,20,3,11
226,20,4,10
226,20,5,12
226,20,6,7
226,21,0,3
226,21,1,9
226,21,2,11
226,21,3,2
226,21,4,4
226,21,5,4
226,21,6,4
226,22,0,2
226,22,1,7
226,22,2,8
226,22,3,9
226,22,4,11
226,22,5,6
226,22,6,3
226,23,0,10
226,23,1,8
226,23,2,3
226,23,3,4
226,23,4,9
226,23,5,5
226,23,6,2
227,0,2,1
227,1,3,1
227,2,6,1
227,4,5,1
227,5,1,4
227,5,2,2
227,5,3,3
227,5,4,2
227,5,6,1
227,6,0,2
227,6,1,1
227,6,2,2
227,6,3,2
227,6,5,1
227,7,0,4
227,7,1,1
227,7,2,10
227,7,3,6
227,7,4,7
227,7,5,1
227,7,6,1
227,8,0,3
227,8,1,4
227,8,2,3
227,8,3,4
227,8,4,6
227,8,5,1
227,8,6,2
227,9,0,2
227,9,1,11
227,9,2,3
227,9,3,6
227,9,4,8
227,9,5,1
227,9,6,1
227,10,0,4
227,10,1,4
227,10,2,9
227,10,3,5
227,10,4,5
227,10,5,5
227,10,6,3
227,11,1,4
227,11,2,5
227,11,3,4
227,11,4,4
227,11,5,4
227,11,6,2
227,12,0,5
227,12,1,6
227,12,2,5
227,12,3,10
227,12,4,5
227,12,5,4
227,12,6,1
227,13,0,3
227,13,1,4
227,13,2,7
227,13,3,5
227,13,4,2
227,13,5,2
227,13,6,2
227,14,0,2
227,14,1,6
227,14,2,7
227,14,3,6
227,14,4,4
227,14,5,1
227,14,6,1
227,15,0,5
227,15,1,5
227,15,2,4
227,15,3,4
227,15,4,3
227,16,0,1
227,16,1,5
227,16,2,3
227,16,3,7
227,16,4,4
227,16,5,1
227,16,6,1
227,17,0,2
227,17,1,1
227,17,2,2
227,17,3,2
227,17,4,1
227,18,0,1
227,18,2,1
227,18,5,1
227,18,6,1
227,19,4,3
227,19,5,2
227,20,2,2
227,20,3,1
227,20,4,1
227,20,5,1
227,21,3,2
227,23,5,1
228,0,0,1
228,0,1,1
228,0,2,1
228,0,3,1
228,0,4,3
228,0,5,1
228,1,3,2
228,2,3,1
228,2,6,1
228,4,3,1
228,4,4,1
228,5,0,1
228,5,5,1
228,5,6,1
228,6,0,2
228,6,1,3
228,6,2,3
228,6,3,2
228,6,4,1
228,6,5,3
228,6,6,1
228,7,0,5
228,7,1,6
228,7,2,8
228,7,3,3
228,7,4,5
228,7,5,2
228,7,6,3
228,8,0,7
228,8,1,7
228,8,2,4
228,8,3,7
228,8,4,2
228,8,5,2
228,8,6,3
228,9,0,3
228,9,1,5
228,9,2,7
228,9,3,7
228,9,4,7
228,9,5,5
228,9,6,4
228,10,0,3
228,10,1,5
228,10,2,6
228,10,3,3
228,10,4,8
228,10,6,4
228,11,0,4
228,11,1,4
228,11,2,3
228,11,3,12
228,11,4,9
228,11,6,3
228,12,0,5
228,12,1,7
228,12,2,3
228,12,3,9
228,12,4,13
228,12,5,8
228,12,6,4
228,13,0,8
228,13,1,12
228,13,2,7
228,13,3,4
228,13,4,6
228,13,5,7
228,13,6,3
228,14,0,10
228,14,1,9
228,14,2,18
228,14,3,16
228,14,4,11
228,14,5,3
228,14,6,2
228,15,0,6
228,15,1,13
228,15,2,7
228,15,3,11
228,15,4,6
228,15,5,2
228,16,0,8
228,16,1,10
228,16,2,11
228,16,3,7
228,16,4,10
228,16,5,4
228,16,6,1
228,17,0,6
228,17,1,6
228,17,2,9
228,17,3,9
228,17,4,9
228,17,5,4
228,17,6,3
228,18,0,2
228,18,1,1
228,18,2,3
228,18,3,4
228,18,4,5
228,18,5,3
228,19,0,3
228,19,2,3
228,19,5,4
228,19,6,1
228,20,3,2
228,20,4,4
228,20,5,1
228,21,0,1
228,21,3,2
228,21,6,1
228,22,3,1
228,22,4,2
228,22,6,3
228,23,0,3
228,23,2,1
228,23,3,1
228,23,4,4
228,23,5,1
229,0,0,35
229,0,1,40
229,0,2,46
229,0,3,167
229,0,4,112
229,0,5,214
229,0,6,182
229,1,0,15
229,1,1,16
229,1,2,20
229,1,3,127
229,1,4,56
229,1,5,147
229,1,6,112
229,2,0,20
229,2,1,11
229,2,2,8
229,2,3,84
229,2,4,39
229,2,5,83
229,2,6,83
229,3,0,7
229,3,1,6
229,3,2,6
229,3,3,52
229,3,4,23
229,3,5,53
229,3,6,38
229,4,0,9
229,4,1,3
229,4,2,13
229,4,3,35
229,4,4,25
229,4,5,45
229,4,6,41
229,5,0,21
229,5,1,18
229,5,2,22
229,5,3,40
229,5,4,29
229,5,5,25
229,5,6,12
229,6,0,56
229,6,1,68
229,6,2,87
229,6,3,105
229,6,4,89
229,6,5,39
229,6,6,27
229,7,0,137
229,7,1,241
229,7,2,260
229,7,3,295
229,7,4,272
229,7,5,120
229,7,6,59
229,8,0,234
229,8,1,364
229,8,2,421
229,8,3,437
229,8,4,418
229,8,5,187
229,8,6,93
229,9,0,266
229,9,1,396
229,9,2,440
229,9,3,438
229,9,4,414
229,9,5,296
229,9,6,174
229,10,0,274
229,10,1,375
229,10,2,365
229,10,3,394
229,10,4,381
229,10,5,418
229,10,6,211
229,11,0,286
229,11,1,387
229,11,2,397
229,11,3,401
229,11,4,420
229,11,5,456
229,11,6,250
229,12,0,307
229,12,1,419
229,12,2,389
229,12,3,430
229,12,4,458
229,12,5,491
229,12,6,256
229,13,0,296
229,13,1,324
229,13,2,364
229,13,3,401
229,13,4,407
229,13,5,464
229,13,6,271
229,14,0,281
229,14,1,325
229,14,2,350
229,14,3,401
229,14,4,421
229,14,5,400
229,14,6,233
229,15,0,293
229,15,1,339
229,15,2,346
229,15,3,412
229,15,4,437
229,15,5,455
229,15,6,214
229,16,0,258
229,16,1,327
229,16,2,327
229,16,3,366
229,16,4,442
229,16,5,413
229,16,6,237
229,17,0,324
229,17,1,409
229,17,2,384
229,17,3,568
229,17,4,478
229,17,5,409
229,17,6,213
229,18,0,306
229,18,1,552
229,18,2,500
229,18,3,589
229,18,4,587
229,18,5,482
229,18,6,204
229,19,0,235
229,19,1,345
229,19,2,413
229,19,3,486
229,19,4,485
229,19,5,403
229,19,6,171
229,20,0,212
229,20,1,348
229,20,2,370
229,20,3,500
229,20,4,439
229,20,5,392
229,20,6,141
229,21,0,182
229,21,1,334
229,21,2,340
229,21,3,452
229,21,4,384
229,21,5,335
229,21,6,117
229,22,0,102
229,22,1,178
229,22,2,256
229,22,3,349
229,22,4,382
229,22,5,325
229,22,6,94
229,23,0,74
229,23,1,101
229,23,2,155
229,23,3,231
229,23,4,302
229,23,5,307
229,23,6,67
230,0,0,113
230,0,1,134
230,0,2,155
230,0,3,166
230,0,4,272
230,0,5,398
230,0,6,363
230,1,0,49
230,1,1,50
230,1,2,81
230,1,3,102
230,1,4,157
230,1,5,208
230,1,6,225
230,2,0,20
230,2,1,22
230,2,2,41
230,2,3,108
230,2,4,79
230,2,5,134
230,2,6,105
230,3,0,26
230,3,1,20
230,3,2,35
230,3,3,77
230,3,4,42
230,3,5,81
230,3,6,86
230,4,0,29
230,4,1,18
230,4,2,29
230,4,3,75
230,4,4,60
230,4,5,76
230,4,6,69
230,5,0,48
230,5,1,49
230,5,2,56
230,5,3,85
230,5,4,63
230,5,5,46
230,5,6,56
230,6,0,87
230,6,1,71
230,6,2,118
230,6,3,126
230,6,4,112
230,6,5,62
230,6,6,67
230,7,0,140
230,7,1,174
230,7,2,229
230,7,3,263
230,7,4,161
230,7,5,112
230,7,6,169
230,8,0,258
230,8,1,323
230,8,2,313
230,8,3,347
230,8,4,280
230,8,5,257
230,8,6,223
230,9,0,344
230,9,1,370
230,9,2,332
230,9,3,424
230,9,4,431
230,9,5,410
230,9,6,336
230,10,0,438
230,10,1,408
230,10,2,393
230,10,3,521
230,10,4,574
230,10,5,577
230,10,6,451
230,11,0,413
230,11,1,438
230,11,2,417
230,11,3,597
230,11,4,582
230,11,5,658
230,11,6,458
230,12,0,373
230,12,1,397
230,12,2,409
230,12,3,621
230,12,4,575
230,12,5,610
230,12,6,459
230,13,0,417
230,13,1,468
230,13,2,488
230,13,3,610
230,13,4,671
230,13,5,703
230,13,6,439
230,14,0,428
230,14,1,508
230,14,2,524
230,14,3,649
230,14,4,722
230,14,5,602
230,14,6,429
230,15,0,409
230,15,1,500
230,15,2,599
230,15,3,709
230,15,4,705
230,15,5,780
230,15,6,574
230,16,0,515
230,16,1,535
230,16,2,950
230,16,3,781
230,16,4,858
230,16,5,1361
230,16,6,691
230,17,0,643
230,17,1,853
230,17,2,878
230,17,3,981
230,17,4,942
230,17,5,1000
230,17,6,696
230,18,0,670
230,18,1,878
230,18,2,966
230,18,3,1079
230,18,4,956
230,18,5,957
230,18,6,561
230,19,0,545
230,19,1,786
230,19,2,894
230,19,3,1022
230,19,4,799
230,19,5,790
230,19,6,446
230,20,0,444
230,20,1,863
230,20,2,930
230,20,3,1115
230,20,4,783
230,20,5,686
230,20,6,445
230,21,0,490
230,21,1,1357
230,21,2,1169
230,21,3,1598
230,21,4,1544
230,21,5,961
230,21,6,592
230,22,0,394
230,22,1,745
230,22,2,1189
230,22,3,1214
230,22,4,1323
230,22,5,1660
230,22,6,424
230,23,0,188
230,23,1,408
230,23,2,370
230,23,3,602
230,23,4,731
230,23,5,905
230,23,6,207
231,0,0,9
231,0,1,20
231,0,2,36
231,0,3,103
231,0,4,104
231,0,5,236
231,0,6,171
231,1,0,6
231,1,1,9
231,1,2,23
231,1,3,96
231,1,4,70
231,1,5,164
231,1,6,147
231,2,0,4
231,2,1,4
231,2,2,23
231,2,3,108
231,2,4,68
231,2,5,147
231,2,6,111
231,3,0,2
231,3,1,2
231,3,2,6
231,3,3,47
231,3,4,35
231,3,5,113
231,3,6,105
231,4,0,3
231,4,1,7
231,4,2,6
231,4,3,23
231,4,4,18
231,4,5,53
231,4,6,62
231,5,0,9
231,5,1,10
231,5,2,7
231,5,3,14
231,5,4,9
231,5,5,7
231,5,6,1
231,6,0,16
231,6,1,22
231,6,2,24
231,6,3,34
231,6,4,13
231,6,5,10
231,6,6,7
231,7,0,64
231,7,1,116
231,7,2,117
231,7,3,118
231,7,4,83
231,7,5,29
231,7,6,16
231,8,0,96
231,8,1,168
231,8,2,204
231,8,3,219
231,8,4,147
231,8,5,49
231,8,6,28
231,9,0,98
231,9,1,164
231,9,2,157
231,9,3,207
231,9,4,161
231,9,5,96
231,9,6,48
231,10,0,115
231,10,1,174
231,10,2,164
231,10,3,206
231,10,4,174
231,10,5,187
231,10,6,82
231,11,0,129
231,11,1,194
231,11,2,202
231,11,3,246
231,11,4,211
231,11,5,169
231,11,6,134
231,12,0,141
231,12,1,210
231,12,2,201
231,12,3,259
231,12,4,240
231,12,5,236
231,12,6,140
231,13,0,156
231,13,1,162
231,13,2,204
231,13,3,285
231,13,4,241
231,13,5,282
231,13,6,140
231,14,0,151
231,14,1,214
231,14,2,267
231,14,3,274
231,14,4,280
231,14,5,255
231,14,6,145
231,15,0,186
231,15,1,244
231,15,2,289
231,15,3,303
231,15,4,307
231,15,5,283
231,15,6,148
231,16,0,198
231,16,1,278
231,16,2,332
231,16,3,399
231,16,4,352
231,16,5,281
231,16,6,154
231,17,0,233
231,17,1,350
231,17,2,370
231,17,3,465
231,17,4,407
231,17,5,260
231,17,6,113
231,18,0,204
231,18,1,345
231,18,2,436
231,18,3,476
231,18,4,417
231,18,5,278
231,18,6,115
231,19,0,174
231,19,1,313
231,19,2,344
231,19,3,395
231,19,4,372
231,19,5,290
231,19,6,102
231,20,0,128
231,20,1,247
231,20,2,337
231,20,3,352
231,20,4,299
231,20,5,247
231,20,6,94
231,21,0,126
231,21,1,196
231,21,2,271
231,21,3,356
231,21,4,259
231,21,5,258
231,21,6,77
231,22,0,75
231,22,1,138
231,22,2,183
231,22,3,261
231,22,4,285
231,22,5,284
231,22,6,67
231,23,0,68
231,23,1,67
231,23,2,97
231,23,3,194
231,23,4,280
231,23,5,274
231,23,6,43
232,0,0,2
232,0,1,4
232,0,3,15
232,0,4,12
232,0,5,44
232,0,6,33
232,1,1,2
232,1,2,5
232,1,3,22
232,1,4,9
232,1,5,27
232,1,6,22
232,2,0,3
232,2,3,17
232,2,4,3
232,2,5,24
232,2,6,19
232,3,0,2
232,3,1,1
232,3,2,1
232,3,3,18
232,3,4,1
232,3,5,9
232,3,6,15
232,4,1,2
232,4,2,1
232,4,3,14
232,4,4,2
232,4,5,11
232,4,6,12
232,5,0,3
232,5,1,4
232,5,2,3
232,5,3,6
232,5,4,3
232,5,5,3
232,5,6,2
232,6,0,6
232,6,1,7
232,6,2,12
232,6,3,13
232,6,4,14
232,6,5,11
232,6,6,5
232,7,0,13
232,7,1,19
232,7,2,24
232,7,3,20
232,7,4,16
232,7,5,6
232,7,6,5
232,8,0,16
232,8,1,16
232,8,2,31
232,8,3,29
232,8,4,18
232,8,5,14
232,8,6,13
232,9,0,18
232,9,1,22
232,9,2,16
232,9,3,25
232,9,4,27
232,9,5,18
232,9,6,6
232,10,0,19
232,10,1,20
232,10,2,24
232,10,3,34
232,10,4,29
232,10,5,13
232,10,6,16
232,11,0,13
232,11,1,18
232,11,2,16
232,11,3,21
232,11,4,27
232,11,5,15
232,11,6,10
232,12,0,11
232,12,1,19
232,12,2,20
232,12,3,33
232,12,4,28
232,12,5,19
232,12,6,20
232,13,0,19
232,13,1,22
232,13,2,25
232,13,3,21
232,13,4,31
232,13,5,23
232,13,6,14
232,14,0,14
232,14,1,14
232,14,2,14
232,14,3,13
232,14,4,14
232,14,5,19
232,14,6,22
232,15,0,16
232,15,1,13
232,15,2,13
232,15,3,26
232,15,4,28
232,15,5,24
232,15,6,13
232,16,0,11
232,16,1,22
232,16,2,22
232,16,3,28
232,16,4,30
232,16,5,31
232,16,6,9
232,17,0,11
232,17,1,18
232,17,2,19
232,17,3,23
232,17,4,29
232,17,5,22
232,17,6,11
232,18,0,14
232,18,1,10
232,18,2,24
232,18,3,22
232,18,4,21
232,18,5,35
232,18,6,17
232,19,0,6
232,19,1,9
232,19,2,18
232,19,3,18
232,19,4,31
232,19,5,27
232,19,6,12
232,20,0,9
232,20,1,16
232,20,2,11
232,20,3,21
232,20,4,26
232,20,5,32
232,20,6,8
232,21,0,7
232,21,1,14
232,21,2,20
232,21,3,22
232,21,4,32
232,21,5,33
232,21,6,7
232,22,0,11
232,22,1,14
232,22,2,17
232,22,3,29
232,22,4,28
232,22,5,31
232,22,6,8
232,23,0,7
232,23,1,11
232,23,2,12
232,23,3,19
232,23,4,46
232,23,5,32
232,23,6,2
233,0,0,13
233,0,1,22
233,0,2,31
233,0,3,84
233,0,4,45
233,0,5,79
233,0,6,61
233,1,0,10
233,1,1,7
233,1,2,8
233,1,3,60
233,1,4,24
233,1,5,36
233,1,6,24
233,2,0,6
233,2,1,3
233,2,2,3
233,2,3,33
233,2,4,11
233,2,5,26
233,2,6,22
233,3,0,3
233,3,1,1
233,3,2,5
233,3,3,18
233,3,4,4
233,3,5,23
233,3,6,20
233,4,0,7
233,4,1,5
233,4,2,2
233,4,3,23
233,4,4,7
233,4,5,19
233,4,6,12
233,5,0,13
233,5,1,17
233,5,2,15
233,5,3,24
233,5,4,19
233,5,5,10
233,5,6,12
233,6,0,31
233,6,1,41
233,6,2,49
233,6,3,65
233,6,4,52
233,6,5,27
233,6,6,16
233,7,0,76
233,7,1,136
233,7,2,145
233,7,3,133
233,7,4,144
233,7,5,68
233,7,6,44
233,8,0,125
233,8,1,168
233,8,2,220
233,8,3,216
233,8,4,198
233,8,5,108
233,8,6,45
233,9,0,132
233,9,1,193
233,9,2,182
233,9,3,209
233,9,4,210
233,9,5,140
233,9,6,87
233,10,0,152
233,10,1,209
233,10,2,196
233,10,3,253
233,10,4,238
233,10,5,222
233,10,6,123
233,11,0,160
233,11,1,203
233,11,2,199
233,11,3,236
233,11,4,277
233,11,5,225
233,11,6,123
233,12,0,188
233,12,1,259
233,12,2,221
233,12,3,262
233,12,4,280
233,12,5,234
233,12,6,139
233,13,0,170
233,13,1,233
233,13,2,225
233,13,3,293
233,13,4,248
233,13,5,240
233,13,6,149
233,14,0,178
233,14,1,214
233,14,2,265
233,14,3,271
233,14,4,256
233,14,5,208
233,14,6,132
233,15,0,201
233,15,1,252
233,15,2,268
233,15,3,308
233,15,4,294
233,15,5,212
233,15,6,98
233,16,0,167
233,16,1,265
233,16,2,289
233,16,3,285
233,16,4,277
233,16,5,212
233,16,6,118
233,17,0,205
233,17,1,340
233,17,2,326
233,17,3,334
233,17,4,313
233,17,5,225
233,17,6,137
233,18,0,206
233,18,1,332
233,18,2,331
233,18,3,360
233,18,4,346
233,18,5,258
233,18,6,112
233,19,0,163
233,19,1,259
233,19,2,289
233,19,3,291
233,19,4,274
233,19,5,227
233,19,6,85
233,20,0,126
233,20,1,222
233,20,2,201
233,20,3,230
233,20,4,229
233,20,5,165
233,20,6,67
233,21,0,70
233,21,1,155
233,21,2,163
233,21,3,227
233,21,4,205
233,21,5,142
233,21,6,39
233,22,0,51
233,22,1,67
233,22,2,115
233,22,3,135
233,22,4,160
233,22,5,153
233,22,6,49
233,23,0,36
233,23,1,49
233,23,2,74
233,23,3,81
233,23,4,129
233,23,5,107
233,23,6,28
234,0,0,54
234,0,1,61
234,0,2,108
234,0,3,311
234,0,4,220
234,0,5,498
234,0,6,364
234,1,0,29
234,1,1,30
234,1,2,33
234,1,3,181
234,1,4,121
234,1,5,295
234,1,6,243
234,2,0,7
234,2,1,7
234,2,2,10
234,2,3,146
234,2,4,63
234,2,5,198
234,2,6,141
234,3,0,9
234,3,1,6
234,3,2,7
234,3,3,83
234,3,4,36
234,3,5,116
234,3,6,116
234,4,0,12
234,4,1,4
234,4,2,8
234,4,3,52
234,4,4,14
234,4,5,62
234,4,6,82
234,5,0,5
234,5,1,10
234,5,2,12
234,5,3,27
234,5,4,21
234,5,5,21
234,5,6,12
234,6,0,32
234,6,1,48
234,6,2,52
234,6,3,63
234,6,4,46
234,6,5,21
234,6,6,9
234,7,0,83
234,7,1,142
234,7,2,186
234,7,3,164
234,7,4,140
234,7,5,51
234,7,6,31
234,8,0,146
234,8,1,245
234,8,2,285
234,8,3,282
234,8,4,262
234,8,5,128
234,8,6,40
234,9,0,273
234,9,1,349
234,9,2,331
234,9,3,393
234,9,4,331
234,9,5,226
234,9,6,97
234,10,0,221
234,10,1,370
234,10,2,360
234,10,3,399
234,10,4,401
234,10,5,382
234,10,6,174
234,11,0,281
234,11,1,428
234,11,2,432
234,11,3,501
234,11,4,454
234,11,5,552
234,11,6,256
234,12,0,314
234,12,1,449
234,12,2,501
234,12,3,591
234,12,4,591
234,12,5,645
234,12,6,336
234,13,0,377
234,13,1,483
234,13,2,601
234,13,3,632
234,13,4,661
234,13,5,733
234,13,6,354
234,14,0,433
234,14,1,543
234,14,2,583
234,14,3,710
234,14,4,669
234,14,5,768
234,14,6,379
234,15,0,428
234,15,1,569
234,15,2,611
234,15,3,755
234,15,4,766
234,15,5,808
234,15,6,426
234,16,0,492
234,16,1,676
234,16,2,677
234,16,3,809
234,16,4,825
234,16,5,790
234,16,6,394
234,17,0,513
234,17,1,822
234,17,2,837
234,17,3,961
234,17,4,912
234,17,5,723
234,17,6,363
234,18,0,518
234,18,1,845
234,18,2,952
234,18,3,1091
234,18,4,969
234,18,5,746
234,18,6,364
234,19,0,459
234,19,1,757
234,19,2,904
234,19,3,1080
234,19,4,853
234,19,5,741
234,19,6,295
234,20,0,440
234,20,1,767
234,20,2,810
234,20,3,957
234,20,4,820
234,20,5,690
234,20,6,279
234,21,0,381
234,21,1,649
234,21,2,782
234,21,3,995
234,21,4,831
234,21,5,733
234,21,6,243
234,22,0,267
234,22,1,491
234,22,2,586
234,22,3,774
234,22,4,824
234,22,5,687
234,22,6,165
234,23,0,157
234,23,1,216
234,23,2,298
234,23,3,468
234,23,4,679
234,23,5,621
234,23,6,111
235,0,5,1
235,2,3,2
235,3,0,1
235,3,1,1
235,3,3,3
235,3,4,1
235,4,0,2
235,4,1,2
235,4,2,5
235,4,3,2
235,4,4,1
235,4,6,1
235,5,0,3
235,5,1,7
235,5,2,12
235,5,3,15
235,5,4,15
235,5,5,5
235,5,6,2
235,6,0,7
235,6,1,9
235,6,2,7
235,6,3,11
235,6,4,12
235,6,5,3
235,6,6,1
235,7,0,4
235,7,1,10
235,7,2,15
235,7,3,14
235,7,4,9
235,7,5,4
235,7,6,9
235,8,0,13
235,8,1,22
235,8,2,9
235,8,3,21
235,8,4,16
235,8,5,7
235,8,6,6
235,9,0,14
235,9,1,22
235,9,2,6
235,9,3,13
235,9,4,17
235,9,5,7
235,9,6,7
235,10,0,2
235,10,1,18
235,10,2,12
235,10,3,14
235,10,4,10
235,10,5,9
235,10,6,2
235,11,0,6
235,11,1,6
235,11,2,8
235,11,3,8
235,11,4,13
235,11,5,6
235,11,6,4
235,12,0,3
235,12,1,4
235,12,2,4
235,12,3,8
235,12,4,13
235,12,5,9
235,12,6,1
235,13,0,5
235,13,1,2
235,13,2,10
235,13,3,10
235,13,4,11
235,13,5,7
235,13,6,6
235,14,1,5
235,14,2,3
235,14,4,5
235,14,5,5
235,14,6,1
235,15,0,3
235,15,1,7
235,15,2,5
235,15,3,4
235,15,4,9
235,15,5,5
235,15,6,2
235,16,0,1
235,16,1,5
235,16,2,8
235,16,3,2
235,16,4,15
235,16,5,4
235,16,6,1
235,17,0,4
235,17,1,3
235,17,2,4
235,17,3,5
235,17,4,5
235,17,5,6
235,17,6,1
235,18,0,3
235,18,1,2
235,18,2,1
235,18,3,2
235,18,4,3
235,18,5,2
235,18,6,3
235,19,0,1
235,19,1,1
235,19,3,1
235,19,4,4
235,19,5,5
235,19,6,1
235,20,4,1
235,20,5,1
235,21,1,2
235,21,3,3
235,21,4,1
235,21,5,2
235,22,1,1
235,22,2,1
235,22,3,1
235,23,2,2
235,23,3,1
235,23,5,1
236,0,0,24
236,0,1,22
236,0,2,20
236,0,3,166
236,0,4,48
236,0,5,98
236,0,6,91
236,1,0,6
236,1,1,4
236,1,2,10
236,1,3,89
236,1,4,19
236,1,5,50
236,1,6,34
236,2,0,3
236,2,1,4
236,2,2,4
236,2,3,40
236,2,4,13
236,2,5,19
236,2,6,15
236,3,0,3
236,3,1,2
236,3,2,3
236,3,3,12
236,3,4,4
236,3,5,13
236,3,6,5
236,4,0,5
236,4,1,5
236,4,2,7
236,4,3,19
236,4,4,13
236,4,5,9
236,4,6,6
236,5,0,24
236,5,1,33
236,5,2,37
236,5,3,55
236,5,4,45
236,5,5,18
236,5,6,16
236,6,0,138
236,6,1,228
236,6,2,254
236,6,3,239
236,6,4,234
236,6,5,50
236,6,6,29
236,7,0,486
236,7,1,775
236,7,2,824
236,7,3,853
236,7,4,806
236,7,5,162
236,7,6,108
236,8,0,717
236,8,1,1091
236,8,2,1181
236,8,3,1221
236,8,4,1184
236,8,5,390
236,8,6,180
236,9,0,794
236,9,1,1151
236,9,2,1181
236,9,3,1268
236,9,4,1233
236,9,5,681
236,9,6,286
236,10,0,787
236,10,1,1080
236,10,2,1140
236,10,3,1256
236,10,4,1256
236,10,5,912
236,10,6,463
236,11,0,810
236,11,1,1163
236,11,2,1176
236,11,3,1290
236,11,4,1259
236,11,5,1074
236,11,6,586
236,12,0,925
236,12,1,1241
236,12,2,1227
236,12,3,1395
236,12,4,1447
236,12,5,1313
236,12,6,708
236,13,0,902
236,13,1,1108
236,13,2,1140
236,13,3,1297
236,13,4,1450
236,13,5,1301
236,13,6,719
236,14,0,1072
236,14,1,1283
236,14,2,1239
236,14,3,1364
236,14,4,1516
236,14,5,1218
236,14,6,717
236,15,0,1238
236,15,1,1522
236,15,2,1559
236,15,3,1775
236,15,4,1821
236,15,5,1338
236,15,6,636
236,16,0,1008
236,16,1,1369
236,16,2,1246
236,16,3,1551
236,16,4,1564
236,16,5,1184
236,16,6,621
236,17,0,996
236,17,1,1430
236,17,2,1381
236,17,3,1683
236,17,4,1544
236,17,5,1198
236,17,6,523
236,18,0,805
236,18,1,1268
236,18,2,1303
236,18,3,1557
236,18,4,1461
236,18,5,1267
236,18,6,440
236,19,0,477
236,19,1,910
236,19,2,893
236,19,3,1087
236,19,4,1131
236,19,5,910
236,19,6,313
236,20,0,354
236,20,1,689
236,20,2,705
236,20,3,805
236,20,4,836
236,20,5,664
236,20,6,283
236,21,0,297
236,21,1,546
236,21,2,569
236,21,3,638
236,21,4,747
236,21,5,535
236,21,6,183
236,22,0,171
236,22,1,237
236,22,2,310
236,22,3,349
236,22,4,450
236,22,5,424
236,22,6,92
236,23,0,53
236,23,1,68
236,23,2,86
236,23,3,127
236,23,4,223
236,23,5,219
236,23,6,45
237,0,0,35
237,0,1,46
237,0,2,69
237,0,3,323
237,0,4,194
237,0,5,234
237,0,6,178
237,1,0,12
237,1,1,16
237,1,2,34
237,1,3,227
237,1,4,85
237,1,5,152
237,1,6,104
237,2,0,9
237,2,1,4
237,2,2,15
237,2,3,106
237,2,4,37
237,2,5,50
237,2,6,48
237,3,0,1
237,3,1,4
237,3,2,6
237,3,3,43
237,3,4,12
237,3,5,34
237,3,6,34
237,4,0,4
237,4,1,6
237,4,2,8
237,4,3,22
237,4,4,21
237,4,5,28
237,4,6,26
237,5,0,14
237,5,1,29
237,5,2,32
237,5,3,44
237,5,4,29
237,5,5,12
237,5,6,16
237,6,0,90
237,6,1,144
237,6,2,125
237,6,3,143
237,6,4,127
237,6,5,47
237,6,6,23
237,7,0,329
237,7,1,577
237,7,2,624
237,7,3,660
237,7,4,646
237,7,5,137
237,7,6,78
237,8,0,562
237,8,1,900
237,8,2,1021
237,8,3,984
237,8,4,915
237,8,5,325
237,8,6,156
237,9,0,659
237,9,1,963
237,9,2,1071
237,9,3,1094
237,9,4,1060
237,9,5,635
237,9,6,283
237,10,0,817
237,10,1,950
237,10,2,1102
237,10,3,1149
237,10,4,1181
237,10,5,872
237,10,6,405
237,11,0,851
237,11,1,1230
237,11,2,1130
237,11,3,1284
237,11,4,1324
237,11,5,1109
237,11,6,547
237,12,0,954
237,12,1,1192
237,12,2,1314
237,12,3,1450
237,12,4,1445
237,12,5,1334
237,12,6,632
237,13,0,1023
237,13,1,1174
237,13,2,1314
237,13,3,1420
237,13,4,1565
237,13,5,1488
237,13,6,755
237,14,0,1195
237,14,1,1499
237,14,2,1486
237,14,3,1719
237,14,4,1741
237,14,5,1447
237,14,6,781
237,15,0,1165
237,15,1,1488
237,15,2,1584
237,15,3,1717
237,15,4,1809
237,15,5,1627
237,15,6,723
237,16,0,1202
237,16,1,1408
237,16,2,1497
237,16,3,1596
237,16,4,1778
237,16,5,1608
237,16,6,652
237,17,0,1139
237,17,1,1554
237,17,2,1519
237,17,3,1785
237,17,4,1736
237,17,5,1429
237,17,6,671
237,18,0,1030
237,18,1,1532
237,18,2,1609
237,18,3,1732
237,18,4,1595
237,18,5,1230
237,18,6,535
237,19,0,730
237,19,1,1146
237,19,2,1280
237,19,3,1492
237,19,4,1302
237,19,5,1022
237,19,6,399
237,20,0,636
237,20,1,1163
237,20,2,1126
237,20,3,1445
237,20,4,1141
237,20,5,769
237,20,6,309
237,21,0,504
237,21,1,1012
237,21,2,1072
237,21,3,1450
237,21,4,993
237,21,5,768
237,21,6,232
237,22,0,230
237,22,1,552
237,22,2,674
237,22,3,883
237,22,4,856
237,22,5,829
237,22,6,148
237,23,0,121
237,23,1,212
237,23,2,283
237,23,3,413
237,23,4,531
237,23,5,497
237,23,6,75
238,0,0,15
238,0,1,28
238,0,2,24
238,0,3,117
238,0,4,41
238,0,5,85
238,0,6,77
238,1,0,4
238,1,1,6
238,1,2,9
238,1,3,110
238,1,4,15
238,1,5,37
238,1,6,23
238,2,0,1
238,2,1,5
238,2,2,5
238,2,3,44
238,2,4,9
238,2,5,21
238,2,6,20
238,3,0,4
238,3,1,1
238,3,2,5
238,3,3,23
238,3,4,6
238,3,5,18
238,3,6,12
238,4,0,10
238,4,1,13
238,4,2,13
238,4,3,16
238,4,4,12
238,4,5,16
238,4,6,6
238,5,0,36
238,5,1,45
238,5,2,25
238,5,3,50
238,5,4,48
238,5,5,18
238,5,6,12
238,6,0,65
238,6,1,114
238,6,2,120
238,6,3,127
238,6,4,145
238,6,5,64
238,6,6,43
238,7,0,207
238,7,1,276
238,7,2,241
238,7,3,329
238,7,4,342
238,7,5,120
238,7,6,81
238,8,0,296
238,8,1,431
238,8,2,422
238,8,3,502
238,8,4,520
238,8,5,265
238,8,6,140
238,9,0,350
238,9,1,439
238,9,2,458
238,9,3,492
238,9,4,592
238,9,5,399
238,9,6,274
238,10,0,396
238,10,1,483
238,10,2,500
238,10,3,543
238,10,4,566
238,10,5,508
238,10,6,347
238,11,0,321
238,11,1,461
238,11,2,486
238,11,3,527
238,11,4,543
238,11,5,533
238,11,6,312
238,12,0,371
238,12,1,459
238,12,2,499
238,12,3,590
238,12,4,579
238,12,5,540
238,12,6,298
238,13,0,393
238,13,1,405
238,13,2,464
238,13,3,519
238,13,4,549
238,13,5,596
238,13,6,286
238,14,0,409
238,14,1,509
238,14,2,559
238,14,3,633
238,14,4,617
238,14,5,483
238,14,6,281
238,15,0,444
238,15,1,675
238,15,2,674
238,15,3,761
238,15,4,754
238,15,5,487
238,15,6,275
238,16,0,400
238,16,1,490
238,16,2,486
238,16,3,572
238,16,4,557
238,16,5,429
238,16,6,229
238,17,0,365
238,17,1,552
238,17,2,557
238,17,3,668
238,17,4,648
238,17,5,466
238,17,6,231
238,18,0,378
238,18,1,507
238,18,2,487
238,18,3,643
238,18,4,604
238,18,5,481
238,18,6,237
238,19,0,214
238,19,1,336
238,19,2,342
238,19,3,425
238,19,4,443
238,19,5,434
238,19,6,214
238,20,0,185
238,20,1,255
238,20,2,271
238,20,3,318
238,20,4,310
238,20,5,289
238,20,6,131
238,21,0,162
238,21,1,228
238,21,2,205
238,21,3,265
238,21,4,305
238,21,5,223
238,21,6,121
238,22,0,86
238,22,1,110
238,22,2,169
238,22,3,169
238,22,4,284
238,22,5,221
238,22,6,75
238,23,0,39
238,23,1,61
238,23,2,41
238,23,3,71
238,23,4,161
238,23,5,119
238,23,6,49
239,0,0,33
239,0,1,33
239,0,2,43
239,0,3,235
239,0,4,69
239,0,5,197
239,0,6,157
239,1,0,11
239,1,1,5
239,1,2,12
239,1,3,198
239,1,4,29
239,1,5,93
239,1,6,67
239,2,0,3
239,2,1,3
239,2,2,11
239,2,3,81
239,2,4,14
239,2,5,36
239,2,6,30
239,3,0,4
239,3,1,3
239,3,2,1
239,3,3,34
239,3,4,8
239,3,5,13
239,3,6,13
239,4,0,8
239,4,1,13
239,4,2,12
239,4,3,25
239,4,4,13
239,4,5,16
239,4,6,12
239,5,0,22
239,5,1,25
239,5,2,32
239,5,3,33
239,5,4,52
239,5,5,16
239,5,6,10
239,6,0,68
239,6,1,76
239,6,2,113
239,6,3,111
239,6,4,121
239,6,5,60
239,6,6,30
239,7,0,204
239,7,1,266
239,7,2,275
239,7,3,322
239,7,4,367
239,7,5,147
239,7,6,57
239,8,0,312
239,8,1,399
239,8,2,428
239,8,3,476
239,8,4,564
239,8,5,318
239,8,6,178
239,9,0,403
239,9,1,449
239,9,2,494
239,9,3,604
239,9,4,592
239,9,5,526
239,9,6,271
239,10,0,438
239,10,1,556
239,10,2,579
239,10,3,687
239,10,4,691
239,10,5,663
239,10,6,402
239,11,0,485
239,11,1,579
239,11,2,594
239,11,3,671
239,11,4,697
239,11,5,776
239,11,6,460
239,12,0,487
239,12,1,610
239,12,2,608
239,12,3,740
239,12,4,781
239,12,5,912
239,12,6,545
239,13,0,542
239,13,1,582
239,13,2,607
239,13,3,729
239,13,4,842
239,13,5,1028
239,13,6,552
239,14,0,587
239,14,1,584
239,14,2,658
239,14,3,807
239,14,4,867
239,14,5,894
239,14,6,600
239,15,0,570
239,15,1,674
239,15,2,674
239,15,3,805
239,15,4,825
239,15,5,949
239,15,6,527
239,16,0,531
239,16,1,592
239,16,2,608
239,16,3,737
239,16,4,886
239,16,5,925
239,16,6,518
239,17,0,515
239,17,1,708
239,17,2,691
239,17,3,936
239,17,4,974
239,17,5,850
239,17,6,449
239,18,0,509
239,18,1,686
239,18,2,658
239,18,3,883
239,18,4,899
239,18,5,868
239,18,6,393
239,19,0,346
239,19,1,548
239,19,2,533
239,19,3,643
239,19,4,742
239,19,5,731
239,19,6,284
239,20,0,366
239,20,1,482
239,20,2,508
239,20,3,549
239,20,4,664
239,20,5,563
239,20,6,229
239,21,0,312
239,21,1,436
239,21,2,439
239,21,3,549
239,21,4,612
239,21,5,609
239,21,6,211
239,22,0,167
239,22,1,252
239,22,2,294
239,22,3,308
239,22,4,588
239,22,5,694
239,22,6,168
239,23,0,70
239,23,1,98
239,23,2,89
239,23,3,175
239,23,4,335
239,23,5,359
239,23,6,69
240,0,3,1
240,3,4,1
240,3,6,1
240,5,0,1
240,5,1,1
240,5,2,2
240,5,4,2
240,6,2,3
240,6,3,3
240,6,4,2
240,6,6,3
240,7,0,1
240,7,1,1
240,7,2,2
240,7,3,2
240,7,4,1
240,7,6,2
240,8,2,1
240,8,4,1
240,8,5,2
240,9,1,2
240,9,6,1
240,10,0,1
240,10,1,1
240,10,2,1
240,10,3,2
240,10,4,3
240,10,5,3
240,11,0,1
240,11,1,2
240,11,2,1
240,11,3,1
240,11,4,1
240,12,0,3
240,12,2,2
240,12,5,1
240,12,6,1
240,13,0,1
240,13,1,2
240,13,5,2
240,14,3,1
240,14,6,1
240,15,3,2
240,16,1,2
240,16,2,2
240,17,1,1
240,17,2,1
240,17,3,1
240,17,5,1
240,17,6,1
240,18,5,2
240,20,3,1
240,20,4,1
240,21,4,1
240,22,2,1
241,0,3,1
241,1,1,1
241,2,3,1
241,4,1,2
241,5,0,3
241,5,1,6
241,5,2,3
241,5,3,1
241,5,4,2
241,6,0,5
241,6,1,6
241,6,2,12
241,6,3,9
241,6,4,7
241,6,5,1
241,6,6,1
241,7,0,3
241,7,1,9
241,7,2,8
241,7,3,9
241,7,4,15
241,7,5,2
241,7,6,2
241,8,0,11
241,8,1,8
241,8,2,11
241,8,3,16
241,8,4,14
241,8,5,3
241,8,6,7
241,9,0,3
241,9,1,5
241,9,2,13
241,9,3,10
241,9,4,9
241,9,5,1
241,9,6,6
241,10,0,3
241,10,1,2
241,10,2,6
241,10,3,8
241,10,4,6
241,10,5,5
241,10,6,6
241,11,1,9
241,11,2,2
241,11,3,8
241,11,4,9
241,11,5,3
241,11,6,1
241,12,0,1
241,12,1,6
241,12,2,5
241,12,3,4
241,12,4,9
241,12,5,4
241,12,6,3
241,13,0,5
241,13,1,6
241,13,2,5
241,13,3,5
241,13,4,4
241,13,6,2
241,14,0,4
241,14,1,7
241,14,2,5
241,14,3,5
241,14,4,6
241,14,5,2
241,14,6,1
241,15,0,3
241,15,1,4
241,15,2,10
241,15,3,4
241,15,4,5
241,15,5,3
241,15,6,5
241,16,1,2
241,16,2,1
241,16,4,5
241,16,6,1
241,17,0,1
241,17,1,3
241,17,2,5
241,17,3,1
241,17,4,1
241,17,6,3
241,18,1,3
241,18,2,3
241,18,3,6
241,18,4,5
241,18,5,2
241,18,6,3
241,19,0,1
241,19,1,2
241,19,2,2
241,19,3,4
241,19,4,2
241,19,5,1
241,20,1,2
241,20,2,1
241,20,3,2
241,20,4,2
241,20,5,2
241,20,6,1
241,21,1,1
241,21,2,1
241,21,3,2
241,21,4,1
241,21,5,2
241,22,3,3
241,22,4,1
241,22,5,2
241,22,6,2
241,23,1,1
241,23,5,1
242,0,3,1
242,0,5,4
242,0,6,2
242,1,4,1
242,3,3,1
242,4,1,3
242,4,2,2
242,4,3,1
242,5,0,4
242,5,1,2
242,5,2,4
242,5,3,1
242,5,4,3
242,6,0,1
242,6,1,2
242,6,2,5
242,6,3,3
242,6,4,7
242,6,5,1
242,6,6,2
242,7,0,5
242,7,1,5
242,7,2,8
242,7,3,9
242,7,4,5
242,7,5,1
242,7,6,1
242,8,0,2
242,8,1,3
242,8,2,10
242,8,3,5
242,8,4,9
242,8,5,1
242,8,6,2
242,9,0,3
242,9,1,4
242,9,2,3
242,9,3,3
242,9,4,7
242,9,5,2
242,9,6,2
242,10,0,4
242,10,1,8
242,10,2,8
242,10,3,7
242,10,4,3
242,10,5,6
242,11,0,2
242,11,1,6
242,11,2,4
242,11,3,6
242,11,4,7
242,11,5,3
242,12,0,4
242,12,1,5
242,12,2,3
242,12,3,11
242,12,4,4
242,12,5,2
242,12,6,3
242,13,0,4
242,13,1,4
242,13,2,4
242,13,3,3
242,13,4,4
242,13,5,4
242,13,6,3
242,14,0,5
242,14,1,6
242,14,2,9
242,14,3,5
242,14,4,5
242,14,6,1
242,15,0,5
242,15,1,11
242,15,2,8
242,15,3,6
242,15,4,11
242,15,5,2
242,15,6,2
242,16,0,3
242,16,1,1
242,16,2,7
242,16,3,5
242,16,4,2
242,16,5,1
242,17,0,4
242,17,1,6
242,17,2,2
242,17,3,2
242,17,4,1
242,17,6,4
242,18,0,2
242,18,1,2
242,18,2,4
242,18,3,4
242,18,4,3
242,18,5,2
242,19,0,2
242,19,1,1
242,19,2,1
242,19,4,1
242,19,6,1
242,20,3,2
242,20,4,4
242,21,1,1
242,21,4,1
242,22,0,1
242,22,1,1
242,22,3,3
242,22,4,2
242,23,0,1
242,23,1,1
242,23,2,1
242,23,4,1
242,23,5,2
243,0,5,2
243,1,3,3
243,1,4,2
243,1,5,1
243,1,6,2
243,2,3,3
243,2,5,3
243,3,3,5
243,4,1,1
243,4,2,1
243,4,3,2
243,4,4,1
243,4,6,2
243,5,0,3
243,5,1,1
243,5,2,2
243,5,3,1
243,5,4,2
243,5,5,2
243,6,0,6
243,6,1,5
243,6,2,5
243,6,3,11
243,6,4,10
243,6,5,4
243,7,0,4
243,7,1,10
243,7,2,11
243,7,3,12
243,7,4,17
243,7,5,5
243,8,0,15
243,8,1,15
243,8,2,12
243,8,3,14
243,8,4,11
243,8,5,6
243,9,0,4
243,9,1,12
243,9,2,13
243,9,3,15
243,9,4,12
243,9,5,4
243,9,6,5
243,10,0,2
243,10,1,7
243,10,2,14
243,10,3,8
243,10,4,10
243,10,5,8
243,10,6,6
243,11,0,4
243,11,1,7
243,11,2,8
243,11,3,11
243,11,4,12
243,11,5,3
243,11,6,3
243,12,0,8
243,12,1,18
243,12,2,14
243,12,3,15
243,12,4,10
243,12,5,7
243,12,6,8
243,13,0,5
243,13,1,16
243,13,2,13
243,13,3,10
243,13,4,6
243,13,5,19
243,13,6,2
243,14,0,5
243,14,1,14
243,14,2,8
243,14,3,11
243,14,4,15
243,14,5,9
243,14,6,7
243,15,0,10
243,15,1,7
243,15,2,3
243,15,3,8
243,15,4,9
243,15,5,6
243,15,6,2
243,16,0,9
243,16,1,10
243,16,2,8
243,16,3,10
243,16,4,2
243,16,5,5
243,16,6,3
243,17,0,5
243,17,1,6
243,17,2,3
243,17,3,7
243,17,4,6
243,17,5,3
243,17,6,3
243,18,0,4
243,18,1,1
243,18,2,2
243,18,3,4
243,18,4,6
243,18,5,4
243,18,6,3
243,19,0,3
243,19,1,5
243,19,2,2
243,19,3,3
243,19,4,4
243,19,5,6
243,19,6,4
243,20,1,2
243,20,3,3
243,20,4,1
243,20,5,4
243,21,0,1
243,21,1,1
243,21,2,2
243,21,4,2
243,21,5,3
243,22,0,2
243,22,1,2
243,22,2,1
243,22,3,4
243,22,4,4
243,22,5,1
243,22,6,1
243,23,1,1
243,23,2,1
243,23,3,3
243,23,4,3
243,23,5,6
244,0,0,2
244,0,1,2
244,0,2,2
244,0,3,8
244,0,4,6
244,0,5,4
244,0,6,6
244,1,0,1
244,1,1,1
244,1,2,2
244,1,3,8
244,1,4,1
244,1,5,7
244,1,6,2
244,2,0,2
244,2,2,1
244,2,3,9
244,2,4,2
244,2,5,1
244,2,6,6
244,3,0,1
244,3,3,7
244,3,4,1
244,3,5,6
244,3,6,3
244,4,0,1
244,4,1,2
244,4,3,4
244,4,5,4
244,4,6,1
244,5,0,2
244,5,1,4
244,5,2,4
244,5,3,6
244,5,4,3
244,5,5,1
244,5,6,1
244,6,0,4
244,6,1,9
244,6,2,8
244,6,3,11
244,6,4,11
244,6,5,4
244,6,6,4
244,7,0,13
244,7,1,30
244,7,2,23
244,7,3,38
244,7,4,24
244,7,5,9
244,7,6,9
244,8,0,17
244,8,1,18
244,8,2,31
244,8,3,18
244,8,4,22
244,8,5,10
244,8,6,8
244,9,0,17
244,9,1,27
244,9,2,28
244,9,3,29
244,9,4,30
244,9,5,15
244,9,6,9
244,10,0,20
244,10,1,33
244,10,2,18
244,10,3,33
244,10,4,24
244,10,5,15
244,10,6,9
244,11,0,22
244,11,1,39
244,11,2,30
244,11,3,38
244,11,4,29
244,11,5,15
244,11,6,6
244,12,0,19
244,12,1,36
244,12,2,33
244,12,3,31
244,12,4,40
244,12,5,13
244,12,6,14
244,13,0,15
244,13,1,29
244,13,2,29
244,13,3,39
244,13,4,18
244,13,5,13
244,13,6,15
244,14,0,24
244,14,1,34
244,14,2,26
244,14,3,32
244,14,4,26
244,14,5,16
244,14,6,11
244,15,0,17
244,15,1,34
244,15,2,33
244,15,3,45
244,15,4,33
244,15,5,10
244,15,6,9
244,16,0,22
244,16,1,25
244,16,2,34
244,16,3,24
244,16,4,28
244,16,5,10
244,16,6,2
244,17,0,13
244,17,1,20
244,17,2,20
244,17,3,17
244,17,4,29
244,17,5,11
244,17,6,5
244,18,0,4
244,18,1,12
244,18,2,13
244,18,3,13
244,18,4,22
244,18,5,12
244,18,6,6
244,19,0,10
244,19,1,11
244,19,2,9
244,19,3,9
244,19,4,13
244,19,5,8
244,19,6,2
244,20,0,4
244,20,1,1
244,20,2,7
244,20,3,8
244,20,4,9
244,20,5,11
244,20,6,4
244,21,0,5
244,21,1,4
244,21,2,4
244,21,3,9
244,21,4,6
244,21,5,8
244,21,6,3
244,22,0,3
244,22,1,4
244,22,2,9
244,22,3,4
244,22,4,4
244,22,5,11
244,22,6,5
244,23,0,5
244,23,1,2
244,23,2,2
244,23,3,1
244,23,4,4
244,23,5,7
244,23,6,2
245,3,3,1
246,0,0,70
246,0,1,20
246,0,2,15
246,0,3,156
246,0,4,75
246,0,5,113
246,0,6,119
246,1,0,49
246,1,1,17
246,1,2,22
246,1,3,148
246,1,4,46
246,1,5,150
246,1,6,166
246,2,0,38
246,2,1,19
246,2,2,21
246,2,3,164
246,2,4,46
246,2,5,184
246,2,6,223
246,3,0,49
246,3,1,10
246,3,2,20
246,3,3,163
246,3,4,40
246,3,5,259
246,3,6,281
246,4,0,14
246,4,1,1
246,4,3,59
246,4,4,22
246,4,5,137
246,4,6,128
246,5,0,3
246,5,1,3
246,5,2,3
246,5,3,10
246,5,4,6
246,5,5,7
246,5,6,3
246,6,0,9
246,6,1,13
246,6,2,7
246,6,3,18
246,6,4,15
246,6,5,10
246,6,6,4
246,7,0,34
246,7,1,70
246,7,2,72
246,7,3,78
246,7,4,50
246,7,5,22
246,7,6,7
246,8,0,89
246,8,1,146
246,8,2,159
246,8,3,147
246,8,4,114
246,8,5,46
246,8,6,30
246,9,0,95
246,9,1,176
246,9,2,148
246,9,3,184
246,9,4,144
246,9,5,93
246,9,6,54
246,10,0,149
246,10,1,252
246,10,2,188
246,10,3,186
246,10,4,185
246,10,5,174
246,10,6,102
246,11,0,220
246,11,1,307
246,11,2,229
246,11,3,237
246,11,4,219
246,11,5,299
246,11,6,202
246,12,0,271
246,12,1,370
246,12,2,237
246,12,3,308
246,12,4,257
246,12,5,437
246,12,6,245
246,13,0,335
246,13,1,404
246,13,2,306
246,13,3,362
246,13,4,321
246,13,5,522
246,13,6,318
246,14,0,363
246,14,1,419
246,14,2,324
246,14,3,395
246,14,4,409
246,14,5,603
246,14,6,308
246,15,0,397
246,15,1,489
246,15,2,344
246,15,3,432
246,15,4,446
246,15,5,641
246,15,6,366
246,16,0,386
246,16,1,514
246,16,2,448
246,16,3,536
246,16,4,536
246,16,5,641
246,16,6,368
246,17,0,426
246,17,1,587
246,17,2,574
246,17,3,721
246,17,4,626
246,17,5,532
246,17,6,342
246,18,0,387
246,18,1,542
246,18,2,592
246,18,3,704
246,18,4,632
246,18,5,534
246,18,6,252
246,19,0,312
246,19,1,366
246,19,2,513
246,19,3,692
246,19,4,520
246,19,5,490
246,19,6,194
246,20,0,243
246,20,1,415
246,20,2,443
246,20,3,552
246,20,4,404
246,20,5,317
246,20,6,155
246,21,0,160
246,21,1,265
246,21,2,356
246,21,3,411
246,21,4,317
246,21,5,322
246,21,6,155
246,22,0,87
246,22,1,131
246,22,2,164
246,22,3,249
246,22,4,230
246,22,5,223
246,22,6,99
246,23,0,35
246,23,1,75
246,23,2,78
246,23,3,147
246,23,4,162
246,23,5,158
246,23,6,69
247,0,4,1
247,1,3,1
247,1,6,1
247,2,4,1
247,3,2,1
247,3,5,1
247,4,0,1
247,4,1,3
247,4,2,2
247,4,3,1
247,4,5,1
247,4,6,1
247,5,0,3
247,5,2,5
247,5,3,2
247,5,4,3
247,5,5,2
247,6,0,6
247,6,1,6
247,6,2,4
247,6,3,9
247,6,4,8
247,6,5,1
247,6,6,3
247,7,0,6
247,7,1,19
247,7,2,14
247,7,3,24
247,7,4,10
247,7,5,3
247,7,6,1
247,8,0,7
247,8,1,13
247,8,2,12
247,8,3,12
247,8,4,17
247,8,5,6
247,8,6,2
247,9,0,3
247,9,1,14
247,9,2,10
247,9,3,11
247,9,4,11
247,9,5,8
247,9,6,5
247,10,0,5
247,10,1,7
247,10,2,7
247,10,3,11
247,10,4,3
247,10,5,9
247,10,6,2
247,11,0,7
247,11,1,3
247,11,2,7
247,11,3,11
247,11,4,7
247,11,5,2
247,11,6,5
247,12,0,5
247,12,1,8
247,12,2,9
247,12,3,11
247,12,4,6
247,12,5,5
247,12,6,3
247,13,0,6
247,13,1,4
247,13,2,4
247,13,3,4
247,13,4,10
247,13,5,4
247,13,6,1
247,14,0,2
247,14,1,6
247,14,2,7
247,14,3,4
247,14,4,6
247,14,5,6
247,14,6,3
247,15,0,3
247,15,1,6
247,15,2,6
247,15,3,4
247,15,4,8
247,15,5,1
247,15,6,1
247,16,0,2
247,16,1,3
247,16,2,4
247,16,3,4
247,16,4,8
247,16,5,7
247,16,6,1
247,17,0,5
247,17,1,9
247,17,2,3
247,17,3,11
247,17,4,7
247,17,5,3
247,17,6,1
247,18,0,3
247,18,1,1
247,18,2,5
247,18,3,5
247,18,4,8
247,18,5,3
247,18,6,1
247,19,0,4
247,19,1,1
247,19,3,2
247,19,4,1
247,19,5,5
247,20,2,1
247,20,3,2
247,20,4,1
247,20,5,1
247,21,2,3
247,21,4,2
247,21,5,3
247,22,5,2
247,22,6,3
247,23,2,2
247,23,4,1
247,23,5,1
247,23,6,2
248,0,3,1
248,1,3,1
248,3,3,1
248,4,0,1
248,4,1,2
248,4,2,1
248,4,3,2
248,4,4,2
248,5,0,5
248,5,1,5
248,5,2,5
248,5,3,6
248,5,4,6
248,6,0,3
248,6,1,4
248,6,2,7
248,6,3,6
248,6,4,6
248,6,5,2
248,7,0,4
248,7,1,9
248,7,2,6
248,7,3,6
248,7,4,6
248,7,5,2
248,7,6,3
248,8,0,2
248,8,1,1
248,8,2,5
248,8,3,9
248,8,4,3
248,8,5,3
248,8,6,2
248,9,0,5
248,9,1,11
248,9,2,2
248,9,3,6
248,9,4,7
248,9,5,2
248,9,6,2
248,10,1,7
248,10,2,2
248,10,3,11
248,10,4,6
248,10,5,5
248,11,1,1
248,11,2,1
248,11,3,3
248,11,4,9
248,11,5,2
248,11,6,3
248,12,0,4
248,12,1,4
248,12,2,2
248,12,3,6
248,12,4,4
248,12,5,5
248,12,6,1
248,13,0,1
248,13,1,6
248,13,2,2
248,13,3,2
248,13,4,3
248,13,5,4
248,13,6,1
248,14,0,2
248,14,1,1
248,14,2,1
248,14,4,2
248,14,5,2
248,14,6,1
248,15,0,4
248,15,2,2
248,15,3,3
248,15,4,4
248,16,0,4
248,16,1,2
248,16,2,2
248,16,3,4
248,16,4,3
248,16,6,1
248,17,0,2
248,17,2,1
248,17,3,1
248,17,4,4
248,17,5,1
248,18,2,3
248,18,3,1
248,18,4,2
248,19,4,1
248,20,1,1
248,20,4,1
248,21,0,2
248,21,1,1
248,21,2,2
248,21,3,4
248,21,4,2
248,21,5,1
248,21,6,2
248,22,1,1
248,22,2,1
248,22,3,2
248,23,4,1
248,23,5,1
249,0,0,140
249,0,1,78
249,0,2,130
249,0,3,341
249,0,4,456
249,0,5,1250
249,0,6,973
249,1,0,110
249,1,1,56
249,1,2,79
249,1,3,217
249,1,4,294
249,1,5,1102
249,1,6,872
249,2,0,61
249,2,1,44
249,2,2,60
249,2,3,196
249,2,4,172
249,2,5,745
249,2,6,606
249,3,0,35
249,3,1,28
249,3,2,33
249,3,3,167
249,3,4,120
249,3,5,448
249,3,6,407
249,4,0,30
249,4,1,19
249,4,2,17
249,4,3,62
249,4,4,47
249,4,5,153
249,4,6,155
249,5,0,14
249,5,1,16
249,5,2,15
249,5,3,27
249,5,4,19
249,5,5,31
249,5,6,22
249,6,0,32
249,6,1,42
249,6,2,34
249,6,3,37
249,6,4,39
249,6,5,16
249,6,6,4
249,7,0,82
249,7,1,128
249,7,2,141
249,7,3,133
249,7,4,103
249,7,5,34
249,7,6,27
249,8,0,137
249,8,1,174
249,8,2,172
249,8,3,166
249,8,4,189
249,8,5,107
249,8,6,45
249,9,0,164
249,9,1,223
249,9,2,222
249,9,3,249
249,9,4,230
249,9,5,166
249,9,6,83
249,10,0,114
249,10,1,188
249,10,2,224
249,10,3,234
249,10,4,230
249,10,5,227
249,10,6,105
249,11,0,145
249,11,1,189
249,11,2,193
249,11,3,245
249,11,4,235
249,11,5,295
249,11,6,163
249,12,0,145
249,12,1,203
249,12,2,165
249,12,3,225
249,12,4,249
249,12,5,362
249,12,6,191
249,13,0,155
249,13,1,180
249,13,2,213
249,13,3,257
249,13,4,277
249,13,5,431
249,13,6,216
249,14,0,192
249,14,1,232
249,14,2,221
249,14,3,293
249,14,4,279
249,14,5,462
249,14,6,242
249,15,0,196
249,15,1,198
249,15,2,232
249,15,3,304
249,15,4,311
249,15,5,545
249,15,6,238
249,16,0,166
249,16,1,179
249,16,2,227
249,16,3,269
249,16,4,336
249,16,5,499
249,16,6,259
249,17,0,180
249,17,1,224
249,17,2,261
249,17,3,302
249,17,4,359
249,17,5,531
249,17,6,229
249,18,0,236
249,18,1,267
249,18,2,306
249,18,3,445
249,18,4,525
249,18,5,625
249,18,6,258
249,19,0,208
249,19,1,267
249,19,2,353
249,19,3,497
249,19,4,595
249,19,5,733
249,19,6,279
249,20,0,241
249,20,1,420
249,20,2,449
249,20,3,620
249,20,4,687
249,20,5,807
249,20,6,275
249,21,0,252
249,21,1,477
249,21,2,516
249,21,3,785
249,21,4,909
249,21,5,931
249,21,6,271
249,22,0,203
249,22,1,344
249,22,2,468
249,22,3,692
249,22,4,960
249,22,5,1072
249,22,6,269
249,23,0,161
249,23,1,264
249,23,2,327
249,23,3,628
249,23,4,1211
249,23,5,1219
249,23,6,222
250,0,3,2
250,1,3,2
250,3,1,1
250,3,2,1
250,4,0,1
250,4,1,3
250,4,3,2
250,5,0,1
250,5,1,3
250,5,2,3
250,5,3,5
250,5,4,9
250,5,5,4
250,6,0,4
250,6,1,6
250,6,2,8
250,6,3,10
250,6,4,10
250,6,5,2
250,6,6,1
250,7,0,6
250,7,1,9
250,7,2,11
250,7,3,7
250,7,4,9
250,7,5,3
250,7,6,2
250,8,0,1
250,8,1,3
250,8,2,5
250,8,3,8
250,8,4,4
250,8,5,4
250,8,6,3
250,9,0,1
250,9,1,1
250,9,2,2
250,9,3,7
250,9,4,3
250,9,6,2
250,10,0,3
250,10,1,1
250,10,2,4
250,10,3,8
250,10,4,6
250,10,5,3
250,10,6,1
250,11,1,1
250,11,2,3
250,11,3,4
250,11,4,8
250,11,5,3
250,12,0,4
250,12,1,4
250,12,2,3
250,12,3,2
250,12,4,3
250,12,5,2
250,12,6,1
250,13,0,1
250,13,1,2
250,13,2,4
250,13,3,3
250,13,4,3
250,13,5,2
250,14,0,4
250,14,1,7
250,14,4,5
250,14,5,3
250,15,0,1
250,15,1,4
250,15,2,5
250,15,3,6
250,15,4,6
250,15,5,1
250,16,0,5
250,16,1,7
250,16,2,7
250,16,3,6
250,16,4,5
250,16,5,1
250,16,6,1
250,17,0,5
250,17,1,2
250,17,2,6
250,17,3,2
250,17,4,2
250,18,0,1
250,18,1,2
250,18,2,4
250,18,3,6
250,18,4,6
250,18,5,2
250,19,1,1
250,19,3,2
250,19,6,1
250,20,3,2
250,20,4,1
250,21,0,1
250,21,1,1
250,21,4,1
250,22,1,1
250,22,2,1
250,22,4,3
250,22,5,1
250,23,3,1
251,8,6,1
251,10,4,1
251,11,1,1
251,15,3,1
251,15,4,2
252,0,6,1
252,4,2,1
252,4,3,2
252,4,4,2
252,4,5,1
252,5,0,2
252,5,1,1
252,5,2,4
252,5,3,1
252,5,4,3
252,6,0,1
252,6,3,1
252,6,4,1
252,7,1,1
252,7,2,1
252,7,3,1
252,7,6,1
252,8,0,1
252,8,1,2
252,8,4,1
252,9,2,1
252,9,3,2
252,9,4,2
252,10,1,1
252,10,2,1
252,10,3,1
252,10,4,3
252,10,5,1
252,10,6,2
252,11,1,1
252,11,2,1
252,11,3,2
252,11,4,1
252,11,6,2
252,12,0,3
252,12,1,1
252,12,3,2
252,12,4,1
252,12,5,2
252,12,6,1
252,13,4,2
252,13,5,5
252,14,2,1
252,14,4,1
252,14,5,4
252,15,0,1
252,15,2,1
252,15,4,1
252,16,4,1
252,17,0,3
252,17,2,2
252,17,3,1
252,17,5,1
252,18,0,1
252,18,1,2
252,18,2,1
252,18,4,1
252,19,1,2
252,19,2,3
252,19,3,4
252,19,4,1
252,20,2,1
252,21,0,1
252,21,1,1
252,22,3,2
252,22,4,1
252,22,5,1
252,23,1,1
252,23,6,1
253,6,2,1
253,10,3,1
253,11,3,1
253,19,1,1
253,22,1,1
254,0,0,1
254,0,3,2
254,1,3,1
254,2,4,1
254,3,3,1
254,3,4,2
254,4,1,5
254,4,2,5
254,4,3,4
254,4,4,2
254,4,5,1
254,5,0,11
254,5,1,11
254,5,2,9
254,5,3,7
254,5,4,13
254,5,5,3
254,5,6,2
254,6,0,9
254,6,1,22
254,6,2,18
254,6,3,14
254,6,4,21
254,6,5,1
254,6,6,3
254,7,0,9
254,7,1,12
254,7,2,19
254,7,3,16
254,7,4,25
254,7,5,2
254,7,6,2
254,8,0,10
254,8,1,17
254,8,2,18
254,8,3,11
254,8,4,12
254,8,5,13
254,8,6,4
254,9,0,5
254,9,1,10
254,9,2,7
254,9,3,9
254,9,4,11
254,9,5,9
254,9,6,6
254,10,0,8
254,10,1,11
254,10,2,11
254,10,3,17
254,10,4,11
254,10,5,9
254,10,6,4
254,11,0,4
254,11,1,12
254,11,2,13
254,11,3,12
254,11,4,7
254,11,5,6
254,11,6,6
254,12,0,3
254,12,1,2
254,12,2,9
254,12,3,6
254,12,4,11
254,12,5,7
254,12,6,2
254,13,0,7
254,13,1,7
254,13,2,4
254,13,3,5
254,13,4,10
254,13,5,7
254,13,6,6
254,14,0,6
254,14,1,1
254,14,2,9
254,14,3,3
254,14,4,6
254,14,5,3
254,14,6,2
254,15,0,7
254,15,1,6
254,15,2,14
254,15,3,2
254,15,4,6
254,15,5,1
254,15,6,5
254,16,1,1
254,16,2,2
254,16,3,1
254,16,4,7
254,16,5,5
254,16,6,3
254,17,0,1
254,17,1,2
254,17,2,3
254,17,3,5
254,17,4,6
254,17,5,4
254,18,0,2
254,18,1,2
254,18,2,1
254,18,3,1
254,18,4,3
254,18,5,1
254,18,6,2
254,19,0,4
254,19,1,3
254,19,2,2
254,19,3,4
254,19,4,1
254,19,5,3
254,19,6,2
254,20,2,1
254,20,3,2
254,20,4,1
254,20,5,2
254,20,6,4
254,21,1,1
254,21,2,2
254,21,5,3
254,22,0,3
254,22,1,1
254,22,2,2
254,22,3,1
254,22,4,4
254,22,5,1
254,23,2,2
254,23,4,5
255,0,0,6
255,0,1,3
255,0,2,8
255,0,3,12
255,0,4,12
255,0,5,18
255,0,6,25
255,1,0,1
255,1,1,1
255,1,2,3
255,1,3,10
255,1,4,10
255,1,5,28
255,1,6,28
255,2,0,2
255,2,1,1
255,2,2,1
255,2,3,24
255,2,4,4
255,2,5,13
255,2,6,13
255,3,3,6
255,3,4,5
255,3,5,10
255,3,6,15
255,4,1,1
255,4,2,2
255,4,3,4
255,4,4,2
255,4,5,6
255,4,6,10
255,5,3,3
255,5,4,1
255,6,6,1
255,7,1,1
255,7,2,1
255,7,4,2
255,7,5,1
255,7,6,2
255,8,4,2
255,8,5,4
255,9,0,1
255,9,1,2
255,9,2,1
255,9,3,2
255,9,4,2
255,9,5,2
255,10,3,5
255,10,4,2
255,10,5,2
255,10,6,1
255,11,0,1
255,11,1,1
255,11,3,1
255,11,4,1
255,11,5,3
255,11,6,3
255,12,1,2
255,12,2,1
255,12,3,1
255,12,4,5
255,12,5,3
255,12,6,3
255,13,0,3
255,13,1,2
255,13,2,4
255,13,3,1
255,13,4,9
255,13,5,5
255,13,6,2
255,14,0,2
255,14,1,4
255,14,2,1
255,14,3,1
255,14,5,4
255,14,6,4
255,15,0,2
255,15,1,1
255,15,2,3
255,15,3,1
255,15,4,3
255,15,6,5
255,16,0,1
255,16,4,4
255,16,5,7
255,16,6,1
255,17,0,2
255,17,1,2
255,17,2,3
255,17,3,7
255,17,4,6
255,17,5,5
255,17,6,1
255,18,0,2
255,18,1,5
255,18,2,3
255,18,3,2
255,18,4,3
255,18,5,9
255,18,6,3
255,19,0,1
255,19,1,3
255,19,2,3
255,19,3,6
255,19,4,2
255,19,5,6
255,19,6,9
255,20,0,3
255,20,1,4
255,20,2,3
255,20,3,7
255,20,4,6
255,20,5,11
255,20,6,6
255,21,0,3
255,21,1,4
255,21,2,3
255,21,3,7
255,21,4,13
255,21,5,19
255,21,6,4
255,22,1,9
255,22,2,9
255,22,3,7
255,22,4,20
255,22,5,22
255,22,6,5
255,23,0,1
255,23,1,5
255,23,2,7
255,23,3,12
255,23,4,17
255,23,5,26
255,23,6,3
256,0,0,3
256,0,1,3
256,0,2,1
256,0,3,5
256,0,4,8
256,0,5,6
256,0,6,5
256,1,0,3
256,1,1,2
256,1,2,3
256,1,3,5
256,1,4,6
256,1,5,8
256,1,6,10
256,2,3,25
256,2,4,2
256,2,5,6
256,2,6,13
256,3,0,1
256,3,2,1
256,3,3,9
256,3,4,2
256,3,5,7
256,3,6,10
256,4,3,6
256,4,4,1
256,4,5,6
256,4,6,4
256,5,0,1
256,5,1,1
256,5,2,1
256,5,3,2
256,5,4,1
256,5,6,1
256,6,0,1
256,6,2,3
256,6,3,3
256,6,4,2
256,6,5,4
256,6,6,1
256,7,0,3
256,7,1,1
256,7,2,3
256,7,3,2
256,7,4,4
256,7,5,2
256,7,6,3
256,8,0,3
256,8,1,9
256,8,2,3
256,8,3,8
256,8,4,3
256,8,5,1
256,8,6,1
256,9,0,4
256,9,1,3
256,9,2,9
256,9,3,5
256,9,4,5
256,9,5,1
256,9,6,2
256,10,0,4
256,10,1,6
256,10,2,5
256,10,3,1
256,10,4,6
256,10,5,2
256,10,6,2
256,11,0,1
256,11,1,3
256,11,2,4
256,11,3,4
256,11,4,2
256,11,5,5
256,11,6,1
256,12,0,5
256,12,1,3
256,12,2,2
256,12,3,3
256,12,4,9
256,12,5,1
256,12,6,3
256,13,0,3
256,13,1,4
256,13,2,1
256,13,3,2
256,13,4,6
256,13,5,3
256,13,6,3
256,14,0,3
256,14,1,2
256,14,2,4
256,14,3,1
256,14,4,5
256,14,5,9
256,14,6,4
256,15,0,2
256,15,1,2
256,15,2,3
256,15,3,5
256,15,4,3
256,15,5,8
256,15,6,4
256,16,0,1
256,16,1,7
256,16,2,4
256,16,3,8
256,16,4,8
256,16,5,1
256,16,6,1
256,17,0,6
256,17,1,3
256,17,2,4
256,17,3,3
256,17,4,3
256,17,5,7
256,17,6,3
256,18,0,5
256,18,1,3
256,18,2,3
256,18,3,4
256,18,4,9
256,18,5,4
256,18,6,2
256,19,0,5
256,19,1,4
256,19,2,8
256,19,3,5
256,19,4,8
256,19,5,4
256,19,6,3
256,20,0,2
256,20,1,3
256,20,2,2
256,20,3,9
256,20,4,9
256,20,5,10
256,20,6,2
256,21,0,2
256,21,1,2
256,21,2,4
256,21,3,2
256,21,4,12
256,21,5,7
256,21,6,3
256,22,0,6
256,22,1,1
256,22,2,5
256,22,3,9
256,22,4,9
256,22,5,11
256,22,6,4
256,23,0,1
256,23,1,2
256,23,2,3
256,23,3,4
256,23,4,8
256,23,5,9
256,23,6,5
257,0,2,1
257,0,5,1
257,1,3,1
257,2,0,1
257,4,2,1
257,5,1,5
257,5,3,4
257,5,5,2
257,5,6,3
257,6,0,1
257,6,1,2
257,6,2,1
257,6,3,3
257,6,4,3
257,7,1,2
257,7,2,4
257,7,3,2
257,7,4,1
257,7,6,1
257,8,0,1
257,8,1,4
257,8,2,5
257,8,3,2
257,8,4,6
257,8,5,4
257,8,6,3
257,9,0,6
257,9,1,1
257,9,2,3
257,9,3,3
257,9,4,4
257,9,5,1
257,9,6,2
257,10,0,1
257,10,1,3
257,10,2,4
257,10,3,2
257,10,5,2
257,11,0,1
257,11,2,4
257,11,3,1
257,11,4,3
257,11,5,1
257,11,6,1
257,12,0,3
257,12,1,2
257,12,3,1
257,12,4,3
257,12,5,1
257,13,0,1
257,13,1,1
257,13,2,2
257,13,3,2
257,13,4,2
257,13,5,3
257,14,1,2
257,14,2,4
257,14,3,3
257,14,4,3
257,14,5,1
257,15,1,2
257,15,4,3
257,15,6,1
257,16,2,2
257,17,1,1
257,17,2,1
257,17,3,2
257,18,1,3
257,18,2,1
257,18,4,2
257,18,5,2
257,19,2,2
257,19,3,1
257,19,6,1
257,20,0,1
257,20,1,1
257,20,2,2
257,20,4,1
257,20,5,1
257,21,4,3
257,22,6,1
258,0,0,1
258,0,1,1
258,3,2,2
258,3,5,2
258,4,0,1
258,4,2,2
258,5,1,4
258,5,2,3
258,5,3,3
258,5,4,1
258,5,6,1
258,6,0,7
258,6,1,8
258,6,2,10
258,6,3,9
258,6,4,10
258,6,6,1
258,7,0,5
258,7,1,5
258,7,3,1
258,7,4,4
258,7,6,1
258,8,0,2
258,8,1,5
258,8,2,10
258,8,3,6
258,8,4,8
258,8,5,5
258,8,6,2
258,9,0,4
258,9,1,4
258,9,2,7
258,9,3,7
258,9,4,7
258,9,5,4
258,9,6,1
258,10,0,1
258,10,1,1
258,10,2,4
258,10,3,7
258,10,4,9
258,10,5,3
258,10,6,3
258,11,1,6
258,11,2,2
258,11,3,2
258,11,4,4
258,11,5,4
258,11,6,1
258,12,0,6
258,12,1,2
258,12,2,4
258,12,3,3
258,12,4,1
258,12,6,3
258,13,1,6
258,13,2,3
258,13,3,4
258,13,4,6
258,13,5,3
258,13,6,1
258,14,0,1
258,14,1,2
258,14,2,2
258,14,3,4
258,14,4,2
258,14,5,2
258,15,0,2
258,15,1,2
258,15,2,4
258,15,3,2
258,15,4,2
258,15,5,1
258,15,6,2
258,16,1,2
258,16,2,5
258,16,4,3
258,16,5,2
258,16,6,5
258,17,0,2
258,17,3,1
258,17,4,2
258,17,5,2
258,17,6,2
258,18,0,1
258,18,3,1
258,18,4,2
258,18,5,4
258,19,1,1
258,19,4,2
258,19,5,1
258,20,2,2
258,20,3,1
258,20,4,2
258,20,5,1
258,21,0,1
258,21,5,1
258,21,6,1
258,22,6,1
259,0,5,1
259,4,0,4
259,4,1,4
259,4,2,5
259,4,3,4
259,4,4,3
259,5,0,4
259,5,1,9
259,5,2,6
259,5,3,8
259,5,4,4
259,5,5,3
259,6,0,8
259,6,1,17
259,6,2,15
259,6,3,18
259,6,4,25
259,6,5,1
259,6,6,1
259,7,0,3
259,7,1,8
259,7,2,13
259,7,3,7
259,7,4,9
259,7,5,6
259,7,6,5
259,8,0,7
259,8,1,4
259,8,2,7
259,8,3,6
259,8,4,9
259,8,5,4
259,9,0,4
259,9,1,8
259,9,2,3
259,9,3,6
259,9,4,5
259,9,5,7
259,9,6,4
259,10,0,3
259,10,1,7
259,10,2,7
259,10,3,5
259,10,4,7
259,10,5,2
259,10,6,3
259,11,1,5
259,11,2,9
259,11,3,3
259,11,4,3
259,11,5,3
259,12,0,2
259,12,1,6
259,12,2,4
259,12,3,4
259,12,4,7
259,12,5,4
259,13,0,3
259,13,2,2
259,13,3,3
259,13,5,1
259,14,0,1
259,14,2,3
259,14,3,4
259,14,5,3
259,14,6,1
259,15,1,3
259,15,2,4
259,15,3,1
259,15,4,2
259,15,5,3
259,15,6,2
259,16,0,4
259,16,1,2
259,16,2,7
259,16,3,6
259,16,4,7
259,16,5,2
259,16,6,1
259,17,1,2
259,17,2,6
259,17,3,2
259,17,4,1
259,17,5,1
259,17,6,1
259,18,2,1
259,18,4,3
259,18,5,1
259,18,6,1
259,19,1,1
259,19,3,1
259,19,4,5
259,19,6,1
259,20,0,1
259,20,2,1
259,20,3,1
259,20,6,1
259,21,1,1
259,22,3,1
259,22,4,2
259,22,5,1
259,23,4,1
259,23,5,2
260,0,0,2
260,0,1,1
260,0,2,1
260,0,3,2
260,0,4,2
260,0,5,1
260,0,6,2
260,1,2,1
260,1,5,2
260,1,6,1
260,2,0,1
260,2,1,1
260,2,3,2
260,2,5,3
260,2,6,2
260,3,0,1
260,3,4,1
260,3,6,1
260,4,1,3
260,4,2,5
260,4,3,1
260,4,4,2
260,4,5,4
260,4,6,1
260,5,0,4
260,5,1,4
260,5,2,2
260,5,3,1
260,5,4,4
260,5,6,1
260,6,0,3
260,6,1,2
260,6,2,5
260,6,3,7
260,6,4,9
260,6,5,1
260,7,0,5
260,7,1,6
260,7,2,11
260,7,3,7
260,7,4,12
260,7,5,4
260,7,6,3
260,8,0,2
260,8,1,7
260,8,2,8
260,8,3,11
260,8,4,12
260,8,5,3
260,8,6,6
260,9,0,7
260,9,1,4
260,9,2,12
260,9,3,11
260,9,4,8
260,9,5,3
260,9,6,2
260,10,0,8
260,10,1,3
260,10,2,11
260,10,3,6
260,10,4,6
260,10,5,4
260,10,6,4
260,11,0,3
260,11,1,1
260,11,2,3
260,11,3,5
260,11,4,10
260,11,5,4
260,11,6,2
260,12,0,8
260,12,1,3
260,12,2,3
260,12,3,6
260,12,4,4
260,12,5,3
260,12,6,2
260,13,0,7
260,13,1,5
260,13,2,4
260,13,3,1
260,13,4,7
260,13,5,6
260,13,6,5
260,14,0,5
260,14,1,4
260,14,2,2
260,14,3,3
260,14,4,5
260,14,5,3
260,14,6,5
260,15,0,3
260,15,1,6
260,15,2,6
260,15,3,8
260,15,4,5
260,15,5,4
260,15,6,6
260,16,0,5
260,16,1,5
260,16,2,9
260,16,3,8
260,16,4,5
260,16,5,8
260,16,6,4
260,17,0,7
260,17,1,3
260,17,2,4
260,17,3,4
260,17,4,6
260,17,5,7
260,17,6,4
260,18,0,4
260,18,1,3
260,18,2,3
260,18,3,4
260,18,4,4
260,18,5,5
260,18,6,4
260,19,0,3
260,19,2,2
260,19,3,2
260,19,4,3
260,19,5,2
260,19,6,3
260,20,0,5
260,20,1,3
260,20,2,5
260,20,4,5
260,20,5,1
260,20,6,4
260,21,0,3
260,21,1,2
260,21,2,2
260,21,3,3
260,21,4,3
260,21,5,4
260,22,0,3
260,22,1,4
260,22,2,5
260,22,3,2
260,22,4,2
260,22,5,1
260,22,6,1
260,23,0,4
260,23,1,4
260,23,3,3
260,23,4,5
260,23,5,2
261,0,0,12
261,0,1,3
261,0,2,6
261,0,3,42
261,0,4,23
261,0,5,32
261,0,6,27
261,1,2,6
261,1,3,19
261,1,4,7
261,1,5,20
261,1,6,19
261,2,0,1
261,2,2,1
261,2,3,13
261,2,4,5
261,2,5,8
261,2,6,8
261,3,0,2
261,3,3,5
261,3,4,3
261,3,5,4
261,3,6,7
261,4,1,4
261,4,2,3
261,4,3,6
261,4,4,7
261,4,5,7
261,4,6,7
261,5,0,1
261,5,1,5
261,5,2,2
261,5,3,9
261,5,4,5
261,5,5,1
261,6,0,3
261,6,1,3
261,6,2,3
261,6,3,13
261,6,5,9
261,6,6,4
261,7,0,10
261,7,1,12
261,7,2,10
261,7,3,18
261,7,4,14
261,7,5,12
261,7,6,7
261,8,0,22
261,8,1,25
261,8,2,27
261,8,3,33
261,8,4,27
261,8,5,17
261,8,6,15
261,9,0,39
261,9,1,47
261,9,2,41
261,9,3,45
261,9,4,42
261,9,5,46
261,9,6,23
261,10,0,42
261,10,1,34
261,10,2,48
261,10,3,57
261,10,4,69
261,10,5,77
261,10,6,40
261,11,0,46
261,11,1,55
261,11,2,64
261,11,3,72
261,11,4,79
261,11,5,113
261,11,6,67
261,12,0,54
261,12,1,65
261,12,2,89
261,12,3,87
261,12,4,103
261,12,5,120
261,12,6,82
261,13,0,59
261,13,1,64
261,13,2,91
261,13,3,113
261,13,4,127
261,13,5,141
261,13,6,94
261,14,0,73
261,14,1,85
261,14,2,108
261,14,3,137
261,14,4,138
261,14,5,128
261,14,6,103
261,15,0,89
261,15,1,83
261,15,2,117
261,15,3,148
261,15,4,132
261,15,5,159
261,15,6,89
261,16,0,101
261,16,1,110
261,16,2,147
261,16,3,121
261,16,4,153
261,16,5,149
261,16,6,98
261,17,0,119
261,17,1,128
261,17,2,136
261,17,3,182
261,17,4,143
261,17,5,154
261,17,6,71
261,18,0,100
261,18,1,148
261,18,2,148
261,18,3,183
261,18,4,137
261,18,5,137
261,18,6,51
261,19,0,68
261,19,1,101
261,19,2,106
261,19,3,141
261,19,4,128
261,19,5,75
261,19,6,42
261,20,0,37
261,20,1,63
261,20,2,101
261,20,3,121
261,20,4,80
261,20,5,72
261,20,6,20
261,21,0,21
261,21,1,46
261,21,2,65
261,21,3,97
261,21,4,67
261,21,5,62
261,21,6,16
261,22,0,25
261,22,1,36
261,22,2,52
261,22,3,61
261,22,4,57
261,22,5,55
261,22,6,18
261,23,0,14
261,23,1,30
261,23,2,24
261,23,3,43
261,23,4,52
261,23,5,40
261,23,6,15
262,0,0,9
262,0,1,9
262,0,2,10
262,0,3,66
262,0,4,8
262,0,5,43
262,0,6,35
262,1,0,3
262,1,1,4
262,1,2,1
262,1,3,39
262,1,4,7
262,1,5,24
262,1,6,24
262,2,0,2
262,2,1,2
262,2,2,1
262,2,3,24
262,2,4,7
262,2,5,17
262,2,6,14
262,3,0,2
262,3,1,3
262,3,2,3
262,3,3,18
262,3,4,9
262,3,5,10
262,3,6,12
262,4,0,16
262,4,1,10
262,4,2,15
262,4,3,23
262,4,4,15
262,4,5,15
262,4,6,10
262,5,0,26
262,5,1,34
262,5,2,39
262,5,3,55
262,5,4,48
262,5,5,28
262,5,6,12
262,6,0,100
262,6,1,177
262,6,2,176
262,6,3,184
262,6,4,199
262,6,5,48
262,6,6,26
262,7,0,236
262,7,1,358
262,7,2,361
262,7,3,398
262,7,4,449
262,7,5,144
262,7,6,72
262,8,0,301
262,8,1,352
262,8,2,341
262,8,3,400
262,8,4,473
262,8,5,237
262,8,6,115
262,9,0,298
262,9,1,331
262,9,2,378
262,9,3,440
262,9,4,497
262,9,5,355
262,9,6,162
262,10,0,268
262,10,1,415
262,10,2,382
262,10,3,452
262,10,4,465
262,10,5,423
262,10,6,216
262,11,0,275
262,11,1,344
262,11,2,353
262,11,3,378
262,11,4,422
262,11,5,373
262,11,6,216
262,12,0,297
262,12,1,342
262,12,2,357
262,12,3,409
262,12,4,430
262,12,5,461
262,12,6,228
262,13,0,228
262,13,1,278
262,13,2,306
262,13,3,327
262,13,4,356
262,13,5,359
262,13,6,199
262,14,0,234
262,14,1,298
262,14,2,293
262,14,3,342
262,14,4,373
262,14,5,336
262,14,6,192
262,15,0,304
262,15,1,352
262,15,2,445
262,15,3,471
262,15,4,545
262,15,5,353
262,15,6,174
262,16,0,241
262,16,1,324
262,16,2,373
262,16,3,431
262,16,4,394
262,16,5,314
262,16,6,139
262,17,0,249
262,17,1,362
262,17,2,393
262,17,3,455
262,17,4,466
262,17,5,318
262,17,6,138
262,18,0,236
262,18,1,331
262,18,2,355
262,18,3,406
262,18,4,456
262,18,5,345
262,18,6,126
262,19,0,145
262,19,1,176
262,19,2,227
262,19,3,254
262,19,4,307
262,19,5,225
262,19,6,91
262,20,0,75
262,20,1,107
262,20,2,145
262,20,3,173
262,20,4,181
262,20,5,161
262,20,6,69
262,21,0,56
262,21,1,77
262,21,2,79
262,21,3,116
262,21,4,166
262,21,5,130
262,21,6,30
262,22,0,33
262,22,1,34
262,22,2,51
262,22,3,59
262,22,4,95
262,22,5,96
262,22,6,22
262,23,0,30
262,23,1,21
262,23,2,13
262,23,3,33
262,23,4,74
262,23,5,78
262,23,6,20
263,0,0,50
263,0,1,24
263,0,2,31
263,0,3,229
263,0,4,119
263,0,5,292
263,0,6,261
263,1,0,21
263,1,1,17
263,1,2,12
263,1,3,179
263,1,4,52
263,1,5,199
263,1,6,170
263,2,0,19
263,2,1,4
263,2,2,15
263,2,3,162
263,2,4,39
263,2,5,123
263,2,6,124
263,3,0,10
263,3,1,6
263,3,2,9
263,3,3,75
263,3,4,24
263,3,5,82
263,3,6,61
263,4,0,11
263,4,1,17
263,4,2,14
263,4,3,74
263,4,4,23
263,4,5,46
263,4,6,48
263,5,0,45
263,5,1,51
263,5,2,56
263,5,3,70
263,5,4,64
263,5,5,38
263,5,6,32
263,6,0,112
263,6,1,123
263,6,2,165
263,6,3,184
263,6,4,153
263,6,5,81
263,6,6,48
263,7,0,205
263,7,1,299
263,7,2,313
263,7,3,360
263,7,4,354
263,7,5,155
263,7,6,65
263,8,0,283
263,8,1,306
263,8,2,309
263,8,3,386
263,8,4,416
263,8,5,255
263,8,6,112
263,9,0,292
263,9,1,321
263,9,2,329
263,9,3,373
263,9,4,460
263,9,5,405
263,9,6,177
263,10,0,314
263,10,1,397
263,10,2,357
263,10,3,403
263,10,4,480
263,10,5,533
263,10,6,270
263,11,0,324
263,11,1,363
263,11,2,368
263,11,3,424
263,11,4,502
263,11,5,507
263,11,6,281
263,12,0,327
263,12,1,327
263,12,2,374
263,12,3,417
263,12,4,451
263,12,5,599
263,12,6,307
263,13,0,314
263,13,1,349
263,13,2,386
263,13,3,419
263,13,4,479
263,13,5,611
263,13,6,308
263,14,0,340
263,14,1,352
263,14,2,405
263,14,3,449
263,14,4,541
263,14,5,558
263,14,6,296
263,15,0,334
263,15,1,409
263,15,2,432
263,15,3,534
263,15,4,566
263,15,5,514
263,15,6,277
263,16,0,383
263,16,1,458
263,16,2,395
263,16,3,521
263,16,4,564
263,16,5,513
263,16,6,245
263,17,0,305
263,17,1,480
263,17,2,448
263,17,3,542
263,17,4,612
263,17,5,525
263,17,6,271
263,18,0,320
263,18,1,452
263,18,2,579
263,18,3,546
263,18,4,712
263,18,5,547
263,18,6,247
263,19,0,255
263,19,1,357
263,19,2,410
263,19,3,481
263,19,4,579
263,19,5,568
263,19,6,262
263,20,0,250
263,20,1,371
263,20,2,361
263,20,3,461
263,20,4,461
263,20,5,488
263,20,6,215
263,21,0,206
263,21,1,324
263,21,2,333
263,21,3,461
263,21,4,478
263,21,5,497
263,21,6,168
263,22,0,129
263,22,1,187
263,22,2,238
263,22,3,343
263,22,4,493
263,22,5,533
263,22,6,143
263,23,0,70
263,23,1,68
263,23,2,90
263,23,3,188
263,23,4,349
263,23,5,438
263,23,6,65
